2026-01-12 14:00:35.809 INFO  [main] com.study.StudyAbroadApplication : Starting StudyAbroadApplication using Java 21.0.6 with PID 16585 (/Users/chenxiwen/code/web1/xingyingmei/target/classes started by chenxiwen in /Users/chenxiwen/code/web1/xingyingmei)
2026-01-12 14:00:35.812 DEBUG [main] com.study.StudyAbroadApplication : Running with Spring Boot v3.5.9, Spring v6.2.15
2026-01-12 14:00:35.812 INFO  [main] com.study.StudyAbroadApplication : No active profile set, falling back to 1 default profile: "default"
2026-01-12 14:00:36.146 INFO  [main] o.s.d.r.c.RepositoryConfigurationDelegate : Bootstrapping Spring Data JPA repositories in DEFAULT mode.
2026-01-12 14:00:36.183 INFO  [main] o.s.d.r.c.RepositoryConfigurationDelegate : Finished Spring Data repository scanning in 33 ms. Found 7 JPA repository interfaces.
2026-01-12 14:00:36.224 DEBUG [main] o.apache.ibatis.logging.LogFactory : Logging initialized using 'class org.apache.ibatis.logging.slf4j.Slf4jImpl' adapter.
2026-01-12 14:00:36.228 DEBUG [main] o.m.s.mapper.ClassPathMapperScanner : Identified candidate component class: file [/Users/chenxiwen/code/web1/xingyingmei/target/classes/com/study/service/application/ApplicationMapper.class]
2026-01-12 14:00:36.228 DEBUG [main] o.m.s.mapper.ClassPathMapperScanner : Identified candidate component class: file [/Users/chenxiwen/code/web1/xingyingmei/target/classes/com/study/service/applicationschool/ApplicationSchoolMapper.class]
2026-01-12 14:00:36.228 DEBUG [main] o.m.s.mapper.ClassPathMapperScanner : Identified candidate component class: file [/Users/chenxiwen/code/web1/xingyingmei/target/classes/com/study/service/consultation/ConsultationMapper.class]
2026-01-12 14:00:36.228 DEBUG [main] o.m.s.mapper.ClassPathMapperScanner : Identified candidate component class: file [/Users/chenxiwen/code/web1/xingyingmei/target/classes/com/study/service/faculty/FacultyMapper.class]
2026-01-12 14:00:36.228 DEBUG [main] o.m.s.mapper.ClassPathMapperScanner : Identified candidate component class: file [/Users/chenxiwen/code/web1/xingyingmei/target/classes/com/study/service/files/FileMapper.class]
2026-01-12 14:00:36.228 DEBUG [main] o.m.s.mapper.ClassPathMapperScanner : Identified candidate component class: file [/Users/chenxiwen/code/web1/xingyingmei/target/classes/com/study/service/imagesload/ImageMapper.class]
2026-01-12 14:00:36.228 DEBUG [main] o.m.s.mapper.ClassPathMapperScanner : Identified candidate component class: file [/Users/chenxiwen/code/web1/xingyingmei/target/classes/com/study/service/major/MajorMapper.class]
2026-01-12 14:00:36.228 DEBUG [main] o.m.s.mapper.ClassPathMapperScanner : Identified candidate component class: file [/Users/chenxiwen/code/web1/xingyingmei/target/classes/com/study/service/matching/rules/UkSchoolGroupFallbackMapper.class]
2026-01-12 14:00:36.228 DEBUG [main] o.m.s.mapper.ClassPathMapperScanner : Identified candidate component class: file [/Users/chenxiwen/code/web1/xingyingmei/target/classes/com/study/service/matching/rules/UkSchoolRequirementMapper.class]
2026-01-12 14:00:36.228 DEBUG [main] o.m.s.mapper.ClassPathMapperScanner : Identified candidate component class: file [/Users/chenxiwen/code/web1/xingyingmei/target/classes/com/study/service/matching/rules/UkSchoolUndergradGroupMapper.class]
2026-01-12 14:00:36.228 DEBUG [main] o.m.s.mapper.ClassPathMapperScanner : Identified candidate component class: file [/Users/chenxiwen/code/web1/xingyingmei/target/classes/com/study/service/matching/rules/UndergradSchoolMapper.class]
2026-01-12 14:00:36.228 DEBUG [main] o.m.s.mapper.ClassPathMapperScanner : Identified candidate component class: file [/Users/chenxiwen/code/web1/xingyingmei/target/classes/com/study/service/message/MessageMapper.class]
2026-01-12 14:00:36.228 DEBUG [main] o.m.s.mapper.ClassPathMapperScanner : Identified candidate component class: file [/Users/chenxiwen/code/web1/xingyingmei/target/classes/com/study/service/news/NewsMapper.class]
2026-01-12 14:00:36.228 DEBUG [main] o.m.s.mapper.ClassPathMapperScanner : Identified candidate component class: file [/Users/chenxiwen/code/web1/xingyingmei/target/classes/com/study/service/schools/SchoolMapper.class]
2026-01-12 14:00:36.228 DEBUG [main] o.m.s.mapper.ClassPathMapperScanner : Identified candidate component class: file [/Users/chenxiwen/code/web1/xingyingmei/target/classes/com/study/service/students/StudentMapper.class]
2026-01-12 14:00:36.228 DEBUG [main] o.m.s.mapper.ClassPathMapperScanner : Identified candidate component class: file [/Users/chenxiwen/code/web1/xingyingmei/target/classes/com/study/service/user/UserMapper.class]
2026-01-12 14:00:36.229 DEBUG [main] o.m.s.mapper.ClassPathMapperScanner : Creating MapperFactoryBean with name 'applicationMapper' and 'com.study.service.application.ApplicationMapper' mapperInterface
2026-01-12 14:00:36.229 DEBUG [main] o.m.s.mapper.ClassPathMapperScanner : Enabling autowire by type for MapperFactoryBean with name 'applicationMapper'.
2026-01-12 14:00:36.229 DEBUG [main] o.m.s.mapper.ClassPathMapperScanner : Creating MapperFactoryBean with name 'applicationSchoolMapper' and 'com.study.service.applicationschool.ApplicationSchoolMapper' mapperInterface
2026-01-12 14:00:36.230 DEBUG [main] o.m.s.mapper.ClassPathMapperScanner : Enabling autowire by type for MapperFactoryBean with name 'applicationSchoolMapper'.
2026-01-12 14:00:36.230 DEBUG [main] o.m.s.mapper.ClassPathMapperScanner : Creating MapperFactoryBean with name 'consultationMapper' and 'com.study.service.consultation.ConsultationMapper' mapperInterface
2026-01-12 14:00:36.230 DEBUG [main] o.m.s.mapper.ClassPathMapperScanner : Enabling autowire by type for MapperFactoryBean with name 'consultationMapper'.
2026-01-12 14:00:36.230 DEBUG [main] o.m.s.mapper.ClassPathMapperScanner : Creating MapperFactoryBean with name 'facultyMapper' and 'com.study.service.faculty.FacultyMapper' mapperInterface
2026-01-12 14:00:36.230 DEBUG [main] o.m.s.mapper.ClassPathMapperScanner : Enabling autowire by type for MapperFactoryBean with name 'facultyMapper'.
2026-01-12 14:00:36.232 DEBUG [main] o.m.s.mapper.ClassPathMapperScanner : Creating MapperFactoryBean with name 'fileMapper' and 'com.study.service.files.FileMapper' mapperInterface
2026-01-12 14:00:36.232 DEBUG [main] o.m.s.mapper.ClassPathMapperScanner : Enabling autowire by type for MapperFactoryBean with name 'fileMapper'.
2026-01-12 14:00:36.232 DEBUG [main] o.m.s.mapper.ClassPathMapperScanner : Creating MapperFactoryBean with name 'imageMapper' and 'com.study.service.imagesload.ImageMapper' mapperInterface
2026-01-12 14:00:36.233 DEBUG [main] o.m.s.mapper.ClassPathMapperScanner : Enabling autowire by type for MapperFactoryBean with name 'imageMapper'.
2026-01-12 14:00:36.234 DEBUG [main] o.m.s.mapper.ClassPathMapperScanner : Creating MapperFactoryBean with name 'majorMapper' and 'com.study.service.major.MajorMapper' mapperInterface
2026-01-12 14:00:36.234 DEBUG [main] o.m.s.mapper.ClassPathMapperScanner : Enabling autowire by type for MapperFactoryBean with name 'majorMapper'.
2026-01-12 14:00:36.234 DEBUG [main] o.m.s.mapper.ClassPathMapperScanner : Creating MapperFactoryBean with name 'ukSchoolGroupFallbackMapper' and 'com.study.service.matching.rules.UkSchoolGroupFallbackMapper' mapperInterface
2026-01-12 14:00:36.234 DEBUG [main] o.m.s.mapper.ClassPathMapperScanner : Enabling autowire by type for MapperFactoryBean with name 'ukSchoolGroupFallbackMapper'.
2026-01-12 14:00:36.234 DEBUG [main] o.m.s.mapper.ClassPathMapperScanner : Creating MapperFactoryBean with name 'ukSchoolRequirementMapper' and 'com.study.service.matching.rules.UkSchoolRequirementMapper' mapperInterface
2026-01-12 14:00:36.234 DEBUG [main] o.m.s.mapper.ClassPathMapperScanner : Enabling autowire by type for MapperFactoryBean with name 'ukSchoolRequirementMapper'.
2026-01-12 14:00:36.234 DEBUG [main] o.m.s.mapper.ClassPathMapperScanner : Creating MapperFactoryBean with name 'ukSchoolUndergradGroupMapper' and 'com.study.service.matching.rules.UkSchoolUndergradGroupMapper' mapperInterface
2026-01-12 14:00:36.234 DEBUG [main] o.m.s.mapper.ClassPathMapperScanner : Enabling autowire by type for MapperFactoryBean with name 'ukSchoolUndergradGroupMapper'.
2026-01-12 14:00:36.234 DEBUG [main] o.m.s.mapper.ClassPathMapperScanner : Creating MapperFactoryBean with name 'undergradSchoolMapper' and 'com.study.service.matching.rules.UndergradSchoolMapper' mapperInterface
2026-01-12 14:00:36.234 DEBUG [main] o.m.s.mapper.ClassPathMapperScanner : Enabling autowire by type for MapperFactoryBean with name 'undergradSchoolMapper'.
2026-01-12 14:00:36.234 DEBUG [main] o.m.s.mapper.ClassPathMapperScanner : Creating MapperFactoryBean with name 'messageMapper' and 'com.study.service.message.MessageMapper' mapperInterface
2026-01-12 14:00:36.234 DEBUG [main] o.m.s.mapper.ClassPathMapperScanner : Enabling autowire by type for MapperFactoryBean with name 'messageMapper'.
2026-01-12 14:00:36.235 DEBUG [main] o.m.s.mapper.ClassPathMapperScanner : Creating MapperFactoryBean with name 'newsMapper' and 'com.study.service.news.NewsMapper' mapperInterface
2026-01-12 14:00:36.235 DEBUG [main] o.m.s.mapper.ClassPathMapperScanner : Enabling autowire by type for MapperFactoryBean with name 'newsMapper'.
2026-01-12 14:00:36.235 DEBUG [main] o.m.s.mapper.ClassPathMapperScanner : Creating MapperFactoryBean with name 'schoolMapper' and 'com.study.service.schools.SchoolMapper' mapperInterface
2026-01-12 14:00:36.235 DEBUG [main] o.m.s.mapper.ClassPathMapperScanner : Enabling autowire by type for MapperFactoryBean with name 'schoolMapper'.
2026-01-12 14:00:36.235 DEBUG [main] o.m.s.mapper.ClassPathMapperScanner : Creating MapperFactoryBean with name 'studentMapper' and 'com.study.service.students.StudentMapper' mapperInterface
2026-01-12 14:00:36.235 DEBUG [main] o.m.s.mapper.ClassPathMapperScanner : Enabling autowire by type for MapperFactoryBean with name 'studentMapper'.
2026-01-12 14:00:36.235 DEBUG [main] o.m.s.mapper.ClassPathMapperScanner : Creating MapperFactoryBean with name 'userMapper' and 'com.study.service.user.UserMapper' mapperInterface
2026-01-12 14:00:36.235 DEBUG [main] o.m.s.mapper.ClassPathMapperScanner : Enabling autowire by type for MapperFactoryBean with name 'userMapper'.
2026-01-12 14:00:36.494 INFO  [main] o.s.b.w.e.tomcat.TomcatWebServer : Tomcat initialized with port 8080 (http)
2026-01-12 14:00:36.502 INFO  [main] o.a.catalina.core.StandardService : Starting service [Tomcat]
2026-01-12 14:00:36.503 INFO  [main] o.a.catalina.core.StandardEngine : Starting Servlet engine: [Apache Tomcat/10.1.50]
2026-01-12 14:00:36.533 INFO  [main] o.a.c.c.C.[Tomcat].[localhost].[/] : Initializing Spring embedded WebApplicationContext
2026-01-12 14:00:36.534 INFO  [main] o.s.b.w.s.c.ServletWebServerApplicationContext : Root WebApplicationContext: initialization completed in 703 ms
2026-01-12 14:00:36.613 INFO  [main] o.h.jpa.internal.util.LogHelper : HHH000204: Processing PersistenceUnitInfo [name: default]
2026-01-12 14:00:36.642 INFO  [main] org.hibernate.Version : HHH000412: Hibernate ORM core version 6.6.39.Final
2026-01-12 14:00:36.662 INFO  [main] o.h.c.i.RegionFactoryInitiator : HHH000026: Second-level cache disabled
2026-01-12 14:00:36.776 INFO  [main] o.s.o.j.p.SpringPersistenceUnitInfo : No LoadTimeWeaver setup: ignoring JPA class transformer
2026-01-12 14:00:36.790 INFO  [main] com.zaxxer.hikari.HikariDataSource : HikariPool-1 - Starting...
2026-01-12 14:00:36.957 INFO  [main] com.zaxxer.hikari.pool.HikariPool : HikariPool-1 - Added connection com.mysql.cj.jdbc.ConnectionImpl@4f525e13
2026-01-12 14:00:36.958 INFO  [main] com.zaxxer.hikari.HikariDataSource : HikariPool-1 - Start completed.
2026-01-12 14:00:37.015 INFO  [main] o.hibernate.orm.connections.pooling : HHH10001005: Database info:
	Database JDBC URL [Connecting through datasource 'HikariDataSource (HikariPool-1)']
	Database driver: undefined/unknown
	Database version: 9.1
	Autocommit mode: undefined/unknown
	Isolation level: undefined/unknown
	Minimum pool size: undefined/unknown
	Maximum pool size: undefined/unknown
2026-01-12 14:00:37.546 INFO  [main] o.h.e.t.j.p.i.JtaPlatformInitiator : HHH000489: No JTA platform available (set 'hibernate.transaction.jta.platform' to enable JTA platform integration)
2026-01-12 14:00:37.686 WARN  [main] o.h.t.s.i.ExceptionHandlerLoggedImpl : GenerationTarget encountered exception accepting command : Error executing DDL "
    alter table enrollments 
       add constraint FKqk83akwg61v1x7dwti95et7fo 
       foreign key (application_id) 
       references applications (id)" via JDBC [Cannot add or update a child row: a foreign key constraint fails (`cxw`.`#sql-1fa_9`, CONSTRAINT `FKqk83akwg61v1x7dwti95et7fo` FOREIGN KEY (`application_id`) REFERENCES `applications` (`id`))]
org.hibernate.tool.schema.spi.CommandAcceptanceException: Error executing DDL "
    alter table enrollments 
       add constraint FKqk83akwg61v1x7dwti95et7fo 
       foreign key (application_id) 
       references applications (id)" via JDBC [Cannot add or update a child row: a foreign key constraint fails (`cxw`.`#sql-1fa_9`, CONSTRAINT `FKqk83akwg61v1x7dwti95et7fo` FOREIGN KEY (`application_id`) REFERENCES `applications` (`id`))]
	at org.hibernate.tool.schema.internal.exec.GenerationTargetToDatabase.accept(GenerationTargetToDatabase.java:94)
	at org.hibernate.tool.schema.internal.AbstractSchemaMigrator.applySqlString(AbstractSchemaMigrator.java:576)
	at org.hibernate.tool.schema.internal.AbstractSchemaMigrator.applySqlStrings(AbstractSchemaMigrator.java:516)
	at org.hibernate.tool.schema.internal.AbstractSchemaMigrator.applyForeignKeys(AbstractSchemaMigrator.java:448)
	at org.hibernate.tool.schema.internal.AbstractSchemaMigrator.performMigration(AbstractSchemaMigrator.java:269)
	at org.hibernate.tool.schema.internal.AbstractSchemaMigrator.doMigration(AbstractSchemaMigrator.java:112)
	at org.hibernate.tool.schema.spi.SchemaManagementToolCoordinator.performDatabaseAction(SchemaManagementToolCoordinator.java:280)
	at org.hibernate.tool.schema.spi.SchemaManagementToolCoordinator.lambda$process$5(SchemaManagementToolCoordinator.java:144)
	at java.base/java.util.HashMap.forEach(HashMap.java:1429)
	at org.hibernate.tool.schema.spi.SchemaManagementToolCoordinator.process(SchemaManagementToolCoordinator.java:141)
	at org.hibernate.boot.internal.SessionFactoryObserverForSchemaExport.sessionFactoryCreated(SessionFactoryObserverForSchemaExport.java:37)
	at org.hibernate.internal.SessionFactoryObserverChain.sessionFactoryCreated(SessionFactoryObserverChain.java:35)
	at org.hibernate.internal.SessionFactoryImpl.<init>(SessionFactoryImpl.java:324)
	at org.hibernate.boot.internal.SessionFactoryBuilderImpl.build(SessionFactoryBuilderImpl.java:463)
	at org.hibernate.jpa.boot.internal.EntityManagerFactoryBuilderImpl.build(EntityManagerFactoryBuilderImpl.java:1517)
	at org.springframework.orm.jpa.vendor.SpringHibernateJpaPersistenceProvider.createContainerEntityManagerFactory(SpringHibernateJpaPersistenceProvider.java:66)
	at org.springframework.orm.jpa.LocalContainerEntityManagerFactoryBean.createNativeEntityManagerFactory(LocalContainerEntityManagerFactoryBean.java:390)
	at org.springframework.orm.jpa.AbstractEntityManagerFactoryBean.buildNativeEntityManagerFactory(AbstractEntityManagerFactoryBean.java:419)
	at org.springframework.orm.jpa.AbstractEntityManagerFactoryBean.afterPropertiesSet(AbstractEntityManagerFactoryBean.java:400)
	at org.springframework.orm.jpa.LocalContainerEntityManagerFactoryBean.afterPropertiesSet(LocalContainerEntityManagerFactoryBean.java:366)
	at org.springframework.beans.factory.support.AbstractAutowireCapableBeanFactory.invokeInitMethods(AbstractAutowireCapableBeanFactory.java:1873)
	at org.springframework.beans.factory.support.AbstractAutowireCapableBeanFactory.initializeBean(AbstractAutowireCapableBeanFactory.java:1822)
	at org.springframework.beans.factory.support.AbstractAutowireCapableBeanFactory.doCreateBean(AbstractAutowireCapableBeanFactory.java:607)
	at org.springframework.beans.factory.support.AbstractAutowireCapableBeanFactory.createBean(AbstractAutowireCapableBeanFactory.java:529)
	at org.springframework.beans.factory.support.AbstractBeanFactory.lambda$doGetBean$0(AbstractBeanFactory.java:339)
	at org.springframework.beans.factory.support.DefaultSingletonBeanRegistry.getSingleton(DefaultSingletonBeanRegistry.java:373)
	at org.springframework.beans.factory.support.AbstractBeanFactory.doGetBean(AbstractBeanFactory.java:337)
	at org.springframework.beans.factory.support.AbstractBeanFactory.getBean(AbstractBeanFactory.java:207)
	at org.springframework.context.support.AbstractApplicationContext.finishBeanFactoryInitialization(AbstractApplicationContext.java:973)
	at org.springframework.context.support.AbstractApplicationContext.refresh(AbstractApplicationContext.java:627)
	at org.springframework.boot.web.servlet.context.ServletWebServerApplicationContext.refresh(ServletWebServerApplicationContext.java:146)
	at org.springframework.boot.SpringApplication.refresh(SpringApplication.java:752)
	at org.springframework.boot.SpringApplication.refreshContext(SpringApplication.java:439)
	at org.springframework.boot.SpringApplication.run(SpringApplication.java:318)
	at org.springframework.boot.SpringApplication.run(SpringApplication.java:1361)
	at org.springframework.boot.SpringApplication.run(SpringApplication.java:1350)
	at com.study.StudyAbroadApplication.main(StudyAbroadApplication.java:18)
Caused by: java.sql.SQLIntegrityConstraintViolationException: Cannot add or update a child row: a foreign key constraint fails (`cxw`.`#sql-1fa_9`, CONSTRAINT `FKqk83akwg61v1x7dwti95et7fo` FOREIGN KEY (`application_id`) REFERENCES `applications` (`id`))
	at com.mysql.cj.jdbc.exceptions.SQLError.createSQLException(SQLError.java:118)
	at com.mysql.cj.jdbc.exceptions.SQLExceptionsMapping.translateException(SQLExceptionsMapping.java:122)
	at com.mysql.cj.jdbc.StatementImpl.executeInternal(StatementImpl.java:767)
	at com.mysql.cj.jdbc.StatementImpl.execute(StatementImpl.java:652)
	at com.zaxxer.hikari.pool.ProxyStatement.execute(ProxyStatement.java:95)
	at com.zaxxer.hikari.pool.HikariProxyStatement.execute(HikariProxyStatement.java)
	at org.hibernate.tool.schema.internal.exec.GenerationTargetToDatabase.accept(GenerationTargetToDatabase.java:80)
	... 36 common frames omitted
2026-01-12 14:00:37.710 INFO  [main] o.s.o.j.LocalContainerEntityManagerFactoryBean : Initialized JPA EntityManagerFactory for persistence unit 'default'
2026-01-12 14:00:37.802 DEBUG [main] o.m.spring.SqlSessionFactoryBean : Parsed mapper file: 'file [/Users/chenxiwen/code/web1/xingyingmei/target/classes/mapper/ApplicationMapper.xml]'
2026-01-12 14:00:37.811 DEBUG [main] o.m.spring.SqlSessionFactoryBean : Parsed mapper file: 'file [/Users/chenxiwen/code/web1/xingyingmei/target/classes/mapper/ApplicationSchoolMapper.xml]'
2026-01-12 14:00:37.816 DEBUG [main] o.m.spring.SqlSessionFactoryBean : Parsed mapper file: 'file [/Users/chenxiwen/code/web1/xingyingmei/target/classes/mapper/ConsultationMapper.xml]'
2026-01-12 14:00:37.820 DEBUG [main] o.m.spring.SqlSessionFactoryBean : Parsed mapper file: 'file [/Users/chenxiwen/code/web1/xingyingmei/target/classes/mapper/FacultyMapper.xml]'
2026-01-12 14:00:37.826 DEBUG [main] o.m.spring.SqlSessionFactoryBean : Parsed mapper file: 'file [/Users/chenxiwen/code/web1/xingyingmei/target/classes/mapper/FileMapper.xml]'
2026-01-12 14:00:37.829 DEBUG [main] o.m.spring.SqlSessionFactoryBean : Parsed mapper file: 'file [/Users/chenxiwen/code/web1/xingyingmei/target/classes/mapper/ImageMapper.xml]'
2026-01-12 14:00:37.833 DEBUG [main] o.m.spring.SqlSessionFactoryBean : Parsed mapper file: 'file [/Users/chenxiwen/code/web1/xingyingmei/target/classes/mapper/MajorMapper.xml]'
2026-01-12 14:00:37.838 DEBUG [main] o.m.spring.SqlSessionFactoryBean : Parsed mapper file: 'file [/Users/chenxiwen/code/web1/xingyingmei/target/classes/mapper/MessageMapper.xml]'
2026-01-12 14:00:37.841 DEBUG [main] o.m.spring.SqlSessionFactoryBean : Parsed mapper file: 'file [/Users/chenxiwen/code/web1/xingyingmei/target/classes/mapper/NewsMapper.xml]'
2026-01-12 14:00:37.845 DEBUG [main] o.m.spring.SqlSessionFactoryBean : Parsed mapper file: 'file [/Users/chenxiwen/code/web1/xingyingmei/target/classes/mapper/SchoolMapper.xml]'
2026-01-12 14:00:37.849 DEBUG [main] o.m.spring.SqlSessionFactoryBean : Parsed mapper file: 'file [/Users/chenxiwen/code/web1/xingyingmei/target/classes/mapper/StudentMapper.xml]'
2026-01-12 14:00:37.851 DEBUG [main] o.m.spring.SqlSessionFactoryBean : Parsed mapper file: 'file [/Users/chenxiwen/code/web1/xingyingmei/target/classes/mapper/UkSchoolGroupFallbackMapper.xml]'
2026-01-12 14:00:37.854 DEBUG [main] o.m.spring.SqlSessionFactoryBean : Parsed mapper file: 'file [/Users/chenxiwen/code/web1/xingyingmei/target/classes/mapper/UkSchoolRequirementMapper.xml]'
2026-01-12 14:00:37.855 DEBUG [main] o.m.spring.SqlSessionFactoryBean : Parsed mapper file: 'file [/Users/chenxiwen/code/web1/xingyingmei/target/classes/mapper/UkSchoolUndergradGroupMapper.xml]'
2026-01-12 14:00:37.857 DEBUG [main] o.m.spring.SqlSessionFactoryBean : Parsed mapper file: 'file [/Users/chenxiwen/code/web1/xingyingmei/target/classes/mapper/UndergradSchoolMapper.xml]'
2026-01-12 14:00:38.081 INFO  [main] o.s.d.j.r.query.QueryEnhancerFactory : Hibernate is in classpath; If applicable, HQL parser will be used.
2026-01-12 14:00:38.608 WARN  [main] o.s.b.a.o.j.JpaBaseConfiguration$JpaWebConfiguration : spring.jpa.open-in-view is enabled by default. Therefore, database queries may be performed during view rendering. Explicitly configure spring.jpa.open-in-view to disable this warning
2026-01-12 14:00:38.764 INFO  [main] o.s.b.w.e.tomcat.TomcatWebServer : Tomcat started on port 8080 (http) with context path '/'
2026-01-12 14:00:38.768 INFO  [main] com.study.StudyAbroadApplication : Started StudyAbroadApplication in 3.15 seconds (process running for 3.29)
2026-01-12 14:01:01.386 INFO  [http-nio-8080-exec-1] o.a.c.c.C.[Tomcat].[localhost].[/] : Initializing Spring DispatcherServlet 'dispatcherServlet'
2026-01-12 14:01:01.396 INFO  [http-nio-8080-exec-1] o.s.web.servlet.DispatcherServlet : Initializing Servlet 'dispatcherServlet'
2026-01-12 14:01:01.406 INFO  [http-nio-8080-exec-1] o.s.web.servlet.DispatcherServlet : Completed initialization in 6 ms
2026-01-12 14:01:34.948 INFO  [http-nio-8080-exec-8] c.s.service.schools.SchoolController : 开始获取院校 13 的学院列表
2026-01-12 14:01:34.951 INFO  [http-nio-8080-exec-8] c.s.s.faculty.FacultyServiceImpl : 开始获取院校ID为 13 的学院列表
2026-01-12 14:01:34.976 INFO  [http-nio-8080-exec-8] c.s.s.faculty.FacultyServiceImpl : 找到 19 个学院
2026-01-12 14:01:34.976 INFO  [http-nio-8080-exec-8] c.s.s.faculty.FacultyServiceImpl : 开始获取学院 工程学院 (ID: 26) 的专业列表
2026-01-12 14:01:35.024 INFO  [http-nio-8080-exec-8] c.s.s.faculty.FacultyServiceImpl : 学院 工程学院 有 57 个专业
2026-01-12 14:01:35.025 INFO  [http-nio-8080-exec-8] c.s.s.faculty.FacultyServiceImpl : 开始获取学院 计算机科学系 (ID: 27) 的专业列表
2026-01-12 14:01:35.029 INFO  [http-nio-8080-exec-8] c.s.s.faculty.FacultyServiceImpl : 学院 计算机科学系 有 18 个专业
2026-01-12 14:01:35.029 INFO  [http-nio-8080-exec-8] c.s.s.faculty.FacultyServiceImpl : 开始获取学院 巴特莱特建筑学院 (ID: 28) 的专业列表
2026-01-12 14:01:35.033 INFO  [http-nio-8080-exec-8] c.s.s.faculty.FacultyServiceImpl : 学院 巴特莱特建筑学院 有 17 个专业
2026-01-12 14:01:35.033 INFO  [http-nio-8080-exec-8] c.s.s.faculty.FacultyServiceImpl : 开始获取学院 UCL管理学院 (ID: 725) 的专业列表
2026-01-12 14:01:35.037 INFO  [http-nio-8080-exec-8] c.s.s.faculty.FacultyServiceImpl : 学院 UCL管理学院 有 10 个专业
2026-01-12 14:01:35.038 INFO  [http-nio-8080-exec-8] c.s.s.faculty.FacultyServiceImpl : 开始获取学院 人口健康科学学院 (ID: 726) 的专业列表
2026-01-12 14:01:35.131 INFO  [http-nio-8080-exec-8] c.s.s.faculty.FacultyServiceImpl : 学院 人口健康科学学院 有 31 个专业
2026-01-12 14:01:35.131 INFO  [http-nio-8080-exec-8] c.s.s.faculty.FacultyServiceImpl : 开始获取学院 全球健康商学院 (ID: 727) 的专业列表
2026-01-12 14:01:35.133 INFO  [http-nio-8080-exec-8] c.s.s.faculty.FacultyServiceImpl : 学院 全球健康商学院 有 5 个专业
2026-01-12 14:01:35.133 INFO  [http-nio-8080-exec-8] c.s.s.faculty.FacultyServiceImpl : 开始获取学院 医学科学系 (ID: 728) 的专业列表
2026-01-12 14:01:35.142 INFO  [http-nio-8080-exec-8] c.s.s.faculty.FacultyServiceImpl : 学院 医学科学系 有 34 个专业
2026-01-12 14:01:35.142 INFO  [http-nio-8080-exec-8] c.s.s.faculty.FacultyServiceImpl : 开始获取学院 巴特莱特可持续建筑学院 (ID: 730) 的专业列表
2026-01-12 14:01:35.153 INFO  [http-nio-8080-exec-8] c.s.s.faculty.FacultyServiceImpl : 学院 巴特莱特可持续建筑学院 有 9 个专业
2026-01-12 14:01:35.153 INFO  [http-nio-8080-exec-8] c.s.s.faculty.FacultyServiceImpl : 开始获取学院 巴特莱特环境、能源和资源学院 (ID: 732) 的专业列表
2026-01-12 14:01:35.157 INFO  [http-nio-8080-exec-8] c.s.s.faculty.FacultyServiceImpl : 学院 巴特莱特环境、能源和资源学院 有 12 个专业
2026-01-12 14:01:35.157 INFO  [http-nio-8080-exec-8] c.s.s.faculty.FacultyServiceImpl : 开始获取学院 建筑环境学院 (ID: 733) 的专业列表
2026-01-12 14:01:35.161 INFO  [http-nio-8080-exec-8] c.s.s.faculty.FacultyServiceImpl : 学院 建筑环境学院 有 23 个专业
2026-01-12 14:01:35.161 INFO  [http-nio-8080-exec-8] c.s.s.faculty.FacultyServiceImpl : 开始获取学院 教育学院 (ID: 734) 的专业列表
2026-01-12 14:01:35.169 INFO  [http-nio-8080-exec-8] c.s.s.faculty.FacultyServiceImpl : 学院 教育学院 有 51 个专业
2026-01-12 14:01:35.169 INFO  [http-nio-8080-exec-8] c.s.s.faculty.FacultyServiceImpl : 开始获取学院 数学与物理科学学院 (ID: 735) 的专业列表
2026-01-12 14:01:35.176 INFO  [http-nio-8080-exec-8] c.s.s.faculty.FacultyServiceImpl : 学院 数学与物理科学学院 有 33 个专业
2026-01-12 14:01:35.176 INFO  [http-nio-8080-exec-8] c.s.s.faculty.FacultyServiceImpl : 开始获取学院 斯莱德美术学院 (ID: 736) 的专业列表
2026-01-12 14:01:35.177 INFO  [http-nio-8080-exec-8] c.s.s.faculty.FacultyServiceImpl : 学院 斯莱德美术学院 有 1 个专业
2026-01-12 14:01:35.177 INFO  [http-nio-8080-exec-8] c.s.s.faculty.FacultyServiceImpl : 开始获取学院 法学院 (ID: 737) 的专业列表
2026-01-12 14:01:35.178 INFO  [http-nio-8080-exec-8] c.s.s.faculty.FacultyServiceImpl : 学院 法学院 有 2 个专业
2026-01-12 14:01:35.178 INFO  [http-nio-8080-exec-8] c.s.s.faculty.FacultyServiceImpl : 开始获取学院 生命科学学院 (ID: 738) 的专业列表
2026-01-12 14:01:35.182 INFO  [http-nio-8080-exec-8] c.s.s.faculty.FacultyServiceImpl : 学院 生命科学学院 有 14 个专业
2026-01-12 14:01:35.182 INFO  [http-nio-8080-exec-8] c.s.s.faculty.FacultyServiceImpl : 开始获取学院 社会和历史科学学院 (ID: 739) 的专业列表
2026-01-12 14:01:35.189 INFO  [http-nio-8080-exec-8] c.s.s.faculty.FacultyServiceImpl : 学院 社会和历史科学学院 有 54 个专业
2026-01-12 14:01:35.189 INFO  [http-nio-8080-exec-8] c.s.s.faculty.FacultyServiceImpl : 开始获取学院 经济学系 (ID: 740) 的专业列表
2026-01-12 14:01:35.191 INFO  [http-nio-8080-exec-8] c.s.s.faculty.FacultyServiceImpl : 学院 经济学系 有 3 个专业
2026-01-12 14:01:35.191 INFO  [http-nio-8080-exec-8] c.s.s.faculty.FacultyServiceImpl : 开始获取学院 脑科学学院 (ID: 741) 的专业列表
2026-01-12 14:01:35.195 INFO  [http-nio-8080-exec-8] c.s.s.faculty.FacultyServiceImpl : 学院 脑科学学院 有 38 个专业
2026-01-12 14:01:35.196 INFO  [http-nio-8080-exec-8] c.s.s.faculty.FacultyServiceImpl : 开始获取学院 艺术和人文学院 (ID: 742) 的专业列表
2026-01-12 14:01:35.203 INFO  [http-nio-8080-exec-8] c.s.s.faculty.FacultyServiceImpl : 学院 艺术和人文学院 有 51 个专业
2026-01-12 14:01:35.203 INFO  [http-nio-8080-exec-8] c.s.service.schools.SchoolController : 成功获取到院校 13 的 19 个学院
2026-01-12 15:41:46.947 INFO  [http-nio-8080-exec-6] c.s.s.students.StudentController : 获取所有学生列表
2026-01-12 15:41:46.992 INFO  [http-nio-8080-exec-6] c.s.s.students.StudentServiceImpl : 获取所有学生列表
2026-01-12 15:41:47.032 INFO  [http-nio-8080-exec-5] c.s.s.a.ApplicationSchoolController : Received request for applications with userId: null, studentId: null, country: null
2026-01-12 15:41:47.033 INFO  [http-nio-8080-exec-5] c.s.s.a.ApplicationSchoolServiceImpl : Getting submitted applications for userId: null, studentId: null, country: null
2026-01-12 15:41:47.033 INFO  [http-nio-8080-exec-5] c.s.s.a.ApplicationSchoolServiceImpl : Admin view: Querying all applications without filters
2026-01-12 15:41:47.122 INFO  [http-nio-8080-exec-8] c.s.s.students.StudentController : 获取所有学生列表
2026-01-12 15:41:47.124 INFO  [http-nio-8080-exec-8] c.s.s.students.StudentServiceImpl : 获取所有学生列表
2026-01-12 15:41:47.136 INFO  [http-nio-8080-exec-5] c.s.s.a.ApplicationSchoolServiceImpl : Admin view: Found 30 applications
2026-01-12 15:41:47.136 INFO  [http-nio-8080-exec-5] c.s.s.a.ApplicationSchoolServiceImpl : Application found - ID: 118, StudentID: 123162, StudentName: cxw, SchoolName: 牛津大学
2026-01-12 15:41:47.137 INFO  [http-nio-8080-exec-5] c.s.s.a.ApplicationSchoolServiceImpl : Application found - ID: 115, StudentID: 123157, StudentName: test3, SchoolName: 牛津大学
2026-01-12 15:41:47.137 INFO  [http-nio-8080-exec-5] c.s.s.a.ApplicationSchoolServiceImpl : Application found - ID: 114, StudentID: 123156, StudentName: test2, SchoolName: 牛津大学
2026-01-12 15:41:47.137 INFO  [http-nio-8080-exec-5] c.s.s.a.ApplicationSchoolServiceImpl : Application found - ID: 110, StudentID: 123155, StudentName: 畅, SchoolName: 牛津大学
2026-01-12 15:41:47.137 INFO  [http-nio-8080-exec-5] c.s.s.a.ApplicationSchoolServiceImpl : Application found - ID: 109, StudentID: 123154, StudentName: the shy, SchoolName: 牛津大学
2026-01-12 15:41:47.137 INFO  [http-nio-8080-exec-5] c.s.s.a.ApplicationSchoolServiceImpl : Application found - ID: 55, StudentID: 123143, StudentName: chen, SchoolName: 斯坦福大学
2026-01-12 15:41:47.138 INFO  [http-nio-8080-exec-5] c.s.s.a.ApplicationSchoolServiceImpl : Application found - ID: 54, StudentID: 123143, StudentName: chen, SchoolName: 牛津大学
2026-01-12 15:41:47.139 INFO  [http-nio-8080-exec-5] c.s.s.a.ApplicationSchoolServiceImpl : Application found - ID: 47, StudentID: 123141, StudentName: cs, SchoolName: 爱丁堡大学
2026-01-12 15:41:47.142 INFO  [http-nio-8080-exec-5] c.s.s.a.ApplicationSchoolServiceImpl : Application found - ID: 46, StudentID: 123141, StudentName: cs, SchoolName: 新加坡国立大学
2026-01-12 15:41:47.143 INFO  [http-nio-8080-exec-5] c.s.s.a.ApplicationSchoolServiceImpl : Application found - ID: 45, StudentID: 123141, StudentName: cs, SchoolName: 斯坦福大学
2026-01-12 15:41:47.143 INFO  [http-nio-8080-exec-5] c.s.s.a.ApplicationSchoolServiceImpl : Application found - ID: 41, StudentID: 123138, StudentName: wseq, SchoolName: 杜伦大学
2026-01-12 15:41:47.143 INFO  [http-nio-8080-exec-5] c.s.s.a.ApplicationSchoolServiceImpl : Application found - ID: 32, StudentID: 123136, StudentName: 大毛, SchoolName: 斯坦福大学
2026-01-12 15:41:47.143 INFO  [http-nio-8080-exec-5] c.s.s.a.ApplicationSchoolServiceImpl : Application found - ID: 31, StudentID: 123136, StudentName: 大毛, SchoolName: 澳大利亚国立大学
2026-01-12 15:41:47.143 INFO  [http-nio-8080-exec-5] c.s.s.a.ApplicationSchoolServiceImpl : Application found - ID: 30, StudentID: 123136, StudentName: 大毛, SchoolName: 新加坡国立大学
2026-01-12 15:41:47.143 INFO  [http-nio-8080-exec-5] c.s.s.a.ApplicationSchoolServiceImpl : Application found - ID: 29, StudentID: 123136, StudentName: 大毛, SchoolName: 斯坦福大学
2026-01-12 15:41:47.149 INFO  [http-nio-8080-exec-5] c.s.s.a.ApplicationSchoolServiceImpl : Application found - ID: 25, StudentID: 123127, StudentName: cxw, SchoolName: 悉尼大学
2026-01-12 15:41:47.150 INFO  [http-nio-8080-exec-5] c.s.s.a.ApplicationSchoolServiceImpl : Application found - ID: 24, StudentID: 123125, StudentName: 轩轩, SchoolName: 悉尼大学
2026-01-12 15:41:47.150 INFO  [http-nio-8080-exec-5] c.s.s.a.ApplicationSchoolServiceImpl : Application found - ID: 23, StudentID: 123125, StudentName: 轩轩, SchoolName: 剑桥大学
2026-01-12 15:41:47.150 INFO  [http-nio-8080-exec-5] c.s.s.a.ApplicationSchoolServiceImpl : Application found - ID: 22, StudentID: 123125, StudentName: 轩轩, SchoolName: 香港大学
2026-01-12 15:41:47.150 INFO  [http-nio-8080-exec-5] c.s.s.a.ApplicationSchoolServiceImpl : Application found - ID: 21, StudentID: 123125, StudentName: 轩轩, SchoolName: 剑桥大学
2026-01-12 15:41:47.151 INFO  [http-nio-8080-exec-5] c.s.s.a.ApplicationSchoolServiceImpl : Application found - ID: 20, StudentID: 123125, StudentName: 轩轩, SchoolName: 香港科技大学
2026-01-12 15:41:47.151 INFO  [http-nio-8080-exec-5] c.s.s.a.ApplicationSchoolServiceImpl : Application found - ID: 19, StudentID: 123127, StudentName: cxw, SchoolName: 墨尔本大学
2026-01-12 15:41:47.151 INFO  [http-nio-8080-exec-5] c.s.s.a.ApplicationSchoolServiceImpl : Application found - ID: 18, StudentID: 123127, StudentName: cxw, SchoolName: 香港科技大学
2026-01-12 15:41:47.151 INFO  [http-nio-8080-exec-5] c.s.s.a.ApplicationSchoolServiceImpl : Application found - ID: 17, StudentID: 123127, StudentName: cxw, SchoolName: 悉尼大学
2026-01-12 15:41:47.151 INFO  [http-nio-8080-exec-5] c.s.s.a.ApplicationSchoolServiceImpl : Application found - ID: 16, StudentID: 123125, StudentName: 轩轩, SchoolName: 牛津大学
2026-01-12 15:41:47.151 INFO  [http-nio-8080-exec-5] c.s.s.a.ApplicationSchoolServiceImpl : Application found - ID: 15, StudentID: 123125, StudentName: 轩轩, SchoolName: 剑桥大学
2026-01-12 15:41:47.151 INFO  [http-nio-8080-exec-5] c.s.s.a.ApplicationSchoolServiceImpl : Application found - ID: 14, StudentID: 123125, StudentName: 轩轩, SchoolName: 剑桥大学
2026-01-12 15:41:47.151 INFO  [http-nio-8080-exec-5] c.s.s.a.ApplicationSchoolServiceImpl : Application found - ID: 8, StudentID: 3, StudentName: 张四, SchoolName: 牛津大学
2026-01-12 15:41:47.151 INFO  [http-nio-8080-exec-5] c.s.s.a.ApplicationSchoolServiceImpl : Application found - ID: 7, StudentID: 3, StudentName: 张四, SchoolName: 斯坦福大学
2026-01-12 15:41:47.151 INFO  [http-nio-8080-exec-5] c.s.s.a.ApplicationSchoolServiceImpl : Application found - ID: 6, StudentID: 3, StudentName: 张四, SchoolName: 悉尼大学
2026-01-12 15:41:47.152 INFO  [http-nio-8080-exec-5] c.s.s.a.ApplicationSchoolController : Found 30 applications
2026-01-12 15:41:53.222 INFO  [http-nio-8080-exec-1] c.s.s.students.StudentController : 获取所有学生列表
2026-01-12 15:41:53.223 INFO  [http-nio-8080-exec-1] c.s.s.students.StudentServiceImpl : 获取所有学生列表
2026-01-12 15:41:53.541 INFO  [http-nio-8080-exec-2] c.s.s.students.StudentController : 获取所有学生列表
2026-01-12 15:41:53.542 INFO  [http-nio-8080-exec-2] c.s.s.students.StudentServiceImpl : 获取所有学生列表
2026-01-12 15:41:54.052 INFO  [http-nio-8080-exec-3] c.s.s.students.StudentController : 获取所有学生列表
2026-01-12 15:41:54.053 INFO  [http-nio-8080-exec-3] c.s.s.students.StudentServiceImpl : 获取所有学生列表
2026-01-12 15:41:54.053 INFO  [http-nio-8080-exec-4] c.s.s.a.ApplicationSchoolController : Received request for applications with userId: 1, studentId: null, country: null
2026-01-12 15:41:54.054 INFO  [http-nio-8080-exec-4] c.s.s.a.ApplicationSchoolServiceImpl : Getting submitted applications for userId: 1, studentId: null, country: null
2026-01-12 15:41:54.054 INFO  [http-nio-8080-exec-4] c.s.s.a.ApplicationSchoolServiceImpl : User view: Querying applications for userId: 1
2026-01-12 15:41:54.063 INFO  [http-nio-8080-exec-4] c.s.s.a.ApplicationSchoolServiceImpl : User view: Found 0 applications for userId: 1
2026-01-12 15:41:54.063 INFO  [http-nio-8080-exec-4] c.s.s.a.ApplicationSchoolController : Found 0 applications
2026-01-12 15:41:54.070 INFO  [http-nio-8080-exec-6] c.s.s.students.StudentController : 获取所有学生列表
2026-01-12 15:41:54.070 INFO  [http-nio-8080-exec-6] c.s.s.students.StudentServiceImpl : 获取所有学生列表
2026-01-12 15:41:54.576 INFO  [http-nio-8080-exec-7] c.s.service.schools.SchoolController : 开始获取院校 152 的学院列表
2026-01-12 15:41:54.577 INFO  [http-nio-8080-exec-7] c.s.s.faculty.FacultyServiceImpl : 开始获取院校ID为 152 的学院列表
2026-01-12 15:41:54.576 INFO  [http-nio-8080-exec-8] c.s.service.schools.SchoolController : 开始获取院校 134 的学院列表
2026-01-12 15:41:54.577 INFO  [http-nio-8080-exec-8] c.s.s.faculty.FacultyServiceImpl : 开始获取院校ID为 134 的学院列表
2026-01-12 15:41:54.580 INFO  [http-nio-8080-exec-5] c.s.service.schools.SchoolController : 开始获取院校 61 的学院列表
2026-01-12 15:41:54.581 INFO  [http-nio-8080-exec-5] c.s.s.faculty.FacultyServiceImpl : 开始获取院校ID为 61 的学院列表
2026-01-12 15:41:54.591 INFO  [http-nio-8080-exec-1] c.s.service.schools.SchoolController : 开始获取院校 150 的学院列表
2026-01-12 15:41:54.591 INFO  [http-nio-8080-exec-10] c.s.service.schools.SchoolController : 开始获取院校 124 的学院列表
2026-01-12 15:41:54.591 INFO  [http-nio-8080-exec-1] c.s.s.faculty.FacultyServiceImpl : 开始获取院校ID为 150 的学院列表
2026-01-12 15:41:54.591 INFO  [http-nio-8080-exec-10] c.s.s.faculty.FacultyServiceImpl : 开始获取院校ID为 124 的学院列表
2026-01-12 15:41:54.591 INFO  [http-nio-8080-exec-9] c.s.service.schools.SchoolController : 开始获取院校 129 的学院列表
2026-01-12 15:41:54.592 INFO  [http-nio-8080-exec-9] c.s.s.faculty.FacultyServiceImpl : 开始获取院校ID为 129 的学院列表
2026-01-12 15:41:54.604 INFO  [http-nio-8080-exec-1] c.s.s.faculty.FacultyServiceImpl : 找到 0 个学院
2026-01-12 15:41:54.604 INFO  [http-nio-8080-exec-1] c.s.service.schools.SchoolController : 成功获取到院校 150 的 0 个学院
2026-01-12 15:41:54.604 INFO  [http-nio-8080-exec-8] c.s.s.faculty.FacultyServiceImpl : 找到 0 个学院
2026-01-12 15:41:54.604 INFO  [http-nio-8080-exec-7] c.s.s.faculty.FacultyServiceImpl : 找到 0 个学院
2026-01-12 15:41:54.605 INFO  [http-nio-8080-exec-8] c.s.service.schools.SchoolController : 成功获取到院校 134 的 0 个学院
2026-01-12 15:41:54.604 INFO  [http-nio-8080-exec-10] c.s.s.faculty.FacultyServiceImpl : 找到 0 个学院
2026-01-12 15:41:54.605 INFO  [http-nio-8080-exec-10] c.s.service.schools.SchoolController : 成功获取到院校 124 的 0 个学院
2026-01-12 15:41:54.605 INFO  [http-nio-8080-exec-7] c.s.service.schools.SchoolController : 成功获取到院校 152 的 0 个学院
2026-01-12 15:41:54.605 INFO  [http-nio-8080-exec-9] c.s.s.faculty.FacultyServiceImpl : 找到 0 个学院
2026-01-12 15:41:54.605 INFO  [http-nio-8080-exec-9] c.s.service.schools.SchoolController : 成功获取到院校 129 的 0 个学院
2026-01-12 15:41:54.607 INFO  [http-nio-8080-exec-5] c.s.s.faculty.FacultyServiceImpl : 找到 15 个学院
2026-01-12 15:41:54.607 INFO  [http-nio-8080-exec-5] c.s.s.faculty.FacultyServiceImpl : 开始获取学院 东亚语言文化系 (ID: 640) 的专业列表
2026-01-12 15:41:54.613 INFO  [http-nio-8080-exec-5] c.s.s.faculty.FacultyServiceImpl : 学院 东亚语言文化系 有 0 个专业
2026-01-12 15:41:54.613 INFO  [http-nio-8080-exec-5] c.s.s.faculty.FacultyServiceImpl : 开始获取学院 人类学与社会学系 (ID: 641) 的专业列表
2026-01-12 15:41:54.615 INFO  [http-nio-8080-exec-5] c.s.s.faculty.FacultyServiceImpl : 学院 人类学与社会学系 有 0 个专业
2026-01-12 15:41:54.615 INFO  [http-nio-8080-exec-5] c.s.s.faculty.FacultyServiceImpl : 开始获取学院 全球媒体与传播中心 (ID: 642) 的专业列表
2026-01-12 15:41:54.615 INFO  [http-nio-8080-exec-5] c.s.s.faculty.FacultyServiceImpl : 学院 全球媒体与传播中心 有 0 个专业
2026-01-12 15:41:54.615 INFO  [http-nio-8080-exec-5] c.s.s.faculty.FacultyServiceImpl : 开始获取学院 历史、宗教与哲学学院 (ID: 643) 的专业列表
2026-01-12 15:41:54.616 INFO  [http-nio-8080-exec-5] c.s.s.faculty.FacultyServiceImpl : 学院 历史、宗教与哲学学院 有 0 个专业
2026-01-12 15:41:54.616 INFO  [http-nio-8080-exec-5] c.s.s.faculty.FacultyServiceImpl : 开始获取学院 发展研究系 (ID: 644) 的专业列表
2026-01-12 15:41:54.617 INFO  [http-nio-8080-exec-6] c.s.service.schools.SchoolController : 开始获取院校 135 的学院列表
2026-01-12 15:41:54.617 INFO  [http-nio-8080-exec-3] c.s.service.schools.SchoolController : 开始获取院校 121 的学院列表
2026-01-12 15:41:54.617 INFO  [http-nio-8080-exec-2] c.s.service.schools.SchoolController : 开始获取院校 137 的学院列表
2026-01-12 15:41:54.617 INFO  [http-nio-8080-exec-7] c.s.service.schools.SchoolController : 开始获取院校 143 的学院列表
2026-01-12 15:41:54.617 INFO  [http-nio-8080-exec-7] c.s.s.faculty.FacultyServiceImpl : 开始获取院校ID为 143 的学院列表
2026-01-12 15:41:54.617 INFO  [http-nio-8080-exec-4] c.s.service.schools.SchoolController : 开始获取院校 149 的学院列表
2026-01-12 15:41:54.617 INFO  [http-nio-8080-exec-6] c.s.s.faculty.FacultyServiceImpl : 开始获取院校ID为 135 的学院列表
2026-01-12 15:41:54.617 INFO  [http-nio-8080-exec-4] c.s.s.faculty.FacultyServiceImpl : 开始获取院校ID为 149 的学院列表
2026-01-12 15:41:54.617 INFO  [http-nio-8080-exec-5] c.s.s.faculty.FacultyServiceImpl : 学院 发展研究系 有 0 个专业
2026-01-12 15:41:54.617 INFO  [http-nio-8080-exec-2] c.s.s.faculty.FacultyServiceImpl : 开始获取院校ID为 137 的学院列表
2026-01-12 15:41:54.617 INFO  [http-nio-8080-exec-3] c.s.s.faculty.FacultyServiceImpl : 开始获取院校ID为 121 的学院列表
2026-01-12 15:41:54.617 INFO  [http-nio-8080-exec-5] c.s.s.faculty.FacultyServiceImpl : 开始获取学院 国际研究与外交中心 (ID: 645) 的专业列表
2026-01-12 15:41:54.619 INFO  [http-nio-8080-exec-5] c.s.s.faculty.FacultyServiceImpl : 学院 国际研究与外交中心 有 0 个专业
2026-01-12 15:41:54.619 INFO  [http-nio-8080-exec-5] c.s.s.faculty.FacultyServiceImpl : 开始获取学院 性别研究中心 (ID: 646) 的专业列表
2026-01-12 15:41:54.619 INFO  [http-nio-8080-exec-4] c.s.s.faculty.FacultyServiceImpl : 找到 0 个学院
2026-01-12 15:41:54.619 INFO  [http-nio-8080-exec-4] c.s.service.schools.SchoolController : 成功获取到院校 149 的 0 个学院
2026-01-12 15:41:54.619 INFO  [http-nio-8080-exec-6] c.s.s.faculty.FacultyServiceImpl : 找到 0 个学院
2026-01-12 15:41:54.620 INFO  [http-nio-8080-exec-6] c.s.service.schools.SchoolController : 成功获取到院校 135 的 0 个学院
2026-01-12 15:41:54.620 INFO  [http-nio-8080-exec-7] c.s.s.faculty.FacultyServiceImpl : 找到 0 个学院
2026-01-12 15:41:54.620 INFO  [http-nio-8080-exec-7] c.s.service.schools.SchoolController : 成功获取到院校 143 的 0 个学院
2026-01-12 15:41:54.620 INFO  [http-nio-8080-exec-2] c.s.s.faculty.FacultyServiceImpl : 找到 0 个学院
2026-01-12 15:41:54.620 INFO  [http-nio-8080-exec-2] c.s.service.schools.SchoolController : 成功获取到院校 137 的 0 个学院
2026-01-12 15:41:54.620 INFO  [http-nio-8080-exec-3] c.s.s.faculty.FacultyServiceImpl : 找到 0 个学院
2026-01-12 15:41:54.620 INFO  [http-nio-8080-exec-3] c.s.service.schools.SchoolController : 成功获取到院校 121 的 0 个学院
2026-01-12 15:41:54.621 INFO  [http-nio-8080-exec-5] c.s.s.faculty.FacultyServiceImpl : 学院 性别研究中心 有 0 个专业
2026-01-12 15:41:54.621 INFO  [http-nio-8080-exec-5] c.s.s.faculty.FacultyServiceImpl : 开始获取学院 政治与国际研究系 (ID: 647) 的专业列表
2026-01-12 15:41:54.627 INFO  [http-nio-8080-exec-5] c.s.s.faculty.FacultyServiceImpl : 学院 政治与国际研究系 有 0 个专业
2026-01-12 15:41:54.627 INFO  [http-nio-8080-exec-5] c.s.s.faculty.FacultyServiceImpl : 开始获取学院 法学院 (ID: 648) 的专业列表
2026-01-12 15:41:54.629 INFO  [http-nio-8080-exec-5] c.s.s.faculty.FacultyServiceImpl : 学院 法学院 有 0 个专业
2026-01-12 15:41:54.629 INFO  [http-nio-8080-exec-5] c.s.s.faculty.FacultyServiceImpl : 开始获取学院 经济学系 (ID: 649) 的专业列表
2026-01-12 15:41:54.631 INFO  [http-nio-8080-exec-5] c.s.s.faculty.FacultyServiceImpl : 学院 经济学系 有 0 个专业
2026-01-12 15:41:54.631 INFO  [http-nio-8080-exec-5] c.s.s.faculty.FacultyServiceImpl : 开始获取学院 艺术学院 (ID: 650) 的专业列表
2026-01-12 15:41:54.632 INFO  [http-nio-8080-exec-10] c.s.service.schools.SchoolController : 开始获取院校 136 的学院列表
2026-01-12 15:41:54.632 INFO  [http-nio-8080-exec-10] c.s.s.faculty.FacultyServiceImpl : 开始获取院校ID为 136 的学院列表
2026-01-12 15:41:54.632 INFO  [http-nio-8080-exec-9] c.s.service.schools.SchoolController : 开始获取院校 138 的学院列表
2026-01-12 15:41:54.632 INFO  [http-nio-8080-exec-9] c.s.s.faculty.FacultyServiceImpl : 开始获取院校ID为 138 的学院列表
2026-01-12 15:41:54.632 INFO  [http-nio-8080-exec-1] c.s.service.schools.SchoolController : 开始获取院校 146 的学院列表
2026-01-12 15:41:54.633 INFO  [http-nio-8080-exec-1] c.s.s.faculty.FacultyServiceImpl : 开始获取院校ID为 146 的学院列表
2026-01-12 15:41:54.633 INFO  [http-nio-8080-exec-5] c.s.s.faculty.FacultyServiceImpl : 学院 艺术学院 有 0 个专业
2026-01-12 15:41:54.633 INFO  [http-nio-8080-exec-5] c.s.s.faculty.FacultyServiceImpl : 开始获取学院 语言、文化与语言学学院 (ID: 651) 的专业列表
2026-01-12 15:41:54.633 INFO  [http-nio-8080-exec-8] c.s.service.schools.SchoolController : 开始获取院校 147 的学院列表
2026-01-12 15:41:54.633 INFO  [http-nio-8080-exec-8] c.s.s.faculty.FacultyServiceImpl : 开始获取院校ID为 147 的学院列表
2026-01-12 15:41:54.633 INFO  [http-nio-8080-exec-4] c.s.service.schools.SchoolController : 开始获取院校 139 的学院列表
2026-01-12 15:41:54.633 INFO  [http-nio-8080-exec-4] c.s.s.faculty.FacultyServiceImpl : 开始获取院校ID为 139 的学院列表
2026-01-12 15:41:54.634 INFO  [http-nio-8080-exec-5] c.s.s.faculty.FacultyServiceImpl : 学院 语言、文化与语言学学院 有 0 个专业
2026-01-12 15:41:54.634 INFO  [http-nio-8080-exec-5] c.s.s.faculty.FacultyServiceImpl : 开始获取学院 近东和中东语言与文化系 (ID: 652) 的专业列表
2026-01-12 15:41:54.635 INFO  [http-nio-8080-exec-5] c.s.s.faculty.FacultyServiceImpl : 学院 近东和中东语言与文化系 有 0 个专业
2026-01-12 15:41:54.635 INFO  [http-nio-8080-exec-5] c.s.s.faculty.FacultyServiceImpl : 开始获取学院 金融与管理学院 (ID: 653) 的专业列表
2026-01-12 15:41:54.636 INFO  [http-nio-8080-exec-9] c.s.s.faculty.FacultyServiceImpl : 找到 0 个学院
2026-01-12 15:41:54.636 INFO  [http-nio-8080-exec-9] c.s.service.schools.SchoolController : 成功获取到院校 138 的 0 个学院
2026-01-12 15:41:54.636 INFO  [http-nio-8080-exec-8] c.s.s.faculty.FacultyServiceImpl : 找到 0 个学院
2026-01-12 15:41:54.636 INFO  [http-nio-8080-exec-8] c.s.service.schools.SchoolController : 成功获取到院校 147 的 0 个学院
2026-01-12 15:41:54.637 INFO  [http-nio-8080-exec-10] c.s.s.faculty.FacultyServiceImpl : 找到 0 个学院
2026-01-12 15:41:54.637 INFO  [http-nio-8080-exec-10] c.s.service.schools.SchoolController : 成功获取到院校 136 的 0 个学院
2026-01-12 15:41:54.636 INFO  [http-nio-8080-exec-1] c.s.s.faculty.FacultyServiceImpl : 找到 0 个学院
2026-01-12 15:41:54.641 INFO  [http-nio-8080-exec-1] c.s.service.schools.SchoolController : 成功获取到院校 146 的 0 个学院
2026-01-12 15:41:54.636 INFO  [http-nio-8080-exec-5] c.s.s.faculty.FacultyServiceImpl : 学院 金融与管理学院 有 0 个专业
2026-01-12 15:41:54.642 INFO  [http-nio-8080-exec-4] c.s.s.faculty.FacultyServiceImpl : 找到 0 个学院
2026-01-12 15:41:54.642 INFO  [http-nio-8080-exec-5] c.s.s.faculty.FacultyServiceImpl : 开始获取学院 非洲语言、文化和文学系 (ID: 654) 的专业列表
2026-01-12 15:41:54.642 INFO  [http-nio-8080-exec-4] c.s.service.schools.SchoolController : 成功获取到院校 139 的 0 个学院
2026-01-12 15:41:54.649 INFO  [http-nio-8080-exec-5] c.s.s.faculty.FacultyServiceImpl : 学院 非洲语言、文化和文学系 有 0 个专业
2026-01-12 15:41:54.649 INFO  [http-nio-8080-exec-5] c.s.service.schools.SchoolController : 成功获取到院校 61 的 15 个学院
2026-01-12 15:41:54.653 INFO  [http-nio-8080-exec-2] c.s.service.schools.SchoolController : 开始获取院校 153 的学院列表
2026-01-12 15:41:54.654 INFO  [http-nio-8080-exec-2] c.s.s.faculty.FacultyServiceImpl : 开始获取院校ID为 153 的学院列表
2026-01-12 15:41:54.654 INFO  [http-nio-8080-exec-7] c.s.service.schools.SchoolController : 开始获取院校 131 的学院列表
2026-01-12 15:41:54.654 INFO  [http-nio-8080-exec-7] c.s.s.faculty.FacultyServiceImpl : 开始获取院校ID为 131 的学院列表
2026-01-12 15:41:54.654 INFO  [http-nio-8080-exec-6] c.s.service.schools.SchoolController : 开始获取院校 140 的学院列表
2026-01-12 15:41:54.654 INFO  [http-nio-8080-exec-6] c.s.s.faculty.FacultyServiceImpl : 开始获取院校ID为 140 的学院列表
2026-01-12 15:41:54.656 INFO  [http-nio-8080-exec-3] c.s.service.schools.SchoolController : 开始获取院校 154 的学院列表
2026-01-12 15:41:54.656 INFO  [http-nio-8080-exec-9] c.s.service.schools.SchoolController : 开始获取院校 151 的学院列表
2026-01-12 15:41:54.656 INFO  [http-nio-8080-exec-10] c.s.service.schools.SchoolController : 开始获取院校 133 的学院列表
2026-01-12 15:41:54.656 INFO  [http-nio-8080-exec-3] c.s.s.faculty.FacultyServiceImpl : 开始获取院校ID为 154 的学院列表
2026-01-12 15:41:54.656 INFO  [http-nio-8080-exec-10] c.s.s.faculty.FacultyServiceImpl : 开始获取院校ID为 133 的学院列表
2026-01-12 15:41:54.656 INFO  [http-nio-8080-exec-9] c.s.s.faculty.FacultyServiceImpl : 开始获取院校ID为 151 的学院列表
2026-01-12 15:41:54.658 INFO  [http-nio-8080-exec-9] c.s.s.faculty.FacultyServiceImpl : 找到 0 个学院
2026-01-12 15:41:54.658 INFO  [http-nio-8080-exec-6] c.s.s.faculty.FacultyServiceImpl : 找到 0 个学院
2026-01-12 15:41:54.658 INFO  [http-nio-8080-exec-9] c.s.service.schools.SchoolController : 成功获取到院校 151 的 0 个学院
2026-01-12 15:41:54.658 INFO  [http-nio-8080-exec-6] c.s.service.schools.SchoolController : 成功获取到院校 140 的 0 个学院
2026-01-12 15:41:54.658 INFO  [http-nio-8080-exec-10] c.s.s.faculty.FacultyServiceImpl : 找到 0 个学院
2026-01-12 15:41:54.658 INFO  [http-nio-8080-exec-3] c.s.s.faculty.FacultyServiceImpl : 找到 0 个学院
2026-01-12 15:41:54.658 INFO  [http-nio-8080-exec-3] c.s.service.schools.SchoolController : 成功获取到院校 154 的 0 个学院
2026-01-12 15:41:54.658 INFO  [http-nio-8080-exec-10] c.s.service.schools.SchoolController : 成功获取到院校 133 的 0 个学院
2026-01-12 15:41:54.659 INFO  [http-nio-8080-exec-7] c.s.s.faculty.FacultyServiceImpl : 找到 0 个学院
2026-01-12 15:41:54.659 INFO  [http-nio-8080-exec-7] c.s.service.schools.SchoolController : 成功获取到院校 131 的 0 个学院
2026-01-12 15:41:54.664 INFO  [http-nio-8080-exec-2] c.s.s.faculty.FacultyServiceImpl : 找到 0 个学院
2026-01-12 15:41:54.664 INFO  [http-nio-8080-exec-2] c.s.service.schools.SchoolController : 成功获取到院校 153 的 0 个学院
2026-01-12 15:41:54.671 INFO  [http-nio-8080-exec-1] c.s.service.schools.SchoolController : 开始获取院校 125 的学院列表
2026-01-12 15:41:54.671 INFO  [http-nio-8080-exec-1] c.s.s.faculty.FacultyServiceImpl : 开始获取院校ID为 125 的学院列表
2026-01-12 15:41:54.671 INFO  [http-nio-8080-exec-8] c.s.service.schools.SchoolController : 开始获取院校 123 的学院列表
2026-01-12 15:41:54.671 INFO  [http-nio-8080-exec-8] c.s.s.faculty.FacultyServiceImpl : 开始获取院校ID为 123 的学院列表
2026-01-12 15:41:54.673 INFO  [http-nio-8080-exec-4] c.s.service.schools.SchoolController : 开始获取院校 126 的学院列表
2026-01-12 15:41:54.673 INFO  [http-nio-8080-exec-4] c.s.s.faculty.FacultyServiceImpl : 开始获取院校ID为 126 的学院列表
2026-01-12 15:41:54.673 INFO  [http-nio-8080-exec-5] c.s.service.schools.SchoolController : 开始获取院校 145 的学院列表
2026-01-12 15:41:54.673 INFO  [http-nio-8080-exec-5] c.s.s.faculty.FacultyServiceImpl : 开始获取院校ID为 145 的学院列表
2026-01-12 15:41:54.674 INFO  [http-nio-8080-exec-9] c.s.service.schools.SchoolController : 开始获取院校 128 的学院列表
2026-01-12 15:41:54.674 INFO  [http-nio-8080-exec-9] c.s.s.faculty.FacultyServiceImpl : 开始获取院校ID为 128 的学院列表
2026-01-12 15:41:54.674 INFO  [http-nio-8080-exec-3] c.s.service.schools.SchoolController : 开始获取院校 148 的学院列表
2026-01-12 15:41:54.674 INFO  [http-nio-8080-exec-3] c.s.s.faculty.FacultyServiceImpl : 开始获取院校ID为 148 的学院列表
2026-01-12 15:41:54.675 INFO  [http-nio-8080-exec-5] c.s.s.faculty.FacultyServiceImpl : 找到 0 个学院
2026-01-12 15:41:54.675 INFO  [http-nio-8080-exec-5] c.s.service.schools.SchoolController : 成功获取到院校 145 的 0 个学院
2026-01-12 15:41:54.676 INFO  [http-nio-8080-exec-4] c.s.s.faculty.FacultyServiceImpl : 找到 0 个学院
2026-01-12 15:41:54.676 INFO  [http-nio-8080-exec-4] c.s.service.schools.SchoolController : 成功获取到院校 126 的 0 个学院
2026-01-12 15:41:54.676 INFO  [http-nio-8080-exec-1] c.s.s.faculty.FacultyServiceImpl : 找到 0 个学院
2026-01-12 15:41:54.676 INFO  [http-nio-8080-exec-1] c.s.service.schools.SchoolController : 成功获取到院校 125 的 0 个学院
2026-01-12 15:41:54.676 INFO  [http-nio-8080-exec-8] c.s.s.faculty.FacultyServiceImpl : 找到 0 个学院
2026-01-12 15:41:54.676 INFO  [http-nio-8080-exec-8] c.s.service.schools.SchoolController : 成功获取到院校 123 的 0 个学院
2026-01-12 15:41:54.681 INFO  [http-nio-8080-exec-9] c.s.s.faculty.FacultyServiceImpl : 找到 0 个学院
2026-01-12 15:41:54.682 INFO  [http-nio-8080-exec-9] c.s.service.schools.SchoolController : 成功获取到院校 128 的 0 个学院
2026-01-12 15:41:54.684 INFO  [http-nio-8080-exec-3] c.s.s.faculty.FacultyServiceImpl : 找到 0 个学院
2026-01-12 15:41:54.684 INFO  [http-nio-8080-exec-3] c.s.service.schools.SchoolController : 成功获取到院校 148 的 0 个学院
2026-01-12 15:41:54.690 INFO  [http-nio-8080-exec-6] c.s.service.schools.SchoolController : 开始获取院校 122 的学院列表
2026-01-12 15:41:54.690 INFO  [http-nio-8080-exec-6] c.s.s.faculty.FacultyServiceImpl : 开始获取院校ID为 122 的学院列表
2026-01-12 15:41:54.690 INFO  [http-nio-8080-exec-10] c.s.service.schools.SchoolController : 开始获取院校 144 的学院列表
2026-01-12 15:41:54.690 INFO  [http-nio-8080-exec-10] c.s.s.faculty.FacultyServiceImpl : 开始获取院校ID为 144 的学院列表
2026-01-12 15:41:54.693 INFO  [http-nio-8080-exec-2] c.s.service.schools.SchoolController : 开始获取院校 141 的学院列表
2026-01-12 15:41:54.693 INFO  [http-nio-8080-exec-2] c.s.s.faculty.FacultyServiceImpl : 开始获取院校ID为 141 的学院列表
2026-01-12 15:41:54.693 INFO  [http-nio-8080-exec-7] c.s.service.schools.SchoolController : 开始获取院校 158 的学院列表
2026-01-12 15:41:54.694 INFO  [http-nio-8080-exec-4] c.s.service.schools.SchoolController : 开始获取院校 156 的学院列表
2026-01-12 15:41:54.694 INFO  [http-nio-8080-exec-4] c.s.s.faculty.FacultyServiceImpl : 开始获取院校ID为 156 的学院列表
2026-01-12 15:41:54.693 INFO  [http-nio-8080-exec-1] c.s.service.schools.SchoolController : 开始获取院校 157 的学院列表
2026-01-12 15:41:54.694 INFO  [http-nio-8080-exec-1] c.s.s.faculty.FacultyServiceImpl : 开始获取院校ID为 157 的学院列表
2026-01-12 15:41:54.694 INFO  [http-nio-8080-exec-7] c.s.s.faculty.FacultyServiceImpl : 开始获取院校ID为 158 的学院列表
2026-01-12 15:41:54.698 INFO  [http-nio-8080-exec-10] c.s.s.faculty.FacultyServiceImpl : 找到 0 个学院
2026-01-12 15:41:54.698 INFO  [http-nio-8080-exec-6] c.s.s.faculty.FacultyServiceImpl : 找到 0 个学院
2026-01-12 15:41:54.698 INFO  [http-nio-8080-exec-10] c.s.service.schools.SchoolController : 成功获取到院校 144 的 0 个学院
2026-01-12 15:41:54.698 INFO  [http-nio-8080-exec-6] c.s.service.schools.SchoolController : 成功获取到院校 122 的 0 个学院
2026-01-12 15:41:54.699 INFO  [http-nio-8080-exec-2] c.s.s.faculty.FacultyServiceImpl : 找到 0 个学院
2026-01-12 15:41:54.702 INFO  [http-nio-8080-exec-2] c.s.service.schools.SchoolController : 成功获取到院校 141 的 0 个学院
2026-01-12 15:41:54.703 INFO  [http-nio-8080-exec-1] c.s.s.faculty.FacultyServiceImpl : 找到 0 个学院
2026-01-12 15:41:54.703 INFO  [http-nio-8080-exec-1] c.s.service.schools.SchoolController : 成功获取到院校 157 的 0 个学院
2026-01-12 15:41:54.704 INFO  [http-nio-8080-exec-4] c.s.s.faculty.FacultyServiceImpl : 找到 0 个学院
2026-01-12 15:41:54.705 INFO  [http-nio-8080-exec-4] c.s.service.schools.SchoolController : 成功获取到院校 156 的 0 个学院
2026-01-12 15:41:54.706 INFO  [http-nio-8080-exec-5] c.s.service.schools.SchoolController : 开始获取院校 127 的学院列表
2026-01-12 15:41:54.706 INFO  [http-nio-8080-exec-5] c.s.s.faculty.FacultyServiceImpl : 开始获取院校ID为 127 的学院列表
2026-01-12 15:41:54.706 INFO  [http-nio-8080-exec-7] c.s.s.faculty.FacultyServiceImpl : 找到 0 个学院
2026-01-12 15:41:54.707 INFO  [http-nio-8080-exec-7] c.s.service.schools.SchoolController : 成功获取到院校 158 的 0 个学院
2026-01-12 15:41:54.708 INFO  [http-nio-8080-exec-8] c.s.service.schools.SchoolController : 开始获取院校 132 的学院列表
2026-01-12 15:41:54.708 INFO  [http-nio-8080-exec-8] c.s.s.faculty.FacultyServiceImpl : 开始获取院校ID为 132 的学院列表
2026-01-12 15:41:54.708 INFO  [http-nio-8080-exec-9] c.s.service.schools.SchoolController : 开始获取院校 155 的学院列表
2026-01-12 15:41:54.708 INFO  [http-nio-8080-exec-9] c.s.s.faculty.FacultyServiceImpl : 开始获取院校ID为 155 的学院列表
2026-01-12 15:41:54.711 INFO  [http-nio-8080-exec-3] c.s.service.schools.SchoolController : 开始获取院校 142 的学院列表
2026-01-12 15:41:54.711 INFO  [http-nio-8080-exec-3] c.s.s.faculty.FacultyServiceImpl : 开始获取院校ID为 142 的学院列表
2026-01-12 15:41:54.711 INFO  [http-nio-8080-exec-10] c.s.service.schools.SchoolController : 开始获取院校 130 的学院列表
2026-01-12 15:41:54.711 INFO  [http-nio-8080-exec-10] c.s.s.faculty.FacultyServiceImpl : 开始获取院校ID为 130 的学院列表
2026-01-12 15:41:54.714 INFO  [http-nio-8080-exec-5] c.s.s.faculty.FacultyServiceImpl : 找到 0 个学院
2026-01-12 15:41:54.715 INFO  [http-nio-8080-exec-5] c.s.service.schools.SchoolController : 成功获取到院校 127 的 0 个学院
2026-01-12 15:41:54.715 INFO  [http-nio-8080-exec-3] c.s.s.faculty.FacultyServiceImpl : 找到 0 个学院
2026-01-12 15:41:54.715 INFO  [http-nio-8080-exec-3] c.s.service.schools.SchoolController : 成功获取到院校 142 的 0 个学院
2026-01-12 15:41:54.715 INFO  [http-nio-8080-exec-6] c.s.service.schools.SchoolController : 开始获取院校 70 的学院列表
2026-01-12 15:41:54.715 INFO  [http-nio-8080-exec-6] c.s.s.faculty.FacultyServiceImpl : 开始获取院校ID为 70 的学院列表
2026-01-12 15:41:54.715 INFO  [http-nio-8080-exec-8] c.s.s.faculty.FacultyServiceImpl : 找到 0 个学院
2026-01-12 15:41:54.715 INFO  [http-nio-8080-exec-9] c.s.s.faculty.FacultyServiceImpl : 找到 0 个学院
2026-01-12 15:41:54.716 INFO  [http-nio-8080-exec-8] c.s.service.schools.SchoolController : 成功获取到院校 132 的 0 个学院
2026-01-12 15:41:54.716 INFO  [http-nio-8080-exec-10] c.s.s.faculty.FacultyServiceImpl : 找到 0 个学院
2026-01-12 15:41:54.716 INFO  [http-nio-8080-exec-9] c.s.service.schools.SchoolController : 成功获取到院校 155 的 0 个学院
2026-01-12 15:41:54.716 INFO  [http-nio-8080-exec-10] c.s.service.schools.SchoolController : 成功获取到院校 130 的 0 个学院
2026-01-12 15:41:54.722 INFO  [http-nio-8080-exec-6] c.s.s.faculty.FacultyServiceImpl : 找到 7 个学院
2026-01-12 15:41:54.722 INFO  [http-nio-8080-exec-6] c.s.s.faculty.FacultyServiceImpl : 开始获取学院 UAL创意计算学院 (ID: 471) 的专业列表
2026-01-12 15:41:54.723 INFO  [http-nio-8080-exec-6] c.s.s.faculty.FacultyServiceImpl : 学院 UAL创意计算学院 有 0 个专业
2026-01-12 15:41:54.723 INFO  [http-nio-8080-exec-6] c.s.s.faculty.FacultyServiceImpl : 开始获取学院 中央圣马丁学院 (ID: 472) 的专业列表
2026-01-12 15:41:54.724 INFO  [http-nio-8080-exec-2] c.s.service.schools.SchoolController : 开始获取院校 90 的学院列表
2026-01-12 15:41:54.724 INFO  [http-nio-8080-exec-2] c.s.s.faculty.FacultyServiceImpl : 开始获取院校ID为 90 的学院列表
2026-01-12 15:41:54.725 INFO  [http-nio-8080-exec-6] c.s.s.faculty.FacultyServiceImpl : 学院 中央圣马丁学院 有 0 个专业
2026-01-12 15:41:54.725 INFO  [http-nio-8080-exec-6] c.s.s.faculty.FacultyServiceImpl : 开始获取学院 伦敦传媒学院 (ID: 473) 的专业列表
2026-01-12 15:41:54.728 INFO  [http-nio-8080-exec-6] c.s.s.faculty.FacultyServiceImpl : 学院 伦敦传媒学院 有 0 个专业
2026-01-12 15:41:54.728 INFO  [http-nio-8080-exec-6] c.s.s.faculty.FacultyServiceImpl : 开始获取学院 伦敦时装学院 (ID: 474) 的专业列表
2026-01-12 15:41:54.732 INFO  [http-nio-8080-exec-6] c.s.s.faculty.FacultyServiceImpl : 学院 伦敦时装学院 有 0 个专业
2026-01-12 15:41:54.732 INFO  [http-nio-8080-exec-6] c.s.s.faculty.FacultyServiceImpl : 开始获取学院 切尔西艺术学院 (ID: 475) 的专业列表
2026-01-12 15:41:54.732 INFO  [http-nio-8080-exec-2] c.s.s.faculty.FacultyServiceImpl : 找到 3 个学院
2026-01-12 15:41:54.732 INFO  [http-nio-8080-exec-2] c.s.s.faculty.FacultyServiceImpl : 开始获取学院 健康、生命科学与教育学院 (ID: 534) 的专业列表
2026-01-12 15:41:54.733 INFO  [http-nio-8080-exec-2] c.s.s.faculty.FacultyServiceImpl : 学院 健康、生命科学与教育学院 有 0 个专业
2026-01-12 15:41:54.733 INFO  [http-nio-8080-exec-2] c.s.s.faculty.FacultyServiceImpl : 开始获取学院 数学 (ID: 535) 的专业列表
2026-01-12 15:41:54.733 INFO  [http-nio-8080-exec-6] c.s.s.faculty.FacultyServiceImpl : 学院 切尔西艺术学院 有 0 个专业
2026-01-12 15:41:54.733 INFO  [http-nio-8080-exec-6] c.s.s.faculty.FacultyServiceImpl : 开始获取学院 坎伯韦尔艺术学院 (ID: 476) 的专业列表
2026-01-12 15:41:54.734 INFO  [http-nio-8080-exec-2] c.s.s.faculty.FacultyServiceImpl : 学院 数学 有 0 个专业
2026-01-12 15:41:54.734 INFO  [http-nio-8080-exec-2] c.s.s.faculty.FacultyServiceImpl : 开始获取学院 工程、数学和可持续发展学院 (ID: 536) 的专业列表
2026-01-12 15:41:54.734 INFO  [http-nio-8080-exec-6] c.s.s.faculty.FacultyServiceImpl : 学院 坎伯韦尔艺术学院 有 0 个专业
2026-01-12 15:41:54.734 INFO  [http-nio-8080-exec-6] c.s.s.faculty.FacultyServiceImpl : 开始获取学院 温布尔登艺术学院 (ID: 477) 的专业列表
2026-01-12 15:41:54.735 INFO  [http-nio-8080-exec-2] c.s.s.faculty.FacultyServiceImpl : 学院 工程、数学和可持续发展学院 有 0 个专业
2026-01-12 15:41:54.735 INFO  [http-nio-8080-exec-6] c.s.s.faculty.FacultyServiceImpl : 学院 温布尔登艺术学院 有 0 个专业
2026-01-12 15:41:54.735 INFO  [http-nio-8080-exec-6] c.s.service.schools.SchoolController : 成功获取到院校 70 的 7 个学院
2026-01-12 15:41:54.735 INFO  [http-nio-8080-exec-2] c.s.service.schools.SchoolController : 成功获取到院校 90 的 3 个学院
2026-01-12 15:41:54.765 INFO  [http-nio-8080-exec-1] c.s.service.schools.SchoolController : 开始获取院校 112 的学院列表
2026-01-12 15:41:54.765 INFO  [http-nio-8080-exec-1] c.s.s.faculty.FacultyServiceImpl : 开始获取院校ID为 112 的学院列表
2026-01-12 15:41:54.766 INFO  [http-nio-8080-exec-4] c.s.service.schools.SchoolController : 开始获取院校 27 的学院列表
2026-01-12 15:41:54.771 INFO  [http-nio-8080-exec-4] c.s.s.faculty.FacultyServiceImpl : 开始获取院校ID为 27 的学院列表
2026-01-12 15:41:54.776 INFO  [http-nio-8080-exec-7] c.s.service.schools.SchoolController : 开始获取院校 12 的学院列表
2026-01-12 15:41:54.776 INFO  [http-nio-8080-exec-7] c.s.s.faculty.FacultyServiceImpl : 开始获取院校ID为 12 的学院列表
2026-01-12 15:41:54.776 INFO  [http-nio-8080-exec-5] c.s.service.schools.SchoolController : 开始获取院校 2 的学院列表
2026-01-12 15:41:54.776 INFO  [http-nio-8080-exec-5] c.s.s.faculty.FacultyServiceImpl : 开始获取院校ID为 2 的学院列表
2026-01-12 15:41:54.785 INFO  [http-nio-8080-exec-3] c.s.service.schools.SchoolController : 开始获取院校 3 的学院列表
2026-01-12 15:41:54.787 INFO  [http-nio-8080-exec-3] c.s.s.faculty.FacultyServiceImpl : 开始获取院校ID为 3 的学院列表
2026-01-12 15:41:54.789 INFO  [http-nio-8080-exec-8] c.s.service.schools.SchoolController : 开始获取院校 5 的学院列表
2026-01-12 15:41:54.789 INFO  [http-nio-8080-exec-8] c.s.s.faculty.FacultyServiceImpl : 开始获取院校ID为 5 的学院列表
2026-01-12 15:41:54.793 INFO  [http-nio-8080-exec-4] c.s.s.faculty.FacultyServiceImpl : 找到 0 个学院
2026-01-12 15:41:54.801 INFO  [http-nio-8080-exec-4] c.s.service.schools.SchoolController : 成功获取到院校 27 的 0 个学院
2026-01-12 15:41:54.793 INFO  [http-nio-8080-exec-5] c.s.s.faculty.FacultyServiceImpl : 找到 3 个学院
2026-01-12 15:41:54.806 INFO  [http-nio-8080-exec-5] c.s.s.faculty.FacultyServiceImpl : 开始获取学院 工程学院 (ID: 10) 的专业列表
2026-01-12 15:41:54.798 INFO  [http-nio-8080-exec-1] c.s.s.faculty.FacultyServiceImpl : 找到 8 个学院
2026-01-12 15:41:54.810 INFO  [http-nio-8080-exec-1] c.s.s.faculty.FacultyServiceImpl : 开始获取学院 创新与技术学院 (ID: 578) 的专业列表
2026-01-12 15:41:54.807 INFO  [http-nio-8080-exec-7] c.s.s.faculty.FacultyServiceImpl : 找到 5 个学院
2026-01-12 15:41:54.813 INFO  [http-nio-8080-exec-7] c.s.s.faculty.FacultyServiceImpl : 开始获取学院 工程学院 (ID: 35) 的专业列表
2026-01-12 15:41:54.810 INFO  [http-nio-8080-exec-3] c.s.s.faculty.FacultyServiceImpl : 找到 9 个学院
2026-01-12 15:41:54.819 INFO  [http-nio-8080-exec-3] c.s.s.faculty.FacultyServiceImpl : 开始获取学院 人文学院 (ID: 13) 的专业列表
2026-01-12 15:41:54.813 INFO  [http-nio-8080-exec-9] c.s.service.schools.SchoolController : 开始获取院校 13 的学院列表
2026-01-12 15:41:54.818 INFO  [http-nio-8080-exec-1] c.s.s.faculty.FacultyServiceImpl : 学院 创新与技术学院 有 0 个专业
2026-01-12 15:41:54.829 INFO  [http-nio-8080-exec-9] c.s.s.faculty.FacultyServiceImpl : 开始获取院校ID为 13 的学院列表
2026-01-12 15:41:54.829 INFO  [http-nio-8080-exec-1] c.s.s.faculty.FacultyServiceImpl : 开始获取学院 美术学院 (ID: 579) 的专业列表
2026-01-12 15:41:54.829 INFO  [http-nio-8080-exec-5] c.s.s.faculty.FacultyServiceImpl : 学院 工程学院 有 1 个专业
2026-01-12 15:41:54.834 INFO  [http-nio-8080-exec-5] c.s.s.faculty.FacultyServiceImpl : 开始获取学院 商学院 (ID: 11) 的专业列表
2026-01-12 15:41:54.837 INFO  [http-nio-8080-exec-5] c.s.s.faculty.FacultyServiceImpl : 学院 商学院 有 1 个专业
2026-01-12 15:41:54.837 INFO  [http-nio-8080-exec-5] c.s.s.faculty.FacultyServiceImpl : 开始获取学院 医学院 (ID: 12) 的专业列表
2026-01-12 15:41:54.838 INFO  [http-nio-8080-exec-8] c.s.s.faculty.FacultyServiceImpl : 找到 3 个学院
2026-01-12 15:41:54.838 INFO  [http-nio-8080-exec-8] c.s.s.faculty.FacultyServiceImpl : 开始获取学院 计算机学院 (ID: 17) 的专业列表
2026-01-12 15:41:54.841 INFO  [http-nio-8080-exec-1] c.s.s.faculty.FacultyServiceImpl : 学院 美术学院 有 0 个专业
2026-01-12 15:41:54.841 INFO  [http-nio-8080-exec-1] c.s.s.faculty.FacultyServiceImpl : 开始获取学院 设计学院 (ID: 580) 的专业列表
2026-01-12 15:41:54.844 INFO  [http-nio-8080-exec-8] c.s.s.faculty.FacultyServiceImpl : 学院 计算机学院 有 1 个专业
2026-01-12 15:41:54.844 INFO  [http-nio-8080-exec-8] c.s.s.faculty.FacultyServiceImpl : 开始获取学院 商学院 (ID: 18) 的专业列表
2026-01-12 15:41:54.848 INFO  [http-nio-8080-exec-5] c.s.s.faculty.FacultyServiceImpl : 学院 医学院 有 1 个专业
2026-01-12 15:41:54.848 INFO  [http-nio-8080-exec-5] c.s.service.schools.SchoolController : 成功获取到院校 2 的 3 个学院
2026-01-12 15:41:54.851 INFO  [http-nio-8080-exec-8] c.s.s.faculty.FacultyServiceImpl : 学院 商学院 有 1 个专业
2026-01-12 15:41:54.851 INFO  [http-nio-8080-exec-1] c.s.s.faculty.FacultyServiceImpl : 学院 设计学院 有 0 个专业
2026-01-12 15:41:54.851 INFO  [http-nio-8080-exec-8] c.s.s.faculty.FacultyServiceImpl : 开始获取学院 工程学院 (ID: 19) 的专业列表
2026-01-12 15:41:54.851 INFO  [http-nio-8080-exec-1] c.s.s.faculty.FacultyServiceImpl : 开始获取学院 麦金托什建筑学院 (ID: 581) 的专业列表
2026-01-12 15:41:54.852 INFO  [http-nio-8080-exec-9] c.s.s.faculty.FacultyServiceImpl : 找到 19 个学院
2026-01-12 15:41:54.852 INFO  [http-nio-8080-exec-9] c.s.s.faculty.FacultyServiceImpl : 开始获取学院 工程学院 (ID: 26) 的专业列表
2026-01-12 15:41:54.852 INFO  [http-nio-8080-exec-1] c.s.s.faculty.FacultyServiceImpl : 学院 麦金托什建筑学院 有 0 个专业
2026-01-12 15:41:54.852 INFO  [http-nio-8080-exec-1] c.s.s.faculty.FacultyServiceImpl : 开始获取学院 创新与技术学院 (ID: 701) 的专业列表
2026-01-12 15:41:54.852 INFO  [http-nio-8080-exec-8] c.s.s.faculty.FacultyServiceImpl : 学院 工程学院 有 1 个专业
2026-01-12 15:41:54.853 INFO  [http-nio-8080-exec-8] c.s.service.schools.SchoolController : 成功获取到院校 5 的 3 个学院
2026-01-12 15:41:54.854 INFO  [http-nio-8080-exec-1] c.s.s.faculty.FacultyServiceImpl : 学院 创新与技术学院 有 0 个专业
2026-01-12 15:41:54.855 INFO  [http-nio-8080-exec-1] c.s.s.faculty.FacultyServiceImpl : 开始获取学院 美术学院 (ID: 702) 的专业列表
2026-01-12 15:41:54.860 INFO  [http-nio-8080-exec-1] c.s.s.faculty.FacultyServiceImpl : 学院 美术学院 有 0 个专业
2026-01-12 15:41:54.860 INFO  [http-nio-8080-exec-1] c.s.s.faculty.FacultyServiceImpl : 开始获取学院 设计学院 (ID: 703) 的专业列表
2026-01-12 15:41:54.862 INFO  [http-nio-8080-exec-2] c.s.service.schools.SchoolController : 开始获取院校 4 的学院列表
2026-01-12 15:41:54.866 INFO  [http-nio-8080-exec-2] c.s.s.faculty.FacultyServiceImpl : 开始获取院校ID为 4 的学院列表
2026-01-12 15:41:54.862 INFO  [http-nio-8080-exec-10] c.s.service.schools.SchoolController : 开始获取院校 17 的学院列表
2026-01-12 15:41:54.867 INFO  [http-nio-8080-exec-10] c.s.s.faculty.FacultyServiceImpl : 开始获取院校ID为 17 的学院列表
2026-01-12 15:41:54.867 INFO  [http-nio-8080-exec-1] c.s.s.faculty.FacultyServiceImpl : 学院 设计学院 有 0 个专业
2026-01-12 15:41:54.868 INFO  [http-nio-8080-exec-1] c.s.s.faculty.FacultyServiceImpl : 开始获取学院 麦金托什建筑学院 (ID: 704) 的专业列表
2026-01-12 15:41:54.868 INFO  [http-nio-8080-exec-7] c.s.s.faculty.FacultyServiceImpl : 学院 工程学院 有 52 个专业
2026-01-12 15:41:54.868 INFO  [http-nio-8080-exec-7] c.s.s.faculty.FacultyServiceImpl : 开始获取学院 商学院 (ID: 36) 的专业列表
2026-01-12 15:41:54.869 INFO  [http-nio-8080-exec-1] c.s.s.faculty.FacultyServiceImpl : 学院 麦金托什建筑学院 有 0 个专业
2026-01-12 15:41:54.869 INFO  [http-nio-8080-exec-1] c.s.service.schools.SchoolController : 成功获取到院校 112 的 8 个学院
2026-01-12 15:41:54.869 INFO  [http-nio-8080-exec-2] c.s.s.faculty.FacultyServiceImpl : 找到 2 个学院
2026-01-12 15:41:54.869 INFO  [http-nio-8080-exec-2] c.s.s.faculty.FacultyServiceImpl : 开始获取学院 商业与经济学院 (ID: 15) 的专业列表
2026-01-12 15:41:54.870 INFO  [http-nio-8080-exec-2] c.s.s.faculty.FacultyServiceImpl : 学院 商业与经济学院 有 1 个专业
2026-01-12 15:41:54.870 INFO  [http-nio-8080-exec-2] c.s.s.faculty.FacultyServiceImpl : 开始获取学院 计算与工程学院 (ID: 16) 的专业列表
2026-01-12 15:41:54.874 INFO  [http-nio-8080-exec-3] c.s.s.faculty.FacultyServiceImpl : 学院 人文学院 有 92 个专业
2026-01-12 15:41:54.874 INFO  [http-nio-8080-exec-2] c.s.s.faculty.FacultyServiceImpl : 学院 计算与工程学院 有 1 个专业
2026-01-12 15:41:54.874 INFO  [http-nio-8080-exec-2] c.s.service.schools.SchoolController : 成功获取到院校 4 的 2 个学院
2026-01-12 15:41:54.874 INFO  [http-nio-8080-exec-3] c.s.s.faculty.FacultyServiceImpl : 开始获取学院 医学科学部 (ID: 712) 的专业列表
2026-01-12 15:41:54.875 INFO  [http-nio-8080-exec-6] c.s.service.schools.SchoolController : 开始获取院校 15 的学院列表
2026-01-12 15:41:54.875 INFO  [http-nio-8080-exec-6] c.s.s.faculty.FacultyServiceImpl : 开始获取院校ID为 15 的学院列表
2026-01-12 15:41:54.875 INFO  [http-nio-8080-exec-10] c.s.s.faculty.FacultyServiceImpl : 找到 18 个学院
2026-01-12 15:41:54.875 INFO  [http-nio-8080-exec-10] c.s.s.faculty.FacultyServiceImpl : 开始获取学院 自然科学与数学学院 (ID: 53) 的专业列表
2026-01-12 15:41:54.875 INFO  [http-nio-8080-exec-9] c.s.s.faculty.FacultyServiceImpl : 学院 工程学院 有 57 个专业
2026-01-12 15:41:54.875 INFO  [http-nio-8080-exec-9] c.s.s.faculty.FacultyServiceImpl : 开始获取学院 计算机科学系 (ID: 27) 的专业列表
2026-01-12 15:41:54.881 INFO  [http-nio-8080-exec-4] c.s.service.schools.SchoolController : 开始获取院校 16 的学院列表
2026-01-12 15:41:54.882 INFO  [http-nio-8080-exec-4] c.s.s.faculty.FacultyServiceImpl : 开始获取院校ID为 16 的学院列表
2026-01-12 15:41:54.883 INFO  [http-nio-8080-exec-7] c.s.s.faculty.FacultyServiceImpl : 学院 商学院 有 29 个专业
2026-01-12 15:41:54.883 INFO  [http-nio-8080-exec-7] c.s.s.faculty.FacultyServiceImpl : 开始获取学院 医学院 (ID: 37) 的专业列表
2026-01-12 15:41:54.885 INFO  [http-nio-8080-exec-3] c.s.s.faculty.FacultyServiceImpl : 学院 医学科学部 有 20 个专业
2026-01-12 15:41:54.885 INFO  [http-nio-8080-exec-3] c.s.s.faculty.FacultyServiceImpl : 开始获取学院 地球科学系 (ID: 713) 的专业列表
2026-01-12 15:41:54.886 INFO  [http-nio-8080-exec-10] c.s.s.faculty.FacultyServiceImpl : 学院 自然科学与数学学院 有 19 个专业
2026-01-12 15:41:54.886 INFO  [http-nio-8080-exec-10] c.s.s.faculty.FacultyServiceImpl : 开始获取学院 商学院 (ID: 54) 的专业列表
2026-01-12 15:41:54.886 INFO  [http-nio-8080-exec-9] c.s.s.faculty.FacultyServiceImpl : 学院 计算机科学系 有 18 个专业
2026-01-12 15:41:54.886 INFO  [http-nio-8080-exec-9] c.s.s.faculty.FacultyServiceImpl : 开始获取学院 巴特莱特建筑学院 (ID: 28) 的专业列表
2026-01-12 15:41:54.887 INFO  [http-nio-8080-exec-3] c.s.s.faculty.FacultyServiceImpl : 学院 地球科学系 有 1 个专业
2026-01-12 15:41:54.887 INFO  [http-nio-8080-exec-3] c.s.s.faculty.FacultyServiceImpl : 开始获取学院 数学、物理和生命科学部 (ID: 714) 的专业列表
2026-01-12 15:41:54.888 INFO  [http-nio-8080-exec-10] c.s.s.faculty.FacultyServiceImpl : 学院 商学院 有 1 个专业
2026-01-12 15:41:54.888 INFO  [http-nio-8080-exec-10] c.s.s.faculty.FacultyServiceImpl : 开始获取学院 生命科学与医学学院 (ID: 55) 的专业列表
2026-01-12 15:41:54.888 INFO  [http-nio-8080-exec-6] c.s.s.faculty.FacultyServiceImpl : 找到 21 个学院
2026-01-12 15:41:54.888 INFO  [http-nio-8080-exec-6] c.s.s.faculty.FacultyServiceImpl : 开始获取学院 信息学院 (ID: 29) 的专业列表
2026-01-12 15:41:54.889 INFO  [http-nio-8080-exec-10] c.s.s.faculty.FacultyServiceImpl : 学院 生命科学与医学学院 有 1 个专业
2026-01-12 15:41:54.889 INFO  [http-nio-8080-exec-10] c.s.s.faculty.FacultyServiceImpl : 开始获取学院 TBC (ID: 852) 的专业列表
2026-01-12 15:41:54.889 INFO  [http-nio-8080-exec-4] c.s.s.faculty.FacultyServiceImpl : 找到 19 个学院
2026-01-12 15:41:54.889 INFO  [http-nio-8080-exec-4] c.s.s.faculty.FacultyServiceImpl : 开始获取学院 科学与工程学院 (ID: 32) 的专业列表
2026-01-12 15:41:54.890 INFO  [http-nio-8080-exec-6] c.s.s.faculty.FacultyServiceImpl : 学院 信息学院 有 9 个专业
2026-01-12 15:41:54.890 INFO  [http-nio-8080-exec-6] c.s.s.faculty.FacultyServiceImpl : 开始获取学院 商学院 (ID: 30) 的专业列表
2026-01-12 15:41:54.890 INFO  [http-nio-8080-exec-10] c.s.s.faculty.FacultyServiceImpl : 学院 TBC 有 0 个专业
2026-01-12 15:41:54.890 INFO  [http-nio-8080-exec-10] c.s.s.faculty.FacultyServiceImpl : 开始获取学院 信息学系 (ID: 853) 的专业列表
2026-01-12 15:41:54.891 INFO  [http-nio-8080-exec-4] c.s.s.faculty.FacultyServiceImpl : 学院 科学与工程学院 有 1 个专业
2026-01-12 15:41:54.891 INFO  [http-nio-8080-exec-4] c.s.s.faculty.FacultyServiceImpl : 开始获取学院 商学院 (ID: 33) 的专业列表
2026-01-12 15:41:54.891 INFO  [http-nio-8080-exec-9] c.s.s.faculty.FacultyServiceImpl : 学院 巴特莱特建筑学院 有 17 个专业
2026-01-12 15:41:54.891 INFO  [http-nio-8080-exec-9] c.s.s.faculty.FacultyServiceImpl : 开始获取学院 UCL管理学院 (ID: 725) 的专业列表
2026-01-12 15:41:54.892 INFO  [http-nio-8080-exec-10] c.s.s.faculty.FacultyServiceImpl : 学院 信息学系 有 0 个专业
2026-01-12 15:41:54.893 INFO  [http-nio-8080-exec-10] c.s.s.faculty.FacultyServiceImpl : 开始获取学院 国王商学院 (ID: 854) 的专业列表
2026-01-12 15:41:54.893 INFO  [http-nio-8080-exec-7] c.s.s.faculty.FacultyServiceImpl : 学院 医学院 有 34 个专业
2026-01-12 15:41:54.893 INFO  [http-nio-8080-exec-7] c.s.s.faculty.FacultyServiceImpl : 开始获取学院 自然科学学院 (ID: 723) 的专业列表
2026-01-12 15:41:54.895 INFO  [http-nio-8080-exec-9] c.s.s.faculty.FacultyServiceImpl : 学院 UCL管理学院 有 10 个专业
2026-01-12 15:41:54.895 INFO  [http-nio-8080-exec-9] c.s.s.faculty.FacultyServiceImpl : 开始获取学院 人口健康科学学院 (ID: 726) 的专业列表
2026-01-12 15:41:54.896 INFO  [http-nio-8080-exec-3] c.s.s.faculty.FacultyServiceImpl : 学院 数学、物理和生命科学部 有 28 个专业
2026-01-12 15:41:54.896 INFO  [http-nio-8080-exec-3] c.s.s.faculty.FacultyServiceImpl : 开始获取学院 生物系 (ID: 715) 的专业列表
2026-01-12 15:41:54.896 INFO  [http-nio-8080-exec-4] c.s.s.faculty.FacultyServiceImpl : 学院 商学院 有 1 个专业
2026-01-12 15:41:54.896 INFO  [http-nio-8080-exec-4] c.s.s.faculty.FacultyServiceImpl : 开始获取学院 计算机科学学院 (ID: 34) 的专业列表
2026-01-12 15:41:54.896 INFO  [http-nio-8080-exec-6] c.s.s.faculty.FacultyServiceImpl : 学院 商学院 有 15 个专业
2026-01-12 15:41:54.896 INFO  [http-nio-8080-exec-6] c.s.s.faculty.FacultyServiceImpl : 开始获取学院 工程学院 (ID: 31) 的专业列表
2026-01-12 15:41:54.897 INFO  [http-nio-8080-exec-10] c.s.s.faculty.FacultyServiceImpl : 学院 国王商学院 有 15 个专业
2026-01-12 15:41:54.898 INFO  [http-nio-8080-exec-10] c.s.s.faculty.FacultyServiceImpl : 开始获取学院 学术精神病学学院 (ID: 855) 的专业列表
2026-01-12 15:41:54.900 INFO  [http-nio-8080-exec-10] c.s.s.faculty.FacultyServiceImpl : 学院 学术精神病学学院 有 0 个专业
2026-01-12 15:41:54.900 INFO  [http-nio-8080-exec-10] c.s.s.faculty.FacultyServiceImpl : 开始获取学院 工程系 (ID: 856) 的专业列表
2026-01-12 15:41:54.901 INFO  [http-nio-8080-exec-3] c.s.s.faculty.FacultyServiceImpl : 学院 生物系 有 1 个专业
2026-01-12 15:41:54.901 INFO  [http-nio-8080-exec-3] c.s.s.faculty.FacultyServiceImpl : 开始获取学院 社会科学部 (ID: 716) 的专业列表
2026-01-12 15:41:54.902 INFO  [http-nio-8080-exec-4] c.s.s.faculty.FacultyServiceImpl : 学院 计算机科学学院 有 1 个专业
2026-01-12 15:41:54.902 INFO  [http-nio-8080-exec-9] c.s.s.faculty.FacultyServiceImpl : 学院 人口健康科学学院 有 31 个专业
2026-01-12 15:41:54.902 INFO  [http-nio-8080-exec-9] c.s.s.faculty.FacultyServiceImpl : 开始获取学院 全球健康商学院 (ID: 727) 的专业列表
2026-01-12 15:41:54.902 INFO  [http-nio-8080-exec-4] c.s.s.faculty.FacultyServiceImpl : 开始获取学院 化学工程和分析科学系 (ID: 836) 的专业列表
2026-01-12 15:41:54.903 INFO  [http-nio-8080-exec-6] c.s.s.faculty.FacultyServiceImpl : 学院 工程学院 有 9 个专业
2026-01-12 15:41:54.904 INFO  [http-nio-8080-exec-6] c.s.s.faculty.FacultyServiceImpl : 开始获取学院 Moray House教育与体育学院 (ID: 815) 的专业列表
2026-01-12 15:41:54.906 INFO  [http-nio-8080-exec-10] c.s.s.faculty.FacultyServiceImpl : 学院 工程系 有 0 个专业
2026-01-12 15:41:54.906 INFO  [http-nio-8080-exec-10] c.s.s.faculty.FacultyServiceImpl : 开始获取学院 弗洛伦斯丁格尔护理、助产和姑息护理学院 (ID: 857) 的专业列表
2026-01-12 15:41:54.908 INFO  [http-nio-8080-exec-9] c.s.s.faculty.FacultyServiceImpl : 学院 全球健康商学院 有 5 个专业
2026-01-12 15:41:54.908 INFO  [http-nio-8080-exec-9] c.s.s.faculty.FacultyServiceImpl : 开始获取学院 医学科学系 (ID: 728) 的专业列表
2026-01-12 15:41:54.908 INFO  [http-nio-8080-exec-4] c.s.s.faculty.FacultyServiceImpl : 学院 化学工程和分析科学系 有 1 个专业
2026-01-12 15:41:54.908 INFO  [http-nio-8080-exec-4] c.s.s.faculty.FacultyServiceImpl : 开始获取学院 化学工程系 (ID: 837) 的专业列表
2026-01-12 15:41:54.908 INFO  [http-nio-8080-exec-10] c.s.s.faculty.FacultyServiceImpl : 学院 弗洛伦斯丁格尔护理、助产和姑息护理学院 有 3 个专业
2026-01-12 15:41:54.908 INFO  [http-nio-8080-exec-10] c.s.s.faculty.FacultyServiceImpl : 开始获取学院 心理健康与心理科学学院 (ID: 858) 的专业列表
2026-01-12 15:41:54.909 INFO  [http-nio-8080-exec-6] c.s.s.faculty.FacultyServiceImpl : 学院 Moray House教育与体育学院 有 12 个专业
2026-01-12 15:41:54.909 INFO  [http-nio-8080-exec-6] c.s.s.faculty.FacultyServiceImpl : 开始获取学院 化学学院 (ID: 817) 的专业列表
2026-01-12 15:41:54.909 INFO  [http-nio-8080-exec-4] c.s.s.faculty.FacultyServiceImpl : 学院 化学工程系 有 2 个专业
2026-01-12 15:41:54.909 INFO  [http-nio-8080-exec-4] c.s.s.faculty.FacultyServiceImpl : 开始获取学院 化学系 (ID: 838) 的专业列表
2026-01-12 15:41:54.910 INFO  [http-nio-8080-exec-7] c.s.s.faculty.FacultyServiceImpl : 学院 自然科学学院 有 72 个专业
2026-01-12 15:41:54.910 INFO  [http-nio-8080-exec-7] c.s.s.faculty.FacultyServiceImpl : 开始获取学院 语言、文化和交流中心 (ID: 724) 的专业列表
2026-01-12 15:41:54.910 INFO  [http-nio-8080-exec-10] c.s.s.faculty.FacultyServiceImpl : 学院 心理健康与心理科学学院 有 0 个专业
2026-01-12 15:41:54.910 INFO  [http-nio-8080-exec-10] c.s.s.faculty.FacultyServiceImpl : 开始获取学院 数学系 (ID: 859) 的专业列表
2026-01-12 15:41:54.910 INFO  [http-nio-8080-exec-4] c.s.s.faculty.FacultyServiceImpl : 学院 化学系 有 1 个专业
2026-01-12 15:41:54.910 INFO  [http-nio-8080-exec-4] c.s.s.faculty.FacultyServiceImpl : 开始获取学院 土木工程与管理系 (ID: 839) 的专业列表
2026-01-12 15:41:54.913 INFO  [http-nio-8080-exec-6] c.s.s.faculty.FacultyServiceImpl : 学院 化学学院 有 3 个专业
2026-01-12 15:41:54.913 INFO  [http-nio-8080-exec-7] c.s.s.faculty.FacultyServiceImpl : 学院 语言、文化和交流中心 有 2 个专业
2026-01-12 15:41:54.913 INFO  [http-nio-8080-exec-6] c.s.s.faculty.FacultyServiceImpl : 开始获取学院 历史、古典和考古学院 (ID: 818) 的专业列表
2026-01-12 15:41:54.913 INFO  [http-nio-8080-exec-7] c.s.service.schools.SchoolController : 成功获取到院校 12 的 5 个学院
2026-01-12 15:41:54.913 INFO  [http-nio-8080-exec-10] c.s.s.faculty.FacultyServiceImpl : 学院 数学系 有 0 个专业
2026-01-12 15:41:54.915 INFO  [http-nio-8080-exec-10] c.s.s.faculty.FacultyServiceImpl : 开始获取学院 潘迪生法学院 (ID: 860) 的专业列表
2026-01-12 15:41:54.914 INFO  [http-nio-8080-exec-4] c.s.s.faculty.FacultyServiceImpl : 学院 土木工程与管理系 有 5 个专业
2026-01-12 15:41:54.915 INFO  [http-nio-8080-exec-4] c.s.s.faculty.FacultyServiceImpl : 开始获取学院 地球和环境科学系 (ID: 840) 的专业列表
2026-01-12 15:41:54.920 INFO  [http-nio-8080-exec-4] c.s.s.faculty.FacultyServiceImpl : 学院 地球和环境科学系 有 3 个专业
2026-01-12 15:41:54.920 INFO  [http-nio-8080-exec-4] c.s.s.faculty.FacultyServiceImpl : 开始获取学院 数学系 (ID: 841) 的专业列表
2026-01-12 15:41:54.920 INFO  [http-nio-8080-exec-9] c.s.s.faculty.FacultyServiceImpl : 学院 医学科学系 有 34 个专业
2026-01-12 15:41:54.921 INFO  [http-nio-8080-exec-9] c.s.s.faculty.FacultyServiceImpl : 开始获取学院 巴特莱特可持续建筑学院 (ID: 730) 的专业列表
2026-01-12 15:41:54.921 INFO  [http-nio-8080-exec-6] c.s.s.faculty.FacultyServiceImpl : 学院 历史、古典和考古学院 有 9 个专业
2026-01-12 15:41:54.921 INFO  [http-nio-8080-exec-6] c.s.s.faculty.FacultyServiceImpl : 开始获取学院 哲学、心理学和语言科学学院 (ID: 819) 的专业列表
2026-01-12 15:41:54.921 INFO  [http-nio-8080-exec-10] c.s.s.faculty.FacultyServiceImpl : 学院 潘迪生法学院 有 5 个专业
2026-01-12 15:41:54.922 INFO  [http-nio-8080-exec-10] c.s.s.faculty.FacultyServiceImpl : 开始获取学院 牙科、口腔和颅面科学学院 (ID: 861) 的专业列表
2026-01-12 15:41:54.925 INFO  [http-nio-8080-exec-4] c.s.s.faculty.FacultyServiceImpl : 学院 数学系 有 5 个专业
2026-01-12 15:41:54.925 INFO  [http-nio-8080-exec-4] c.s.s.faculty.FacultyServiceImpl : 开始获取学院 曼彻斯特商学院 (ID: 842) 的专业列表
2026-01-12 15:41:54.927 INFO  [http-nio-8080-exec-9] c.s.s.faculty.FacultyServiceImpl : 学院 巴特莱特可持续建筑学院 有 9 个专业
2026-01-12 15:41:54.927 INFO  [http-nio-8080-exec-9] c.s.s.faculty.FacultyServiceImpl : 开始获取学院 巴特莱特环境、能源和资源学院 (ID: 732) 的专业列表
2026-01-12 15:41:54.927 INFO  [http-nio-8080-exec-3] c.s.s.faculty.FacultyServiceImpl : 学院 社会科学部 有 50 个专业
2026-01-12 15:41:54.930 INFO  [http-nio-8080-exec-6] c.s.s.faculty.FacultyServiceImpl : 学院 哲学、心理学和语言科学学院 有 14 个专业
2026-01-12 15:41:54.930 INFO  [http-nio-8080-exec-6] c.s.s.faculty.FacultyServiceImpl : 开始获取学院 地质科学学院 (ID: 821) 的专业列表
2026-01-12 15:41:54.930 INFO  [http-nio-8080-exec-3] c.s.s.faculty.FacultyServiceImpl : 开始获取学院 经济学院 (ID: 717) 的专业列表
2026-01-12 15:41:54.930 INFO  [http-nio-8080-exec-10] c.s.s.faculty.FacultyServiceImpl : 学院 牙科、口腔和颅面科学学院 有 8 个专业
2026-01-12 15:41:54.930 INFO  [http-nio-8080-exec-10] c.s.s.faculty.FacultyServiceImpl : 开始获取学院 物理系 (ID: 862) 的专业列表
2026-01-12 15:41:54.931 INFO  [http-nio-8080-exec-5] c.s.service.schools.SchoolController : 开始获取院校 19 的学院列表
2026-01-12 15:41:54.931 INFO  [http-nio-8080-exec-5] c.s.s.faculty.FacultyServiceImpl : 开始获取院校ID为 19 的学院列表
2026-01-12 15:41:54.935 INFO  [http-nio-8080-exec-3] c.s.s.faculty.FacultyServiceImpl : 学院 经济学院 有 4 个专业
2026-01-12 15:41:54.935 INFO  [http-nio-8080-exec-3] c.s.s.faculty.FacultyServiceImpl : 开始获取学院 继续教育学院 (ID: 718) 的专业列表
2026-01-12 15:41:54.936 INFO  [http-nio-8080-exec-6] c.s.s.faculty.FacultyServiceImpl : 学院 地质科学学院 有 10 个专业
2026-01-12 15:41:54.936 INFO  [http-nio-8080-exec-6] c.s.s.faculty.FacultyServiceImpl : 开始获取学院 数学学院 (ID: 823) 的专业列表
2026-01-12 15:41:54.936 INFO  [http-nio-8080-exec-9] c.s.s.faculty.FacultyServiceImpl : 学院 巴特莱特环境、能源和资源学院 有 12 个专业
2026-01-12 15:41:54.936 INFO  [http-nio-8080-exec-9] c.s.s.faculty.FacultyServiceImpl : 开始获取学院 建筑环境学院 (ID: 733) 的专业列表
2026-01-12 15:41:54.936 INFO  [http-nio-8080-exec-10] c.s.s.faculty.FacultyServiceImpl : 学院 物理系 有 0 个专业
2026-01-12 15:41:54.936 INFO  [http-nio-8080-exec-10] c.s.s.faculty.FacultyServiceImpl : 开始获取学院 生命科学与医学学院 (ID: 863) 的专业列表
2026-01-12 15:41:54.937 INFO  [http-nio-8080-exec-4] c.s.s.faculty.FacultyServiceImpl : 学院 曼彻斯特商学院 有 19 个专业
2026-01-12 15:41:54.937 INFO  [http-nio-8080-exec-4] c.s.s.faculty.FacultyServiceImpl : 开始获取学院 机械与航空航天工程系 (ID: 843) 的专业列表
2026-01-12 15:41:54.937 INFO  [http-nio-8080-exec-3] c.s.s.faculty.FacultyServiceImpl : 学院 继续教育学院 有 2 个专业
2026-01-12 15:41:54.937 INFO  [http-nio-8080-exec-3] c.s.s.faculty.FacultyServiceImpl : 开始获取学院 赛德商学院 (ID: 719) 的专业列表
2026-01-12 15:41:54.938 INFO  [http-nio-8080-exec-4] c.s.s.faculty.FacultyServiceImpl : 学院 机械与航空航天工程系 有 4 个专业
2026-01-12 15:41:54.938 INFO  [http-nio-8080-exec-4] c.s.s.faculty.FacultyServiceImpl : 开始获取学院 材料系 (ID: 844) 的专业列表
2026-01-12 15:41:54.939 INFO  [http-nio-8080-exec-6] c.s.s.faculty.FacultyServiceImpl : 学院 数学学院 有 9 个专业
2026-01-12 15:41:54.939 INFO  [http-nio-8080-exec-6] c.s.s.faculty.FacultyServiceImpl : 开始获取学院 文学、语言和文化学院 (ID: 824) 的专业列表
2026-01-12 15:41:54.939 INFO  [http-nio-8080-exec-3] c.s.s.faculty.FacultyServiceImpl : 学院 赛德商学院 有 4 个专业
2026-01-12 15:41:54.940 INFO  [http-nio-8080-exec-3] c.s.service.schools.SchoolController : 成功获取到院校 3 的 9 个学院
2026-01-12 15:41:54.942 INFO  [http-nio-8080-exec-4] c.s.s.faculty.FacultyServiceImpl : 学院 材料系 有 9 个专业
2026-01-12 15:41:54.942 INFO  [http-nio-8080-exec-4] c.s.s.faculty.FacultyServiceImpl : 开始获取学院 物理与天文学系 (ID: 845) 的专业列表
2026-01-12 15:41:54.943 INFO  [http-nio-8080-exec-5] c.s.s.faculty.FacultyServiceImpl : 找到 33 个学院
2026-01-12 15:41:54.943 INFO  [http-nio-8080-exec-5] c.s.s.faculty.FacultyServiceImpl : 开始获取学院 工程学院 (ID: 50) 的专业列表
2026-01-12 15:41:54.943 INFO  [http-nio-8080-exec-10] c.s.s.faculty.FacultyServiceImpl : 学院 生命科学与医学学院 有 23 个专业
2026-01-12 15:41:54.943 INFO  [http-nio-8080-exec-10] c.s.s.faculty.FacultyServiceImpl : 开始获取学院 社会科学与公共政策学院 (ID: 864) 的专业列表
2026-01-12 15:41:54.946 INFO  [http-nio-8080-exec-6] c.s.s.faculty.FacultyServiceImpl : 学院 文学、语言和文化学院 有 10 个专业
2026-01-12 15:41:54.946 INFO  [http-nio-8080-exec-6] c.s.s.faculty.FacultyServiceImpl : 开始获取学院 爱丁堡医学院 (ID: 825) 的专业列表
2026-01-12 15:41:54.948 INFO  [http-nio-8080-exec-9] c.s.s.faculty.FacultyServiceImpl : 学院 建筑环境学院 有 23 个专业
2026-01-12 15:41:54.948 INFO  [http-nio-8080-exec-9] c.s.s.faculty.FacultyServiceImpl : 开始获取学院 教育学院 (ID: 734) 的专业列表
2026-01-12 15:41:54.949 INFO  [http-nio-8080-exec-4] c.s.s.faculty.FacultyServiceImpl : 学院 物理与天文学系 有 1 个专业
2026-01-12 15:41:54.949 INFO  [http-nio-8080-exec-4] c.s.s.faculty.FacultyServiceImpl : 开始获取学院 环境、教育和发展学院 (ID: 846) 的专业列表
2026-01-12 15:41:54.949 INFO  [http-nio-8080-exec-5] c.s.s.faculty.FacultyServiceImpl : 学院 工程学院 有 1 个专业
2026-01-12 15:41:54.949 INFO  [http-nio-8080-exec-5] c.s.s.faculty.FacultyServiceImpl : 开始获取学院 计算机科学系 (ID: 51) 的专业列表
2026-01-12 15:41:54.950 INFO  [http-nio-8080-exec-6] c.s.s.faculty.FacultyServiceImpl : 学院 爱丁堡医学院 有 4 个专业
2026-01-12 15:41:54.950 INFO  [http-nio-8080-exec-6] c.s.s.faculty.FacultyServiceImpl : 开始获取学院 爱丁堡未来研究所 (ID: 826) 的专业列表
2026-01-12 15:41:54.951 INFO  [http-nio-8080-exec-5] c.s.s.faculty.FacultyServiceImpl : 学院 计算机科学系 有 1 个专业
2026-01-12 15:41:54.951 INFO  [http-nio-8080-exec-5] c.s.s.faculty.FacultyServiceImpl : 开始获取学院 管理学院 (ID: 52) 的专业列表
2026-01-12 15:41:54.957 INFO  [http-nio-8080-exec-5] c.s.s.faculty.FacultyServiceImpl : 学院 管理学院 有 1 个专业
2026-01-12 15:41:54.957 INFO  [http-nio-8080-exec-5] c.s.s.faculty.FacultyServiceImpl : 开始获取学院 艺术学院 (ID: 896) 的专业列表
2026-01-12 15:41:54.957 INFO  [http-nio-8080-exec-6] c.s.s.faculty.FacultyServiceImpl : 学院 爱丁堡未来研究所 有 12 个专业
2026-01-12 15:41:54.957 INFO  [http-nio-8080-exec-6] c.s.s.faculty.FacultyServiceImpl : 开始获取学院 爱丁堡法学院 (ID: 827) 的专业列表
2026-01-12 15:41:54.958 INFO  [http-nio-8080-exec-8] c.s.service.schools.SchoolController : 开始获取院校 14 的学院列表
2026-01-12 15:41:54.958 INFO  [http-nio-8080-exec-8] c.s.s.faculty.FacultyServiceImpl : 开始获取院校ID为 14 的学院列表
2026-01-12 15:41:54.959 INFO  [http-nio-8080-exec-5] c.s.s.faculty.FacultyServiceImpl : 学院 艺术学院 有 0 个专业
2026-01-12 15:41:54.959 INFO  [http-nio-8080-exec-5] c.s.s.faculty.FacultyServiceImpl : 开始获取学院 生物科学学院 (ID: 897) 的专业列表
2026-01-12 15:41:54.960 INFO  [http-nio-8080-exec-5] c.s.s.faculty.FacultyServiceImpl : 学院 生物科学学院 有 0 个专业
2026-01-12 15:41:54.960 INFO  [http-nio-8080-exec-5] c.s.s.faculty.FacultyServiceImpl : 开始获取学院 工程学院 (ID: 898) 的专业列表
2026-01-12 15:41:54.960 INFO  [http-nio-8080-exec-10] c.s.s.faculty.FacultyServiceImpl : 学院 社会科学与公共政策学院 有 40 个专业
2026-01-12 15:41:54.960 INFO  [http-nio-8080-exec-10] c.s.s.faculty.FacultyServiceImpl : 开始获取学院 精神病学、心理学和神经科学学院 (ID: 865) 的专业列表
2026-01-12 15:41:54.962 INFO  [http-nio-8080-exec-6] c.s.s.faculty.FacultyServiceImpl : 学院 爱丁堡法学院 有 19 个专业
2026-01-12 15:41:54.962 INFO  [http-nio-8080-exec-6] c.s.s.faculty.FacultyServiceImpl : 开始获取学院 爱丁堡艺术学院 (ID: 828) 的专业列表
2026-01-12 15:41:54.962 INFO  [http-nio-8080-exec-9] c.s.s.faculty.FacultyServiceImpl : 学院 教育学院 有 51 个专业
2026-01-12 15:41:54.962 INFO  [http-nio-8080-exec-9] c.s.s.faculty.FacultyServiceImpl : 开始获取学院 数学与物理科学学院 (ID: 735) 的专业列表
2026-01-12 15:41:54.962 INFO  [http-nio-8080-exec-5] c.s.s.faculty.FacultyServiceImpl : 学院 工程学院 有 0 个专业
2026-01-12 15:41:54.962 INFO  [http-nio-8080-exec-5] c.s.s.faculty.FacultyServiceImpl : 开始获取学院 健康与生命科学院 (ID: 899) 的专业列表
2026-01-12 15:41:54.963 INFO  [http-nio-8080-exec-4] c.s.s.faculty.FacultyServiceImpl : 学院 环境、教育和发展学院 有 50 个专业
2026-01-12 15:41:54.963 INFO  [http-nio-8080-exec-4] c.s.s.faculty.FacultyServiceImpl : 开始获取学院 生物、医学和健康学院 (ID: 847) 的专业列表
2026-01-12 15:41:54.964 INFO  [http-nio-8080-exec-10] c.s.s.faculty.FacultyServiceImpl : 学院 精神病学、心理学和神经科学学院 有 20 个专业
2026-01-12 15:41:54.964 INFO  [http-nio-8080-exec-10] c.s.s.faculty.FacultyServiceImpl : 开始获取学院 艺术与人文学院 (ID: 866) 的专业列表
2026-01-12 15:41:54.965 INFO  [http-nio-8080-exec-8] c.s.s.faculty.FacultyServiceImpl : 找到 24 个学院
2026-01-12 15:41:54.965 INFO  [http-nio-8080-exec-8] c.s.s.faculty.FacultyServiceImpl : 开始获取学院 经济学系 (ID: 38) 的专业列表
2026-01-12 15:41:54.967 INFO  [http-nio-8080-exec-6] c.s.s.faculty.FacultyServiceImpl : 学院 爱丁堡艺术学院 有 25 个专业
2026-01-12 15:41:54.967 INFO  [http-nio-8080-exec-6] c.s.s.faculty.FacultyServiceImpl : 开始获取学院 物理和天文学学院 (ID: 829) 的专业列表
2026-01-12 15:41:54.970 INFO  [http-nio-8080-exec-8] c.s.s.faculty.FacultyServiceImpl : 学院 经济学系 有 7 个专业
2026-01-12 15:41:54.970 INFO  [http-nio-8080-exec-8] c.s.s.faculty.FacultyServiceImpl : 开始获取学院 国际关系学系 (ID: 39) 的专业列表
2026-01-12 15:41:54.971 INFO  [http-nio-8080-exec-5] c.s.s.faculty.FacultyServiceImpl : 学院 健康与生命科学院 有 16 个专业
2026-01-12 15:41:54.973 INFO  [http-nio-8080-exec-5] c.s.s.faculty.FacultyServiceImpl : 开始获取学院 布里斯托大学商学院 (ID: 900) 的专业列表
2026-01-12 15:41:54.973 INFO  [http-nio-8080-exec-9] c.s.s.faculty.FacultyServiceImpl : 学院 数学与物理科学学院 有 33 个专业
2026-01-12 15:41:54.976 INFO  [http-nio-8080-exec-9] c.s.s.faculty.FacultyServiceImpl : 开始获取学院 斯莱德美术学院 (ID: 736) 的专业列表
2026-01-12 15:41:54.976 INFO  [http-nio-8080-exec-6] c.s.s.faculty.FacultyServiceImpl : 学院 物理和天文学学院 有 4 个专业
2026-01-12 15:41:54.976 INFO  [http-nio-8080-exec-6] c.s.s.faculty.FacultyServiceImpl : 开始获取学院 生物科学学院 (ID: 830) 的专业列表
2026-01-12 15:41:54.977 INFO  [http-nio-8080-exec-8] c.s.s.faculty.FacultyServiceImpl : 学院 国际关系学系 有 5 个专业
2026-01-12 15:41:54.977 INFO  [http-nio-8080-exec-8] c.s.s.faculty.FacultyServiceImpl : 开始获取学院 管理学系 (ID: 40) 的专业列表
2026-01-12 15:41:54.980 INFO  [http-nio-8080-exec-10] c.s.s.faculty.FacultyServiceImpl : 学院 艺术与人文学院 有 27 个专业
2026-01-12 15:41:54.981 INFO  [http-nio-8080-exec-10] c.s.service.schools.SchoolController : 成功获取到院校 17 的 18 个学院
2026-01-12 15:41:55.042 INFO  [http-nio-8080-exec-9] c.s.s.faculty.FacultyServiceImpl : 学院 斯莱德美术学院 有 1 个专业
2026-01-12 15:41:55.042 INFO  [http-nio-8080-exec-9] c.s.s.faculty.FacultyServiceImpl : 开始获取学院 法学院 (ID: 737) 的专业列表
2026-01-12 15:41:55.043 INFO  [http-nio-8080-exec-1] c.s.service.schools.SchoolController : 开始获取院校 18 的学院列表
2026-01-12 15:41:55.043 INFO  [http-nio-8080-exec-8] c.s.s.faculty.FacultyServiceImpl : 学院 管理学系 有 8 个专业
2026-01-12 15:41:55.043 INFO  [http-nio-8080-exec-1] c.s.s.faculty.FacultyServiceImpl : 开始获取院校ID为 18 的学院列表
2026-01-12 15:41:55.043 INFO  [http-nio-8080-exec-5] c.s.s.faculty.FacultyServiceImpl : 学院 布里斯托大学商学院 有 22 个专业
2026-01-12 15:41:55.044 INFO  [http-nio-8080-exec-5] c.s.s.faculty.FacultyServiceImpl : 开始获取学院 医学与牙科学院 (ID: 901) 的专业列表
2026-01-12 15:41:55.043 INFO  [http-nio-8080-exec-8] c.s.s.faculty.FacultyServiceImpl : 开始获取学院 LSE法学院 (ID: 791) 的专业列表
2026-01-12 15:41:55.044 INFO  [http-nio-8080-exec-6] c.s.s.faculty.FacultyServiceImpl : 学院 生物科学学院 有 13 个专业
2026-01-12 15:41:55.046 INFO  [http-nio-8080-exec-6] c.s.s.faculty.FacultyServiceImpl : 开始获取学院 皇家（迪克）兽医学院 (ID: 831) 的专业列表
2026-01-12 15:41:55.047 INFO  [http-nio-8080-exec-8] c.s.s.faculty.FacultyServiceImpl : 学院 LSE法学院 有 2 个专业
2026-01-12 15:41:55.047 INFO  [http-nio-8080-exec-8] c.s.s.faculty.FacultyServiceImpl : 开始获取学院 人类学系 (ID: 792) 的专业列表
2026-01-12 15:41:55.044 INFO  [http-nio-8080-exec-9] c.s.s.faculty.FacultyServiceImpl : 学院 法学院 有 2 个专业
2026-01-12 15:41:55.047 INFO  [http-nio-8080-exec-9] c.s.s.faculty.FacultyServiceImpl : 开始获取学院 生命科学学院 (ID: 738) 的专业列表
2026-01-12 15:41:55.046 INFO  [http-nio-8080-exec-4] c.s.s.faculty.FacultyServiceImpl : 学院 生物、医学和健康学院 有 52 个专业
2026-01-12 15:41:55.048 INFO  [http-nio-8080-exec-4] c.s.s.faculty.FacultyServiceImpl : 开始获取学院 电气电子工程系 (ID: 848) 的专业列表
2026-01-12 15:41:55.046 INFO  [http-nio-8080-exec-5] c.s.s.faculty.FacultyServiceImpl : 学院 医学与牙科学院 有 0 个专业
2026-01-12 15:41:55.048 INFO  [http-nio-8080-exec-5] c.s.s.faculty.FacultyServiceImpl : 开始获取学院 科学学院 (ID: 902) 的专业列表
2026-01-12 15:41:55.048 INFO  [http-nio-8080-exec-6] c.s.s.faculty.FacultyServiceImpl : 学院 皇家（迪克）兽医学院 有 1 个专业
2026-01-12 15:41:55.048 INFO  [http-nio-8080-exec-6] c.s.s.faculty.FacultyServiceImpl : 开始获取学院 社会与政治学学院 (ID: 832) 的专业列表
2026-01-12 15:41:55.049 INFO  [http-nio-8080-exec-8] c.s.s.faculty.FacultyServiceImpl : 学院 人类学系 有 5 个专业
2026-01-12 15:41:55.049 INFO  [http-nio-8080-exec-8] c.s.s.faculty.FacultyServiceImpl : 开始获取学院 会计系 (ID: 793) 的专业列表
2026-01-12 15:41:55.049 INFO  [http-nio-8080-exec-5] c.s.s.faculty.FacultyServiceImpl : 学院 科学学院 有 0 个专业
2026-01-12 15:41:55.049 INFO  [http-nio-8080-exec-5] c.s.s.faculty.FacultyServiceImpl : 开始获取学院 社会科学与法学院 (ID: 903) 的专业列表
2026-01-12 15:41:55.050 INFO  [http-nio-8080-exec-5] c.s.s.faculty.FacultyServiceImpl : 学院 社会科学与法学院 有 0 个专业
2026-01-12 15:41:55.050 INFO  [http-nio-8080-exec-5] c.s.s.faculty.FacultyServiceImpl : 开始获取学院 兽医科学学院 (ID: 904) 的专业列表
2026-01-12 15:41:55.050 INFO  [http-nio-8080-exec-4] c.s.s.faculty.FacultyServiceImpl : 学院 电气电子工程系 有 10 个专业
2026-01-12 15:41:55.050 INFO  [http-nio-8080-exec-4] c.s.s.faculty.FacultyServiceImpl : 开始获取学院 社会科学学院 (ID: 849) 的专业列表
2026-01-12 15:41:55.050 INFO  [http-nio-8080-exec-5] c.s.s.faculty.FacultyServiceImpl : 学院 兽医科学学院 有 0 个专业
2026-01-12 15:41:55.050 INFO  [http-nio-8080-exec-5] c.s.s.faculty.FacultyServiceImpl : 开始获取学院 布里斯托医学院 (ID: 905) 的专业列表
2026-01-12 15:41:55.050 INFO  [http-nio-8080-exec-8] c.s.s.faculty.FacultyServiceImpl : 学院 会计系 有 3 个专业
2026-01-12 15:41:55.050 INFO  [http-nio-8080-exec-8] c.s.s.faculty.FacultyServiceImpl : 开始获取学院 公共政策学院 (ID: 794) 的专业列表
2026-01-12 15:41:55.051 INFO  [http-nio-8080-exec-9] c.s.s.faculty.FacultyServiceImpl : 学院 生命科学学院 有 14 个专业
2026-01-12 15:41:55.051 INFO  [http-nio-8080-exec-9] c.s.s.faculty.FacultyServiceImpl : 开始获取学院 社会和历史科学学院 (ID: 739) 的专业列表
2026-01-12 15:41:55.051 INFO  [http-nio-8080-exec-5] c.s.s.faculty.FacultyServiceImpl : 学院 布里斯托医学院 有 0 个专业
2026-01-12 15:41:55.051 INFO  [http-nio-8080-exec-5] c.s.s.faculty.FacultyServiceImpl : 开始获取学院 布里斯托牙科学院 (ID: 906) 的专业列表
2026-01-12 15:41:55.051 INFO  [http-nio-8080-exec-1] c.s.s.faculty.FacultyServiceImpl : 找到 32 个学院
2026-01-12 15:41:55.051 INFO  [http-nio-8080-exec-1] c.s.s.faculty.FacultyServiceImpl : 开始获取学院 华威商学院 (ID: 41) 的专业列表
2026-01-12 15:41:55.052 INFO  [http-nio-8080-exec-5] c.s.s.faculty.FacultyServiceImpl : 学院 布里斯托牙科学院 有 0 个专业
2026-01-12 15:41:55.052 INFO  [http-nio-8080-exec-6] c.s.s.faculty.FacultyServiceImpl : 学院 社会与政治学学院 有 18 个专业
2026-01-12 15:41:55.052 INFO  [http-nio-8080-exec-8] c.s.s.faculty.FacultyServiceImpl : 学院 公共政策学院 有 6 个专业
2026-01-12 15:41:55.052 INFO  [http-nio-8080-exec-5] c.s.s.faculty.FacultyServiceImpl : 开始获取学院 布里斯托兽医学院 (ID: 907) 的专业列表
2026-01-12 15:41:55.052 INFO  [http-nio-8080-exec-6] c.s.s.faculty.FacultyServiceImpl : 开始获取学院 社会科学卫生学院 (ID: 833) 的专业列表
2026-01-12 15:41:55.052 INFO  [http-nio-8080-exec-8] c.s.s.faculty.FacultyServiceImpl : 开始获取学院 卫生政策系 (ID: 795) 的专业列表
2026-01-12 15:41:55.053 INFO  [http-nio-8080-exec-5] c.s.s.faculty.FacultyServiceImpl : 学院 布里斯托兽医学院 有 0 个专业
2026-01-12 15:41:55.053 INFO  [http-nio-8080-exec-5] c.s.s.faculty.FacultyServiceImpl : 开始获取学院 计算机科学系 (ID: 908) 的专业列表
2026-01-12 15:41:55.053 INFO  [http-nio-8080-exec-1] c.s.s.faculty.FacultyServiceImpl : 学院 华威商学院 有 1 个专业
2026-01-12 15:41:55.053 INFO  [http-nio-8080-exec-1] c.s.s.faculty.FacultyServiceImpl : 开始获取学院 制造工程学院 (ID: 42) 的专业列表
2026-01-12 15:41:55.054 INFO  [http-nio-8080-exec-5] c.s.s.faculty.FacultyServiceImpl : 学院 计算机科学系 有 0 个专业
2026-01-12 15:41:55.054 INFO  [http-nio-8080-exec-5] c.s.s.faculty.FacultyServiceImpl : 开始获取学院 数学系 (ID: 909) 的专业列表
2026-01-12 15:41:55.055 INFO  [http-nio-8080-exec-8] c.s.s.faculty.FacultyServiceImpl : 学院 卫生政策系 有 5 个专业
2026-01-12 15:41:55.055 INFO  [http-nio-8080-exec-8] c.s.s.faculty.FacultyServiceImpl : 开始获取学院 哲学逻辑与科学方法系 (ID: 796) 的专业列表
2026-01-12 15:41:55.055 INFO  [http-nio-8080-exec-5] c.s.s.faculty.FacultyServiceImpl : 学院 数学系 有 0 个专业
2026-01-12 15:41:55.055 INFO  [http-nio-8080-exec-5] c.s.s.faculty.FacultyServiceImpl : 开始获取学院 物理系 (ID: 910) 的专业列表
2026-01-12 15:41:55.055 INFO  [http-nio-8080-exec-1] c.s.s.faculty.FacultyServiceImpl : 学院 制造工程学院 有 1 个专业
2026-01-12 15:41:55.055 INFO  [http-nio-8080-exec-1] c.s.s.faculty.FacultyServiceImpl : 开始获取学院 计算机科学系 (ID: 43) 的专业列表
2026-01-12 15:41:55.056 INFO  [http-nio-8080-exec-6] c.s.s.faculty.FacultyServiceImpl : 学院 社会科学卫生学院 有 8 个专业
2026-01-12 15:41:55.056 INFO  [http-nio-8080-exec-5] c.s.s.faculty.FacultyServiceImpl : 学院 物理系 有 0 个专业
2026-01-12 15:41:55.063 INFO  [http-nio-8080-exec-5] c.s.s.faculty.FacultyServiceImpl : 开始获取学院 化学系 (ID: 911) 的专业列表
2026-01-12 15:41:55.083 INFO  [http-nio-8080-exec-8] c.s.s.faculty.FacultyServiceImpl : 学院 哲学逻辑与科学方法系 有 3 个专业
2026-01-12 15:41:55.083 INFO  [http-nio-8080-exec-8] c.s.s.faculty.FacultyServiceImpl : 开始获取学院 国际历史系 (ID: 798) 的专业列表
2026-01-12 15:41:55.063 INFO  [http-nio-8080-exec-6] c.s.s.faculty.FacultyServiceImpl : 开始获取学院 神学院 (ID: 834) 的专业列表
2026-01-12 15:41:55.083 INFO  [http-nio-8080-exec-1] c.s.s.faculty.FacultyServiceImpl : 学院 计算机科学系 有 1 个专业
2026-01-12 15:41:55.083 INFO  [http-nio-8080-exec-1] c.s.s.faculty.FacultyServiceImpl : 开始获取学院 全球可持续发展系 (ID: 867) 的专业列表
2026-01-12 15:41:55.084 INFO  [http-nio-8080-exec-5] c.s.s.faculty.FacultyServiceImpl : 学院 化学系 有 0 个专业
2026-01-12 15:41:55.084 INFO  [http-nio-8080-exec-5] c.s.s.faculty.FacultyServiceImpl : 开始获取学院 地球科学系 (ID: 912) 的专业列表
2026-01-12 15:41:55.084 INFO  [http-nio-8080-exec-6] c.s.s.faculty.FacultyServiceImpl : 学院 神学院 有 7 个专业
2026-01-12 15:41:55.084 INFO  [http-nio-8080-exec-1] c.s.s.faculty.FacultyServiceImpl : 学院 全球可持续发展系 有 1 个专业
2026-01-12 15:41:55.084 INFO  [http-nio-8080-exec-6] c.s.s.faculty.FacultyServiceImpl : 开始获取学院 经济学院 (ID: 835) 的专业列表
2026-01-12 15:41:55.084 INFO  [http-nio-8080-exec-1] c.s.s.faculty.FacultyServiceImpl : 开始获取学院 创意艺术、表演和视觉文化学院 (ID: 868) 的专业列表
2026-01-12 15:41:55.085 INFO  [http-nio-8080-exec-5] c.s.s.faculty.FacultyServiceImpl : 学院 地球科学系 有 0 个专业
2026-01-12 15:41:55.085 INFO  [http-nio-8080-exec-5] c.s.s.faculty.FacultyServiceImpl : 开始获取学院 地理科学系 (ID: 913) 的专业列表
2026-01-12 15:41:55.085 INFO  [http-nio-8080-exec-8] c.s.s.faculty.FacultyServiceImpl : 学院 国际历史系 有 8 个专业
2026-01-12 15:41:55.085 INFO  [http-nio-8080-exec-8] c.s.s.faculty.FacultyServiceImpl : 开始获取学院 国际发展系 (ID: 799) 的专业列表
2026-01-12 15:41:55.085 INFO  [http-nio-8080-exec-5] c.s.s.faculty.FacultyServiceImpl : 学院 地理科学系 有 0 个专业
2026-01-12 15:41:55.085 INFO  [http-nio-8080-exec-5] c.s.s.faculty.FacultyServiceImpl : 开始获取学院 心理学系 (ID: 914) 的专业列表
2026-01-12 15:41:55.085 INFO  [http-nio-8080-exec-6] c.s.s.faculty.FacultyServiceImpl : 学院 经济学院 有 4 个专业
2026-01-12 15:41:55.085 INFO  [http-nio-8080-exec-6] c.s.service.schools.SchoolController : 成功获取到院校 15 的 21 个学院
2026-01-12 15:41:55.085 INFO  [http-nio-8080-exec-4] c.s.s.faculty.FacultyServiceImpl : 学院 社会科学学院 有 53 个专业
2026-01-12 15:41:55.086 INFO  [http-nio-8080-exec-4] c.s.s.faculty.FacultyServiceImpl : 开始获取学院 艺术、语言和文化学院 (ID: 850) 的专业列表
2026-01-12 15:41:55.086 INFO  [http-nio-8080-exec-5] c.s.s.faculty.FacultyServiceImpl : 学院 心理学系 有 0 个专业
2026-01-12 15:41:55.088 INFO  [http-nio-8080-exec-5] c.s.s.faculty.FacultyServiceImpl : 开始获取学院 经济学系 (ID: 915) 的专业列表
2026-01-12 15:41:55.086 INFO  [http-nio-8080-exec-1] c.s.s.faculty.FacultyServiceImpl : 学院 创意艺术、表演和视觉文化学院 有 1 个专业
2026-01-12 15:41:55.089 INFO  [http-nio-8080-exec-1] c.s.s.faculty.FacultyServiceImpl : 开始获取学院 化学系 (ID: 869) 的专业列表
2026-01-12 15:41:55.089 INFO  [http-nio-8080-exec-8] c.s.s.faculty.FacultyServiceImpl : 学院 国际发展系 有 7 个专业
2026-01-12 15:41:55.089 INFO  [http-nio-8080-exec-8] c.s.s.faculty.FacultyServiceImpl : 开始获取学院 地理与环境系 (ID: 800) 的专业列表
2026-01-12 15:41:55.090 INFO  [http-nio-8080-exec-9] c.s.s.faculty.FacultyServiceImpl : 学院 社会和历史科学学院 有 54 个专业
2026-01-12 15:41:55.090 INFO  [http-nio-8080-exec-9] c.s.s.faculty.FacultyServiceImpl : 开始获取学院 经济学系 (ID: 740) 的专业列表
2026-01-12 15:41:55.090 INFO  [http-nio-8080-exec-5] c.s.s.faculty.FacultyServiceImpl : 学院 经济学系 有 0 个专业
2026-01-12 15:41:55.091 INFO  [http-nio-8080-exec-5] c.s.s.faculty.FacultyServiceImpl : 开始获取学院 政治学系 (ID: 916) 的专业列表
2026-01-12 15:41:55.091 INFO  [http-nio-8080-exec-5] c.s.s.faculty.FacultyServiceImpl : 学院 政治学系 有 0 个专业
2026-01-12 15:41:55.092 INFO  [http-nio-8080-exec-5] c.s.s.faculty.FacultyServiceImpl : 开始获取学院 社会学系 (ID: 917) 的专业列表
2026-01-12 15:41:55.092 INFO  [http-nio-8080-exec-8] c.s.s.faculty.FacultyServiceImpl : 学院 地理与环境系 有 12 个专业
2026-01-12 15:41:55.092 INFO  [http-nio-8080-exec-1] c.s.s.faculty.FacultyServiceImpl : 学院 化学系 有 9 个专业
2026-01-12 15:41:55.092 INFO  [http-nio-8080-exec-8] c.s.s.faculty.FacultyServiceImpl : 开始获取学院 媒体与传播系 (ID: 801) 的专业列表
2026-01-12 15:41:55.092 INFO  [http-nio-8080-exec-1] c.s.s.faculty.FacultyServiceImpl : 开始获取学院 华威制造学院 (ID: 870) 的专业列表
2026-01-12 15:41:55.092 INFO  [http-nio-8080-exec-9] c.s.s.faculty.FacultyServiceImpl : 学院 经济学系 有 3 个专业
2026-01-12 15:41:55.092 INFO  [http-nio-8080-exec-9] c.s.s.faculty.FacultyServiceImpl : 开始获取学院 脑科学学院 (ID: 741) 的专业列表
2026-01-12 15:41:55.092 INFO  [http-nio-8080-exec-5] c.s.s.faculty.FacultyServiceImpl : 学院 社会学系 有 0 个专业
2026-01-12 15:41:55.092 INFO  [http-nio-8080-exec-5] c.s.s.faculty.FacultyServiceImpl : 开始获取学院 历史系 (ID: 918) 的专业列表
2026-01-12 15:41:55.099 INFO  [http-nio-8080-exec-5] c.s.s.faculty.FacultyServiceImpl : 学院 历史系 有 0 个专业
2026-01-12 15:41:55.099 INFO  [http-nio-8080-exec-5] c.s.s.faculty.FacultyServiceImpl : 开始获取学院 英语系 (ID: 919) 的专业列表
2026-01-12 15:41:55.099 INFO  [http-nio-8080-exec-4] c.s.s.faculty.FacultyServiceImpl : 学院 艺术、语言和文化学院 有 30 个专业
2026-01-12 15:41:55.101 INFO  [http-nio-8080-exec-4] c.s.s.faculty.FacultyServiceImpl : 开始获取学院 计算机科学系 (ID: 851) 的专业列表
2026-01-12 15:41:55.100 INFO  [http-nio-8080-exec-8] c.s.s.faculty.FacultyServiceImpl : 学院 媒体与传播系 有 11 个专业
2026-01-12 15:41:55.101 INFO  [http-nio-8080-exec-8] c.s.s.faculty.FacultyServiceImpl : 开始获取学院 心理和行为科学系 (ID: 802) 的专业列表
2026-01-12 15:41:55.101 INFO  [http-nio-8080-exec-2] c.s.service.schools.SchoolController : 开始获取院校 44 的学院列表
2026-01-12 15:41:55.101 INFO  [http-nio-8080-exec-2] c.s.s.faculty.FacultyServiceImpl : 开始获取院校ID为 44 的学院列表
2026-01-12 15:41:55.101 INFO  [http-nio-8080-exec-1] c.s.s.faculty.FacultyServiceImpl : 学院 华威制造学院 有 15 个专业
2026-01-12 15:41:55.101 INFO  [http-nio-8080-exec-1] c.s.s.faculty.FacultyServiceImpl : 开始获取学院 华威医学院 (ID: 871) 的专业列表
2026-01-12 15:41:55.102 INFO  [http-nio-8080-exec-5] c.s.s.faculty.FacultyServiceImpl : 学院 英语系 有 0 个专业
2026-01-12 15:41:55.102 INFO  [http-nio-8080-exec-5] c.s.s.faculty.FacultyServiceImpl : 开始获取学院 现代语言系 (ID: 920) 的专业列表
2026-01-12 15:41:55.103 INFO  [http-nio-8080-exec-5] c.s.s.faculty.FacultyServiceImpl : 学院 现代语言系 有 0 个专业
2026-01-12 15:41:55.103 INFO  [http-nio-8080-exec-5] c.s.s.faculty.FacultyServiceImpl : 开始获取学院 哲学系 (ID: 921) 的专业列表
2026-01-12 15:41:55.103 INFO  [http-nio-8080-exec-8] c.s.s.faculty.FacultyServiceImpl : 学院 心理和行为科学系 有 5 个专业
2026-01-12 15:41:55.103 INFO  [http-nio-8080-exec-8] c.s.s.faculty.FacultyServiceImpl : 开始获取学院 性别研究系 (ID: 803) 的专业列表
2026-01-12 15:41:55.103 INFO  [http-nio-8080-exec-1] c.s.s.faculty.FacultyServiceImpl : 学院 华威医学院 有 2 个专业
2026-01-12 15:41:55.104 INFO  [http-nio-8080-exec-4] c.s.s.faculty.FacultyServiceImpl : 学院 计算机科学系 有 4 个专业
2026-01-12 15:41:55.104 INFO  [http-nio-8080-exec-4] c.s.service.schools.SchoolController : 成功获取到院校 16 的 19 个学院
2026-01-12 15:41:55.103 INFO  [http-nio-8080-exec-1] c.s.s.faculty.FacultyServiceImpl : 开始获取学院 华威商学院 (ID: 872) 的专业列表
2026-01-12 15:41:55.104 INFO  [http-nio-8080-exec-5] c.s.s.faculty.FacultyServiceImpl : 学院 哲学系 有 0 个专业
2026-01-12 15:41:55.104 INFO  [http-nio-8080-exec-5] c.s.s.faculty.FacultyServiceImpl : 开始获取学院 神学与宗教研究系 (ID: 922) 的专业列表
2026-01-12 15:41:55.106 INFO  [http-nio-8080-exec-5] c.s.s.faculty.FacultyServiceImpl : 学院 神学与宗教研究系 有 0 个专业
2026-01-12 15:41:55.106 INFO  [http-nio-8080-exec-5] c.s.s.faculty.FacultyServiceImpl : 开始获取学院 教育学院 (ID: 923) 的专业列表
2026-01-12 15:41:55.107 INFO  [http-nio-8080-exec-5] c.s.s.faculty.FacultyServiceImpl : 学院 教育学院 有 0 个专业
2026-01-12 15:41:55.107 INFO  [http-nio-8080-exec-8] c.s.s.faculty.FacultyServiceImpl : 学院 性别研究系 有 8 个专业
2026-01-12 15:41:55.107 INFO  [http-nio-8080-exec-8] c.s.s.faculty.FacultyServiceImpl : 开始获取学院 政府系 (ID: 804) 的专业列表
2026-01-12 15:41:55.107 INFO  [http-nio-8080-exec-5] c.s.s.faculty.FacultyServiceImpl : 开始获取学院 管理学院 (ID: 924) 的专业列表
2026-01-12 15:41:55.109 INFO  [http-nio-8080-exec-9] c.s.s.faculty.FacultyServiceImpl : 学院 脑科学学院 有 38 个专业
2026-01-12 15:41:55.109 INFO  [http-nio-8080-exec-9] c.s.s.faculty.FacultyServiceImpl : 开始获取学院 艺术和人文学院 (ID: 742) 的专业列表
2026-01-12 15:41:55.109 INFO  [http-nio-8080-exec-5] c.s.s.faculty.FacultyServiceImpl : 学院 管理学院 有 0 个专业
2026-01-12 15:41:55.109 INFO  [http-nio-8080-exec-5] c.s.s.faculty.FacultyServiceImpl : 开始获取学院 法学院 (ID: 925) 的专业列表
2026-01-12 15:41:55.109 INFO  [http-nio-8080-exec-1] c.s.s.faculty.FacultyServiceImpl : 学院 华威商学院 有 16 个专业
2026-01-12 15:41:55.110 INFO  [http-nio-8080-exec-1] c.s.s.faculty.FacultyServiceImpl : 开始获取学院 历史系 (ID: 873) 的专业列表
2026-01-12 15:41:55.110 INFO  [http-nio-8080-exec-8] c.s.s.faculty.FacultyServiceImpl : 学院 政府系 有 7 个专业
2026-01-12 15:41:55.110 INFO  [http-nio-8080-exec-8] c.s.s.faculty.FacultyServiceImpl : 开始获取学院 数学系 (ID: 805) 的专业列表
2026-01-12 15:41:55.109 INFO  [http-nio-8080-exec-5] c.s.s.faculty.FacultyServiceImpl : 学院 法学院 有 0 个专业
2026-01-12 15:41:55.110 INFO  [http-nio-8080-exec-5] c.s.service.schools.SchoolController : 成功获取到院校 19 的 33 个学院
2026-01-12 15:41:55.110 INFO  [http-nio-8080-exec-2] c.s.s.faculty.FacultyServiceImpl : 找到 26 个学院
2026-01-12 15:41:55.110 INFO  [http-nio-8080-exec-2] c.s.s.faculty.FacultyServiceImpl : 开始获取学院 人类大脑健康中心 (ID: 130) 的专业列表
2026-01-12 15:41:55.112 INFO  [http-nio-8080-exec-1] c.s.s.faculty.FacultyServiceImpl : 学院 历史系 有 1 个专业
2026-01-12 15:41:55.112 INFO  [http-nio-8080-exec-1] c.s.s.faculty.FacultyServiceImpl : 开始获取学院 古典与古代史系 (ID: 874) 的专业列表
2026-01-12 15:41:55.116 INFO  [http-nio-8080-exec-2] c.s.s.faculty.FacultyServiceImpl : 学院 人类大脑健康中心 有 1 个专业
2026-01-12 15:41:55.116 INFO  [http-nio-8080-exec-2] c.s.s.faculty.FacultyServiceImpl : 开始获取学院 伯明翰医学院 (ID: 131) 的专业列表
2026-01-12 15:41:55.117 INFO  [http-nio-8080-exec-8] c.s.s.faculty.FacultyServiceImpl : 学院 数学系 有 3 个专业
2026-01-12 15:41:55.117 INFO  [http-nio-8080-exec-8] c.s.s.faculty.FacultyServiceImpl : 开始获取学院 方法学系 (ID: 806) 的专业列表
2026-01-12 15:41:55.117 INFO  [http-nio-8080-exec-1] c.s.s.faculty.FacultyServiceImpl : 学院 古典与古代史系 有 2 个专业
2026-01-12 15:41:55.118 INFO  [http-nio-8080-exec-1] c.s.s.faculty.FacultyServiceImpl : 开始获取学院 哲学系 (ID: 875) 的专业列表
2026-01-12 15:41:55.118 INFO  [http-nio-8080-exec-8] c.s.s.faculty.FacultyServiceImpl : 学院 方法学系 有 2 个专业
2026-01-12 15:41:55.118 INFO  [http-nio-8080-exec-8] c.s.s.faculty.FacultyServiceImpl : 开始获取学院 欧洲研究所 (ID: 807) 的专业列表
2026-01-12 15:41:55.119 INFO  [http-nio-8080-exec-1] c.s.s.faculty.FacultyServiceImpl : 学院 哲学系 有 3 个专业
2026-01-12 15:41:55.119 INFO  [http-nio-8080-exec-1] c.s.s.faculty.FacultyServiceImpl : 开始获取学院 工程学院 (ID: 876) 的专业列表
2026-01-12 15:41:55.120 INFO  [http-nio-8080-exec-7] c.s.service.schools.SchoolController : 开始获取院校 20 的学院列表
2026-01-12 15:41:55.120 INFO  [http-nio-8080-exec-3] c.s.service.schools.SchoolController : 开始获取院校 45 的学院列表
2026-01-12 15:41:55.120 INFO  [http-nio-8080-exec-7] c.s.s.faculty.FacultyServiceImpl : 开始获取院校ID为 20 的学院列表
2026-01-12 15:41:55.120 INFO  [http-nio-8080-exec-3] c.s.s.faculty.FacultyServiceImpl : 开始获取院校ID为 45 的学院列表
2026-01-12 15:41:55.122 INFO  [http-nio-8080-exec-8] c.s.s.faculty.FacultyServiceImpl : 学院 欧洲研究所 有 8 个专业
2026-01-12 15:41:55.122 INFO  [http-nio-8080-exec-8] c.s.s.faculty.FacultyServiceImpl : 开始获取学院 社会学系 (ID: 808) 的专业列表
2026-01-12 15:41:55.123 INFO  [http-nio-8080-exec-1] c.s.s.faculty.FacultyServiceImpl : 学院 工程学院 有 12 个专业
2026-01-12 15:41:55.123 INFO  [http-nio-8080-exec-1] c.s.s.faculty.FacultyServiceImpl : 开始获取学院 应用语言学系 (ID: 877) 的专业列表
2026-01-12 15:41:55.123 INFO  [http-nio-8080-exec-2] c.s.s.faculty.FacultyServiceImpl : 学院 伯明翰医学院 有 21 个专业
2026-01-12 15:41:55.123 INFO  [http-nio-8080-exec-2] c.s.s.faculty.FacultyServiceImpl : 开始获取学院 伯明翰法学院 (ID: 132) 的专业列表
2026-01-12 15:41:55.124 INFO  [http-nio-8080-exec-8] c.s.s.faculty.FacultyServiceImpl : 学院 社会学系 有 8 个专业
2026-01-12 15:41:55.124 INFO  [http-nio-8080-exec-8] c.s.s.faculty.FacultyServiceImpl : 开始获取学院 社会政策系 (ID: 809) 的专业列表
2026-01-12 15:41:55.126 INFO  [http-nio-8080-exec-9] c.s.s.faculty.FacultyServiceImpl : 学院 艺术和人文学院 有 51 个专业
2026-01-12 15:41:55.126 INFO  [http-nio-8080-exec-9] c.s.service.schools.SchoolController : 成功获取到院校 13 的 19 个学院
2026-01-12 15:41:55.126 INFO  [http-nio-8080-exec-1] c.s.s.faculty.FacultyServiceImpl : 学院 应用语言学系 有 2 个专业
2026-01-12 15:41:55.126 INFO  [http-nio-8080-exec-1] c.s.s.faculty.FacultyServiceImpl : 开始获取学院 心理学系 (ID: 878) 的专业列表
2026-01-12 15:41:55.127 INFO  [http-nio-8080-exec-8] c.s.s.faculty.FacultyServiceImpl : 学院 社会政策系 有 8 个专业
2026-01-12 15:41:55.127 INFO  [http-nio-8080-exec-1] c.s.s.faculty.FacultyServiceImpl : 学院 心理学系 有 4 个专业
2026-01-12 15:41:55.127 INFO  [http-nio-8080-exec-1] c.s.s.faculty.FacultyServiceImpl : 开始获取学院 戏剧和表演研究系 (ID: 879) 的专业列表
2026-01-12 15:41:55.127 INFO  [http-nio-8080-exec-8] c.s.s.faculty.FacultyServiceImpl : 开始获取学院 经济史系 (ID: 811) 的专业列表
2026-01-12 15:41:55.132 INFO  [http-nio-8080-exec-3] c.s.s.faculty.FacultyServiceImpl : 找到 32 个学院
2026-01-12 15:41:55.132 INFO  [http-nio-8080-exec-3] c.s.s.faculty.FacultyServiceImpl : 开始获取学院 中世纪研究学院 (ID: 156) 的专业列表
2026-01-12 15:41:55.132 INFO  [http-nio-8080-exec-7] c.s.s.faculty.FacultyServiceImpl : 找到 30 个学院
2026-01-12 15:41:55.134 INFO  [http-nio-8080-exec-7] c.s.s.faculty.FacultyServiceImpl : 开始获取学院 计算机科学学院 (ID: 44) 的专业列表
2026-01-12 15:41:55.135 INFO  [http-nio-8080-exec-2] c.s.s.faculty.FacultyServiceImpl : 学院 伯明翰法学院 有 18 个专业
2026-01-12 15:41:55.135 INFO  [http-nio-8080-exec-2] c.s.s.faculty.FacultyServiceImpl : 开始获取学院 体育、运动与康复学院 (ID: 133) 的专业列表
2026-01-12 15:41:55.135 INFO  [http-nio-8080-exec-8] c.s.s.faculty.FacultyServiceImpl : 学院 经济史系 有 3 个专业
2026-01-12 15:41:55.135 INFO  [http-nio-8080-exec-1] c.s.s.faculty.FacultyServiceImpl : 学院 戏剧和表演研究系 有 1 个专业
2026-01-12 15:41:55.135 INFO  [http-nio-8080-exec-1] c.s.s.faculty.FacultyServiceImpl : 开始获取学院 政治与国际研究系 (ID: 880) 的专业列表
2026-01-12 15:41:55.135 INFO  [http-nio-8080-exec-8] c.s.s.faculty.FacultyServiceImpl : 开始获取学院 统计学系 (ID: 813) 的专业列表
2026-01-12 15:41:55.138 INFO  [http-nio-8080-exec-7] c.s.s.faculty.FacultyServiceImpl : 学院 计算机科学学院 有 2 个专业
2026-01-12 15:41:55.138 INFO  [http-nio-8080-exec-7] c.s.s.faculty.FacultyServiceImpl : 开始获取学院 亚当·史密斯商学院 (ID: 45) 的专业列表
2026-01-12 15:41:55.138 INFO  [http-nio-8080-exec-3] c.s.s.faculty.FacultyServiceImpl : 学院 中世纪研究学院 有 1 个专业
2026-01-12 15:41:55.139 INFO  [http-nio-8080-exec-3] c.s.s.faculty.FacultyServiceImpl : 开始获取学院 交通研究所 (ID: 157) 的专业列表
2026-01-12 15:41:55.139 INFO  [http-nio-8080-exec-8] c.s.s.faculty.FacultyServiceImpl : 学院 统计学系 有 6 个专业
2026-01-12 15:41:55.139 INFO  [http-nio-8080-exec-8] c.s.s.faculty.FacultyServiceImpl : 开始获取学院 金融系 (ID: 814) 的专业列表
2026-01-12 15:41:55.139 INFO  [http-nio-8080-exec-2] c.s.s.faculty.FacultyServiceImpl : 学院 体育、运动与康复学院 有 7 个专业
2026-01-12 15:41:55.139 INFO  [http-nio-8080-exec-2] c.s.s.faculty.FacultyServiceImpl : 开始获取学院 冶金和材料学院 (ID: 134) 的专业列表
2026-01-12 15:41:55.150 INFO  [http-nio-8080-exec-10] c.s.service.schools.SchoolController : 开始获取院校 43 的学院列表
2026-01-12 15:41:55.181 INFO  [http-nio-8080-exec-10] c.s.s.faculty.FacultyServiceImpl : 开始获取院校ID为 43 的学院列表
2026-01-12 15:41:55.181 INFO  [http-nio-8080-exec-1] c.s.s.faculty.FacultyServiceImpl : 学院 政治与国际研究系 有 7 个专业
2026-01-12 15:41:55.181 INFO  [http-nio-8080-exec-1] c.s.s.faculty.FacultyServiceImpl : 开始获取学院 教育研究学系 (ID: 881) 的专业列表
2026-01-12 15:41:55.182 INFO  [http-nio-8080-exec-7] c.s.s.faculty.FacultyServiceImpl : 学院 亚当·史密斯商学院 有 1 个专业
2026-01-12 15:41:55.185 INFO  [http-nio-8080-exec-7] c.s.s.faculty.FacultyServiceImpl : 开始获取学院 工程学院 (ID: 46) 的专业列表
2026-01-12 15:41:55.182 INFO  [http-nio-8080-exec-2] c.s.s.faculty.FacultyServiceImpl : 学院 冶金和材料学院 有 2 个专业
2026-01-12 15:41:55.185 INFO  [http-nio-8080-exec-2] c.s.s.faculty.FacultyServiceImpl : 开始获取学院 化工学院 (ID: 135) 的专业列表
2026-01-12 15:41:55.190 INFO  [http-nio-8080-exec-8] c.s.s.faculty.FacultyServiceImpl : 学院 金融系 有 4 个专业
2026-01-12 15:41:55.190 INFO  [http-nio-8080-exec-8] c.s.service.schools.SchoolController : 成功获取到院校 14 的 24 个学院
2026-01-12 15:41:55.191 INFO  [http-nio-8080-exec-2] c.s.s.faculty.FacultyServiceImpl : 学院 化工学院 有 1 个专业
2026-01-12 15:41:55.191 INFO  [http-nio-8080-exec-2] c.s.s.faculty.FacultyServiceImpl : 开始获取学院 化工工程学院 (ID: 136) 的专业列表
2026-01-12 15:41:55.203 INFO  [http-nio-8080-exec-1] c.s.s.faculty.FacultyServiceImpl : 学院 教育研究学系 有 7 个专业
2026-01-12 15:41:55.204 INFO  [http-nio-8080-exec-1] c.s.s.faculty.FacultyServiceImpl : 开始获取学院 数学系研究所 (ID: 882) 的专业列表
2026-01-12 15:41:55.205 INFO  [http-nio-8080-exec-3] c.s.s.faculty.FacultyServiceImpl : 学院 交通研究所 有 6 个专业
2026-01-12 15:41:55.205 INFO  [http-nio-8080-exec-3] c.s.s.faculty.FacultyServiceImpl : 开始获取学院 利兹商学院 (ID: 158) 的专业列表
2026-01-12 15:41:55.213 INFO  [http-nio-8080-exec-7] c.s.s.faculty.FacultyServiceImpl : 学院 工程学院 有 1 个专业
2026-01-12 15:41:55.213 INFO  [http-nio-8080-exec-7] c.s.s.faculty.FacultyServiceImpl : 开始获取学院 分子生物科学学院 (ID: 926) 的专业列表
2026-01-12 15:41:55.215 INFO  [http-nio-8080-exec-10] c.s.s.faculty.FacultyServiceImpl : 找到 10 个学院
2026-01-12 15:41:55.215 INFO  [http-nio-8080-exec-10] c.s.s.faculty.FacultyServiceImpl : 开始获取学院 医学院 (ID: 1053) 的专业列表
2026-01-12 15:41:55.216 INFO  [http-nio-8080-exec-6] c.s.service.schools.SchoolController : 开始获取院校 34 的学院列表
2026-01-12 15:41:55.216 INFO  [http-nio-8080-exec-6] c.s.s.faculty.FacultyServiceImpl : 开始获取院校ID为 34 的学院列表
2026-01-12 15:41:55.217 INFO  [http-nio-8080-exec-2] c.s.s.faculty.FacultyServiceImpl : 学院 化工工程学院 有 5 个专业
2026-01-12 15:41:55.217 INFO  [http-nio-8080-exec-2] c.s.s.faculty.FacultyServiceImpl : 开始获取学院 历史与文化学院 (ID: 137) 的专业列表
2026-01-12 15:41:55.218 INFO  [http-nio-8080-exec-1] c.s.s.faculty.FacultyServiceImpl : 学院 数学系研究所 有 2 个专业
2026-01-12 15:41:55.218 INFO  [http-nio-8080-exec-1] c.s.s.faculty.FacultyServiceImpl : 开始获取学院 文化和媒体政策研究中心 (ID: 883) 的专业列表
2026-01-12 15:41:55.219 INFO  [http-nio-8080-exec-10] c.s.s.faculty.FacultyServiceImpl : 学院 医学院 有 6 个专业
2026-01-12 15:41:55.220 INFO  [http-nio-8080-exec-10] c.s.s.faculty.FacultyServiceImpl : 开始获取学院 南安普顿商学院 (ID: 1054) 的专业列表
2026-01-12 15:41:55.221 INFO  [http-nio-8080-exec-1] c.s.s.faculty.FacultyServiceImpl : 学院 文化和媒体政策研究中心 有 3 个专业
2026-01-12 15:41:55.222 INFO  [http-nio-8080-exec-7] c.s.s.faculty.FacultyServiceImpl : 学院 分子生物科学学院 有 9 个专业
2026-01-12 15:41:55.222 INFO  [http-nio-8080-exec-1] c.s.s.faculty.FacultyServiceImpl : 开始获取学院 文艺复兴研究中心 (ID: 884) 的专业列表
2026-01-12 15:41:55.222 INFO  [http-nio-8080-exec-7] c.s.s.faculty.FacultyServiceImpl : 开始获取学院 医学、牙科学和护理学学院 (ID: 927) 的专业列表
2026-01-12 15:41:55.222 INFO  [http-nio-8080-exec-3] c.s.s.faculty.FacultyServiceImpl : 学院 利兹商学院 有 23 个专业
2026-01-12 15:41:55.222 INFO  [http-nio-8080-exec-3] c.s.s.faculty.FacultyServiceImpl : 开始获取学院 化学与工艺工程学院 (ID: 159) 的专业列表
2026-01-12 15:41:55.222 INFO  [http-nio-8080-exec-2] c.s.s.faculty.FacultyServiceImpl : 学院 历史与文化学院 有 8 个专业
2026-01-12 15:41:55.222 INFO  [http-nio-8080-exec-2] c.s.s.faculty.FacultyServiceImpl : 开始获取学院 发展科学中心 (ID: 138) 的专业列表
2026-01-12 15:41:55.223 INFO  [http-nio-8080-exec-6] c.s.s.faculty.FacultyServiceImpl : 找到 6 个学院
2026-01-12 15:41:55.223 INFO  [http-nio-8080-exec-6] c.s.s.faculty.FacultyServiceImpl : 开始获取学院 健康学院 (ID: 1063) 的专业列表
2026-01-12 15:41:55.223 INFO  [http-nio-8080-exec-1] c.s.s.faculty.FacultyServiceImpl : 学院 文艺复兴研究中心 有 1 个专业
2026-01-12 15:41:55.223 INFO  [http-nio-8080-exec-1] c.s.s.faculty.FacultyServiceImpl : 开始获取学院 法学院 (ID: 885) 的专业列表
2026-01-12 15:41:55.223 INFO  [http-nio-8080-exec-3] c.s.s.faculty.FacultyServiceImpl : 学院 化学与工艺工程学院 有 3 个专业
2026-01-12 15:41:55.223 INFO  [http-nio-8080-exec-3] c.s.s.faculty.FacultyServiceImpl : 开始获取学院 化学学院 (ID: 160) 的专业列表
2026-01-12 15:41:55.224 INFO  [http-nio-8080-exec-2] c.s.s.faculty.FacultyServiceImpl : 学院 发展科学中心 有 1 个专业
2026-01-12 15:41:55.224 INFO  [http-nio-8080-exec-2] c.s.s.faculty.FacultyServiceImpl : 开始获取学院 哲学、神学与宗教学院 (ID: 139) 的专业列表
2026-01-12 15:41:55.226 INFO  [http-nio-8080-exec-3] c.s.s.faculty.FacultyServiceImpl : 学院 化学学院 有 3 个专业
2026-01-12 15:41:55.226 INFO  [http-nio-8080-exec-3] c.s.s.faculty.FacultyServiceImpl : 开始获取学院 医学院 (ID: 161) 的专业列表
2026-01-12 15:41:55.226 INFO  [http-nio-8080-exec-6] c.s.s.faculty.FacultyServiceImpl : 学院 健康学院 有 12 个专业
2026-01-12 15:41:55.226 INFO  [http-nio-8080-exec-1] c.s.s.faculty.FacultyServiceImpl : 学院 法学院 有 5 个专业
2026-01-12 15:41:55.226 INFO  [http-nio-8080-exec-1] c.s.s.faculty.FacultyServiceImpl : 开始获取学院 现代语言文化学院 (ID: 886) 的专业列表
2026-01-12 15:41:55.226 INFO  [http-nio-8080-exec-6] c.s.s.faculty.FacultyServiceImpl : 开始获取学院 工程学院 (ID: 1064) 的专业列表
2026-01-12 15:41:55.226 INFO  [http-nio-8080-exec-7] c.s.s.faculty.FacultyServiceImpl : 学院 医学、牙科学和护理学学院 有 12 个专业
2026-01-12 15:41:55.226 INFO  [http-nio-8080-exec-7] c.s.s.faculty.FacultyServiceImpl : 开始获取学院 心理学和神经科学学院 (ID: 928) 的专业列表
2026-01-12 15:41:55.227 INFO  [http-nio-8080-exec-1] c.s.s.faculty.FacultyServiceImpl : 学院 现代语言文化学院 有 1 个专业
2026-01-12 15:41:55.227 INFO  [http-nio-8080-exec-1] c.s.s.faculty.FacultyServiceImpl : 开始获取学院 生命科学学院 (ID: 887) 的专业列表
2026-01-12 15:41:55.227 INFO  [http-nio-8080-exec-2] c.s.s.faculty.FacultyServiceImpl : 学院 哲学、神学与宗教学院 有 8 个专业
2026-01-12 15:41:55.228 INFO  [http-nio-8080-exec-2] c.s.s.faculty.FacultyServiceImpl : 开始获取学院 商学院 (ID: 140) 的专业列表
2026-01-12 15:41:55.229 INFO  [http-nio-8080-exec-10] c.s.s.faculty.FacultyServiceImpl : 学院 南安普顿商学院 有 28 个专业
2026-01-12 15:41:55.230 INFO  [http-nio-8080-exec-10] c.s.s.faculty.FacultyServiceImpl : 开始获取学院 南安普顿教育学院 (ID: 1055) 的专业列表
2026-01-12 15:41:55.230 INFO  [http-nio-8080-exec-7] c.s.s.faculty.FacultyServiceImpl : 学院 心理学和神经科学学院 有 4 个专业
2026-01-12 15:41:55.230 INFO  [http-nio-8080-exec-7] c.s.s.faculty.FacultyServiceImpl : 开始获取学院 心血管与代谢健康学院 (ID: 929) 的专业列表
2026-01-12 15:41:55.231 INFO  [http-nio-8080-exec-3] c.s.s.faculty.FacultyServiceImpl : 学院 医学院 有 8 个专业
2026-01-12 15:41:55.231 INFO  [http-nio-8080-exec-3] c.s.s.faculty.FacultyServiceImpl : 开始获取学院 历史学院 (ID: 162) 的专业列表
2026-01-12 15:41:55.232 INFO  [http-nio-8080-exec-1] c.s.s.faculty.FacultyServiceImpl : 学院 生命科学学院 有 4 个专业
2026-01-12 15:41:55.232 INFO  [http-nio-8080-exec-1] c.s.s.faculty.FacultyServiceImpl : 开始获取学院 电影和电视研究系 (ID: 888) 的专业列表
2026-01-12 15:41:55.232 INFO  [http-nio-8080-exec-7] c.s.s.faculty.FacultyServiceImpl : 学院 心血管与代谢健康学院 有 3 个专业
2026-01-12 15:41:55.232 INFO  [http-nio-8080-exec-7] c.s.s.faculty.FacultyServiceImpl : 开始获取学院 亚当·史密斯商学院 (ID: 930) 的专业列表
2026-01-12 15:41:55.232 INFO  [http-nio-8080-exec-3] c.s.s.faculty.FacultyServiceImpl : 学院 历史学院 有 2 个专业
2026-01-12 15:41:55.232 INFO  [http-nio-8080-exec-3] c.s.s.faculty.FacultyServiceImpl : 开始获取学院 哲学、宗教与科学史学院 (ID: 163) 的专业列表
2026-01-12 15:41:55.232 INFO  [http-nio-8080-exec-10] c.s.s.faculty.FacultyServiceImpl : 学院 南安普顿教育学院 有 3 个专业
2026-01-12 15:41:55.232 INFO  [http-nio-8080-exec-10] c.s.s.faculty.FacultyServiceImpl : 开始获取学院 南安普顿法学院 (ID: 1056) 的专业列表
2026-01-12 15:41:55.233 INFO  [http-nio-8080-exec-1] c.s.s.faculty.FacultyServiceImpl : 学院 电影和电视研究系 有 2 个专业
2026-01-12 15:41:55.233 INFO  [http-nio-8080-exec-1] c.s.s.faculty.FacultyServiceImpl : 开始获取学院 社会学系 (ID: 889) 的专业列表
2026-01-12 15:41:55.234 INFO  [http-nio-8080-exec-6] c.s.s.faculty.FacultyServiceImpl : 学院 工程学院 有 24 个专业
2026-01-12 15:41:55.234 INFO  [http-nio-8080-exec-6] c.s.s.faculty.FacultyServiceImpl : 开始获取学院 理学院 (ID: 1065) 的专业列表
2026-01-12 15:41:55.234 INFO  [http-nio-8080-exec-3] c.s.s.faculty.FacultyServiceImpl : 学院 哲学、宗教与科学史学院 有 2 个专业
2026-01-12 15:41:55.234 INFO  [http-nio-8080-exec-3] c.s.s.faculty.FacultyServiceImpl : 开始获取学院 土木工程学院 (ID: 164) 的专业列表
2026-01-12 15:41:55.234 INFO  [http-nio-8080-exec-10] c.s.s.faculty.FacultyServiceImpl : 学院 南安普顿法学院 有 4 个专业
2026-01-12 15:41:55.234 INFO  [http-nio-8080-exec-1] c.s.s.faculty.FacultyServiceImpl : 学院 社会学系 有 5 个专业
2026-01-12 15:41:55.234 INFO  [http-nio-8080-exec-1] c.s.s.faculty.FacultyServiceImpl : 开始获取学院 终身学习中心 (ID: 890) 的专业列表
2026-01-12 15:41:55.234 INFO  [http-nio-8080-exec-10] c.s.s.faculty.FacultyServiceImpl : 开始获取学院 工程与物理科学学院 (ID: 1057) 的专业列表
2026-01-12 15:41:55.237 INFO  [http-nio-8080-exec-2] c.s.s.faculty.FacultyServiceImpl : 学院 商学院 有 19 个专业
2026-01-12 15:41:55.237 INFO  [http-nio-8080-exec-2] c.s.s.faculty.FacultyServiceImpl : 开始获取学院 地理、地球和环境学院 (ID: 141) 的专业列表
2026-01-12 15:41:55.239 INFO  [http-nio-8080-exec-3] c.s.s.faculty.FacultyServiceImpl : 学院 土木工程学院 有 10 个专业
2026-01-12 15:41:55.239 INFO  [http-nio-8080-exec-3] c.s.s.faculty.FacultyServiceImpl : 开始获取学院 地球与环境学院 (ID: 165) 的专业列表
2026-01-12 15:41:55.239 INFO  [http-nio-8080-exec-2] c.s.s.faculty.FacultyServiceImpl : 学院 地理、地球和环境学院 有 0 个专业
2026-01-12 15:41:55.239 INFO  [http-nio-8080-exec-6] c.s.s.faculty.FacultyServiceImpl : 学院 理学院 有 17 个专业
2026-01-12 15:41:55.239 INFO  [http-nio-8080-exec-6] c.s.s.faculty.FacultyServiceImpl : 开始获取学院 社会科学学院 (ID: 1066) 的专业列表
2026-01-12 15:41:55.239 INFO  [http-nio-8080-exec-2] c.s.s.faculty.FacultyServiceImpl : 开始获取学院 工程学院 (ID: 142) 的专业列表
2026-01-12 15:41:55.239 INFO  [http-nio-8080-exec-1] c.s.s.faculty.FacultyServiceImpl : 学院 终身学习中心 有 1 个专业
2026-01-12 15:41:55.240 INFO  [http-nio-8080-exec-1] c.s.s.faculty.FacultyServiceImpl : 开始获取学院 经济学系 (ID: 891) 的专业列表
2026-01-12 15:41:55.242 INFO  [http-nio-8080-exec-2] c.s.s.faculty.FacultyServiceImpl : 学院 工程学院 有 0 个专业
2026-01-12 15:41:55.242 INFO  [http-nio-8080-exec-2] c.s.s.faculty.FacultyServiceImpl : 开始获取学院 心理学学院 (ID: 143) 的专业列表
2026-01-12 15:41:55.243 INFO  [http-nio-8080-exec-7] c.s.s.faculty.FacultyServiceImpl : 学院 亚当·史密斯商学院 有 31 个专业
2026-01-12 15:41:55.243 INFO  [http-nio-8080-exec-7] c.s.s.faculty.FacultyServiceImpl : 开始获取学院 计算机学院 (ID: 931) 的专业列表
2026-01-12 15:41:55.243 INFO  [http-nio-8080-exec-1] c.s.s.faculty.FacultyServiceImpl : 学院 经济学系 有 5 个专业
2026-01-12 15:41:55.243 INFO  [http-nio-8080-exec-1] c.s.s.faculty.FacultyServiceImpl : 开始获取学院 统计学系 (ID: 892) 的专业列表
2026-01-12 15:41:55.244 INFO  [http-nio-8080-exec-2] c.s.s.faculty.FacultyServiceImpl : 学院 心理学学院 有 0 个专业
2026-01-12 15:41:55.244 INFO  [http-nio-8080-exec-3] c.s.s.faculty.FacultyServiceImpl : 学院 地球与环境学院 有 10 个专业
2026-01-12 15:41:55.244 INFO  [http-nio-8080-exec-2] c.s.s.faculty.FacultyServiceImpl : 开始获取学院 护理和助产学院 (ID: 144) 的专业列表
2026-01-12 15:41:55.244 INFO  [http-nio-8080-exec-3] c.s.s.faculty.FacultyServiceImpl : 开始获取学院 地理学院 (ID: 166) 的专业列表
2026-01-12 15:41:55.244 INFO  [http-nio-8080-exec-1] c.s.s.faculty.FacultyServiceImpl : 学院 统计学系 有 1 个专业
2026-01-12 15:41:55.244 INFO  [http-nio-8080-exec-1] c.s.s.faculty.FacultyServiceImpl : 开始获取学院 英语和比较文学研究系 (ID: 893) 的专业列表
2026-01-12 15:41:55.245 INFO  [http-nio-8080-exec-2] c.s.s.faculty.FacultyServiceImpl : 学院 护理和助产学院 有 0 个专业
2026-01-12 15:41:55.245 INFO  [http-nio-8080-exec-2] c.s.s.faculty.FacultyServiceImpl : 开始获取学院 政府学院 (ID: 145) 的专业列表
2026-01-12 15:41:55.246 INFO  [http-nio-8080-exec-7] c.s.s.faculty.FacultyServiceImpl : 学院 计算机学院 有 6 个专业
2026-01-12 15:41:55.246 INFO  [http-nio-8080-exec-7] c.s.s.faculty.FacultyServiceImpl : 开始获取学院 感染与免疫学院 (ID: 932) 的专业列表
2026-01-12 15:41:55.246 INFO  [http-nio-8080-exec-2] c.s.s.faculty.FacultyServiceImpl : 学院 政府学院 有 0 个专业
2026-01-12 15:41:55.246 INFO  [http-nio-8080-exec-2] c.s.s.faculty.FacultyServiceImpl : 开始获取学院 教育学院 (ID: 146) 的专业列表
2026-01-12 15:41:55.247 INFO  [http-nio-8080-exec-3] c.s.s.faculty.FacultyServiceImpl : 学院 地理学院 有 3 个专业
2026-01-12 15:41:55.247 INFO  [http-nio-8080-exec-3] c.s.s.faculty.FacultyServiceImpl : 开始获取学院 媒体与传播学院 (ID: 167) 的专业列表
2026-01-12 15:41:55.247 INFO  [http-nio-8080-exec-2] c.s.s.faculty.FacultyServiceImpl : 学院 教育学院 有 0 个专业
2026-01-12 15:41:55.247 INFO  [http-nio-8080-exec-2] c.s.s.faculty.FacultyServiceImpl : 开始获取学院 数学学院 (ID: 147) 的专业列表
2026-01-12 15:41:55.248 INFO  [http-nio-8080-exec-7] c.s.s.faculty.FacultyServiceImpl : 学院 感染与免疫学院 有 3 个专业
2026-01-12 15:41:55.248 INFO  [http-nio-8080-exec-7] c.s.s.faculty.FacultyServiceImpl : 开始获取学院 批判研究学院 (ID: 933) 的专业列表
2026-01-12 15:41:55.248 INFO  [http-nio-8080-exec-6] c.s.s.faculty.FacultyServiceImpl : 学院 社会科学学院 有 32 个专业
2026-01-12 15:41:55.248 INFO  [http-nio-8080-exec-1] c.s.s.faculty.FacultyServiceImpl : 学院 英语和比较文学研究系 有 5 个专业
2026-01-12 15:41:55.248 INFO  [http-nio-8080-exec-6] c.s.s.faculty.FacultyServiceImpl : 开始获取学院 管理学院 (ID: 1067) 的专业列表
2026-01-12 15:41:55.248 INFO  [http-nio-8080-exec-1] c.s.s.faculty.FacultyServiceImpl : 开始获取学院 计算机科学系 (ID: 894) 的专业列表
2026-01-12 15:41:55.248 INFO  [http-nio-8080-exec-2] c.s.s.faculty.FacultyServiceImpl : 学院 数学学院 有 0 个专业
2026-01-12 15:41:55.248 INFO  [http-nio-8080-exec-2] c.s.s.faculty.FacultyServiceImpl : 开始获取学院 物理和天文学学院 (ID: 148) 的专业列表
2026-01-12 15:41:55.249 INFO  [http-nio-8080-exec-1] c.s.s.faculty.FacultyServiceImpl : 学院 计算机科学系 有 1 个专业
2026-01-12 15:41:55.249 INFO  [http-nio-8080-exec-1] c.s.s.faculty.FacultyServiceImpl : 开始获取学院 跨学科研究中心 (ID: 895) 的专业列表
2026-01-12 15:41:55.249 INFO  [http-nio-8080-exec-2] c.s.s.faculty.FacultyServiceImpl : 学院 物理和天文学学院 有 0 个专业
2026-01-12 15:41:55.249 INFO  [http-nio-8080-exec-2] c.s.s.faculty.FacultyServiceImpl : 开始获取学院 生物科学学院 (ID: 149) 的专业列表
2026-01-12 15:41:55.249 INFO  [http-nio-8080-exec-3] c.s.s.faculty.FacultyServiceImpl : 学院 媒体与传播学院 有 8 个专业
2026-01-12 15:41:55.249 INFO  [http-nio-8080-exec-3] c.s.s.faculty.FacultyServiceImpl : 开始获取学院 心理学院 (ID: 168) 的专业列表
2026-01-12 15:41:55.249 INFO  [http-nio-8080-exec-2] c.s.s.faculty.FacultyServiceImpl : 学院 生物科学学院 有 0 个专业
2026-01-12 15:41:55.249 INFO  [http-nio-8080-exec-2] c.s.s.faculty.FacultyServiceImpl : 开始获取学院 社会政策学院 (ID: 150) 的专业列表
2026-01-12 15:41:55.250 INFO  [http-nio-8080-exec-2] c.s.s.faculty.FacultyServiceImpl : 学院 社会政策学院 有 0 个专业
2026-01-12 15:41:55.250 INFO  [http-nio-8080-exec-2] c.s.s.faculty.FacultyServiceImpl : 开始获取学院 英语、戏剧和创意研究学院 (ID: 151) 的专业列表
2026-01-12 15:41:55.250 INFO  [http-nio-8080-exec-7] c.s.s.faculty.FacultyServiceImpl : 学院 批判研究学院 有 9 个专业
2026-01-12 15:41:55.250 INFO  [http-nio-8080-exec-7] c.s.s.faculty.FacultyServiceImpl : 开始获取学院 数学与统计学院 (ID: 934) 的专业列表
2026-01-12 15:41:55.250 INFO  [http-nio-8080-exec-1] c.s.s.faculty.FacultyServiceImpl : 学院 跨学科研究中心 有 4 个专业
2026-01-12 15:41:55.250 INFO  [http-nio-8080-exec-1] c.s.service.schools.SchoolController : 成功获取到院校 18 的 32 个学院
2026-01-12 15:41:55.250 INFO  [http-nio-8080-exec-10] c.s.s.faculty.FacultyServiceImpl : 学院 工程与物理科学学院 有 43 个专业
2026-01-12 15:41:55.250 INFO  [http-nio-8080-exec-10] c.s.s.faculty.FacultyServiceImpl : 开始获取学院 数学科学学院 (ID: 1058) 的专业列表
2026-01-12 15:41:55.250 INFO  [http-nio-8080-exec-2] c.s.s.faculty.FacultyServiceImpl : 学院 英语、戏剧和创意研究学院 有 0 个专业
2026-01-12 15:41:55.250 INFO  [http-nio-8080-exec-2] c.s.s.faculty.FacultyServiceImpl : 开始获取学院 药学院 (ID: 152) 的专业列表
2026-01-12 15:41:55.250 INFO  [http-nio-8080-exec-6] c.s.s.faculty.FacultyServiceImpl : 学院 管理学院 有 13 个专业
2026-01-12 15:41:55.250 INFO  [http-nio-8080-exec-6] c.s.s.faculty.FacultyServiceImpl : 开始获取学院 艺术与人文学院 (ID: 1068) 的专业列表
2026-01-12 15:41:55.250 INFO  [http-nio-8080-exec-3] c.s.s.faculty.FacultyServiceImpl : 学院 心理学院 有 2 个专业
2026-01-12 15:41:55.250 INFO  [http-nio-8080-exec-3] c.s.s.faculty.FacultyServiceImpl : 开始获取学院 政治与国际研究学院 (ID: 169) 的专业列表
2026-01-12 15:41:55.250 INFO  [http-nio-8080-exec-2] c.s.s.faculty.FacultyServiceImpl : 学院 药学院 有 0 个专业
2026-01-12 15:41:55.250 INFO  [http-nio-8080-exec-2] c.s.s.faculty.FacultyServiceImpl : 开始获取学院 计算机科学学院 (ID: 153) 的专业列表
2026-01-12 15:41:55.251 INFO  [http-nio-8080-exec-2] c.s.s.faculty.FacultyServiceImpl : 学院 计算机科学学院 有 0 个专业
2026-01-12 15:41:55.251 INFO  [http-nio-8080-exec-2] c.s.s.faculty.FacultyServiceImpl : 开始获取学院 语言、文化、艺术史和音乐学院 (ID: 154) 的专业列表
2026-01-12 15:41:55.251 INFO  [http-nio-8080-exec-7] c.s.s.faculty.FacultyServiceImpl : 学院 数学与统计学院 有 4 个专业
2026-01-12 15:41:55.251 INFO  [http-nio-8080-exec-7] c.s.s.faculty.FacultyServiceImpl : 开始获取学院 物理与天文学学院 (ID: 935) 的专业列表
2026-01-12 15:41:55.251 INFO  [http-nio-8080-exec-10] c.s.s.faculty.FacultyServiceImpl : 学院 数学科学学院 有 6 个专业
2026-01-12 15:41:55.251 INFO  [http-nio-8080-exec-10] c.s.s.faculty.FacultyServiceImpl : 开始获取学院 温彻斯特艺术学院 (ID: 1059) 的专业列表
2026-01-12 15:41:55.252 INFO  [http-nio-8080-exec-2] c.s.s.faculty.FacultyServiceImpl : 学院 语言、文化、艺术史和音乐学院 有 0 个专业
2026-01-12 15:41:55.252 INFO  [http-nio-8080-exec-2] c.s.s.faculty.FacultyServiceImpl : 开始获取学院 铁桥遗址中心 (ID: 155) 的专业列表
2026-01-12 15:41:55.254 INFO  [http-nio-8080-exec-7] c.s.s.faculty.FacultyServiceImpl : 学院 物理与天文学学院 有 7 个专业
2026-01-12 15:41:55.255 INFO  [http-nio-8080-exec-3] c.s.s.faculty.FacultyServiceImpl : 学院 政治与国际研究学院 有 9 个专业
2026-01-12 15:41:55.255 INFO  [http-nio-8080-exec-3] c.s.s.faculty.FacultyServiceImpl : 开始获取学院 教育学院 (ID: 170) 的专业列表
2026-01-12 15:41:55.255 INFO  [http-nio-8080-exec-2] c.s.s.faculty.FacultyServiceImpl : 学院 铁桥遗址中心 有 0 个专业
2026-01-12 15:41:55.255 INFO  [http-nio-8080-exec-2] c.s.service.schools.SchoolController : 成功获取到院校 44 的 26 个学院
2026-01-12 15:41:55.255 INFO  [http-nio-8080-exec-7] c.s.s.faculty.FacultyServiceImpl : 开始获取学院 化学学院 (ID: 936) 的专业列表
2026-01-12 15:41:55.258 INFO  [http-nio-8080-exec-7] c.s.s.faculty.FacultyServiceImpl : 学院 化学学院 有 2 个专业
2026-01-12 15:41:55.258 INFO  [http-nio-8080-exec-7] c.s.s.faculty.FacultyServiceImpl : 开始获取学院 生物多样性、一体健康和兽医学院 (ID: 937) 的专业列表
2026-01-12 15:41:55.258 INFO  [http-nio-8080-exec-6] c.s.s.faculty.FacultyServiceImpl : 学院 艺术与人文学院 有 21 个专业
2026-01-12 15:41:55.258 INFO  [http-nio-8080-exec-6] c.s.service.schools.SchoolController : 成功获取到院校 34 的 6 个学院
2026-01-12 15:41:55.259 INFO  [http-nio-8080-exec-3] c.s.s.faculty.FacultyServiceImpl : 学院 教育学院 有 5 个专业
2026-01-12 15:41:55.259 INFO  [http-nio-8080-exec-3] c.s.s.faculty.FacultyServiceImpl : 开始获取学院 数学学院 (ID: 171) 的专业列表
2026-01-12 15:41:55.260 INFO  [http-nio-8080-exec-10] c.s.s.faculty.FacultyServiceImpl : 学院 温彻斯特艺术学院 有 15 个专业
2026-01-12 15:41:55.260 INFO  [http-nio-8080-exec-10] c.s.s.faculty.FacultyServiceImpl : 开始获取学院 环境与生命科学学院 (ID: 1060) 的专业列表
2026-01-12 15:41:55.262 INFO  [http-nio-8080-exec-3] c.s.s.faculty.FacultyServiceImpl : 学院 数学学院 有 4 个专业
2026-01-12 15:41:55.264 INFO  [http-nio-8080-exec-3] c.s.s.faculty.FacultyServiceImpl : 开始获取学院 机械工程学院 (ID: 172) 的专业列表
2026-01-12 15:41:55.266 INFO  [http-nio-8080-exec-4] c.s.service.schools.SchoolController : 开始获取院校 21 的学院列表
2026-01-12 15:41:55.266 INFO  [http-nio-8080-exec-4] c.s.s.faculty.FacultyServiceImpl : 开始获取院校ID为 21 的学院列表
2026-01-12 15:41:55.266 INFO  [http-nio-8080-exec-7] c.s.s.faculty.FacultyServiceImpl : 学院 生物多样性、一体健康和兽医学院 有 7 个专业
2026-01-12 15:41:55.266 INFO  [http-nio-8080-exec-7] c.s.s.faculty.FacultyServiceImpl : 开始获取学院 癌症科学学院 (ID: 938) 的专业列表
2026-01-12 15:41:55.267 INFO  [http-nio-8080-exec-5] c.s.service.schools.SchoolController : 开始获取院校 35 的学院列表
2026-01-12 15:41:55.267 INFO  [http-nio-8080-exec-5] c.s.s.faculty.FacultyServiceImpl : 开始获取院校ID为 35 的学院列表
2026-01-12 15:41:55.267 INFO  [http-nio-8080-exec-3] c.s.s.faculty.FacultyServiceImpl : 学院 机械工程学院 有 6 个专业
2026-01-12 15:41:55.267 INFO  [http-nio-8080-exec-3] c.s.s.faculty.FacultyServiceImpl : 开始获取学院 法学院 (ID: 173) 的专业列表
2026-01-12 15:41:55.268 INFO  [http-nio-8080-exec-9] c.s.service.schools.SchoolController : 开始获取院校 29 的学院列表
2026-01-12 15:41:55.268 INFO  [http-nio-8080-exec-9] c.s.s.faculty.FacultyServiceImpl : 开始获取院校ID为 29 的学院列表
2026-01-12 15:41:55.268 INFO  [http-nio-8080-exec-7] c.s.s.faculty.FacultyServiceImpl : 学院 癌症科学学院 有 2 个专业
2026-01-12 15:41:55.268 INFO  [http-nio-8080-exec-7] c.s.s.faculty.FacultyServiceImpl : 开始获取学院 社会与环境可持续发展学院 (ID: 939) 的专业列表
2026-01-12 15:41:55.269 INFO  [http-nio-8080-exec-7] c.s.s.faculty.FacultyServiceImpl : 学院 社会与环境可持续发展学院 有 2 个专业
2026-01-12 15:41:55.269 INFO  [http-nio-8080-exec-7] c.s.s.faculty.FacultyServiceImpl : 开始获取学院 詹姆斯-瓦特工程科学学院 (ID: 940) 的专业列表
2026-01-12 15:41:55.269 INFO  [http-nio-8080-exec-4] c.s.s.faculty.FacultyServiceImpl : 找到 11 个学院
2026-01-12 15:41:55.269 INFO  [http-nio-8080-exec-4] c.s.s.faculty.FacultyServiceImpl : 开始获取学院 商学院 (ID: 47) 的专业列表
2026-01-12 15:41:55.270 INFO  [http-nio-8080-exec-5] c.s.s.faculty.FacultyServiceImpl : 找到 6 个学院
2026-01-12 15:41:55.270 INFO  [http-nio-8080-exec-5] c.s.s.faculty.FacultyServiceImpl : 开始获取学院 医学与健康科学学院 (ID: 978) 的专业列表
2026-01-12 15:41:55.271 INFO  [http-nio-8080-exec-10] c.s.s.faculty.FacultyServiceImpl : 学院 环境与生命科学学院 有 25 个专业
2026-01-12 15:41:55.271 INFO  [http-nio-8080-exec-10] c.s.s.faculty.FacultyServiceImpl : 开始获取学院 经济、社会和政治科学学院 (ID: 1061) 的专业列表
2026-01-12 15:41:55.271 INFO  [http-nio-8080-exec-3] c.s.s.faculty.FacultyServiceImpl : 学院 法学院 有 11 个专业
2026-01-12 15:41:55.271 INFO  [http-nio-8080-exec-3] c.s.s.faculty.FacultyServiceImpl : 开始获取学院 牙科学院 (ID: 174) 的专业列表
2026-01-12 15:41:55.318 INFO  [http-nio-8080-exec-3] c.s.s.faculty.FacultyServiceImpl : 学院 牙科学院 有 3 个专业
2026-01-12 15:41:55.318 INFO  [http-nio-8080-exec-9] c.s.s.faculty.FacultyServiceImpl : 找到 19 个学院
2026-01-12 15:41:55.318 INFO  [http-nio-8080-exec-3] c.s.s.faculty.FacultyServiceImpl : 开始获取学院 物理与天文学学院 (ID: 175) 的专业列表
2026-01-12 15:41:55.318 INFO  [http-nio-8080-exec-9] c.s.s.faculty.FacultyServiceImpl : 开始获取学院 健康科学教育研究所 (ID: 60) 的专业列表
2026-01-12 15:41:55.318 INFO  [http-nio-8080-exec-10] c.s.s.faculty.FacultyServiceImpl : 学院 经济、社会和政治科学学院 有 15 个专业
2026-01-12 15:41:55.318 INFO  [http-nio-8080-exec-10] c.s.s.faculty.FacultyServiceImpl : 开始获取学院 艺术与人文学院 (ID: 1062) 的专业列表
2026-01-12 15:41:55.318 INFO  [http-nio-8080-exec-7] c.s.s.faculty.FacultyServiceImpl : 学院 詹姆斯-瓦特工程科学学院 有 24 个专业
2026-01-12 15:41:55.318 INFO  [http-nio-8080-exec-7] c.s.s.faculty.FacultyServiceImpl : 开始获取学院 地理与地球科学学院 (ID: 941) 的专业列表
2026-01-12 15:41:55.318 INFO  [http-nio-8080-exec-4] c.s.s.faculty.FacultyServiceImpl : 学院 商学院 有 22 个专业
2026-01-12 15:41:55.318 INFO  [http-nio-8080-exec-4] c.s.s.faculty.FacultyServiceImpl : 开始获取学院 计算机科学系 (ID: 48) 的专业列表
2026-01-12 15:41:55.319 INFO  [http-nio-8080-exec-3] c.s.s.faculty.FacultyServiceImpl : 学院 物理与天文学学院 有 2 个专业
2026-01-12 15:41:55.319 INFO  [http-nio-8080-exec-3] c.s.s.faculty.FacultyServiceImpl : 开始获取学院 生物科学学院 (ID: 176) 的专业列表
2026-01-12 15:41:55.319 INFO  [http-nio-8080-exec-9] c.s.s.faculty.FacultyServiceImpl : 学院 健康科学教育研究所 有 1 个专业
2026-01-12 15:41:55.319 INFO  [http-nio-8080-exec-4] c.s.s.faculty.FacultyServiceImpl : 学院 计算机科学系 有 1 个专业
2026-01-12 15:41:55.319 INFO  [http-nio-8080-exec-9] c.s.s.faculty.FacultyServiceImpl : 开始获取学院 医学研究所 (ID: 61) 的专业列表
2026-01-12 15:41:55.319 INFO  [http-nio-8080-exec-4] c.s.s.faculty.FacultyServiceImpl : 开始获取学院 工程学院 (ID: 49) 的专业列表
2026-01-12 15:41:55.319 INFO  [http-nio-8080-exec-5] c.s.s.faculty.FacultyServiceImpl : 学院 医学与健康科学学院 有 24 个专业
2026-01-12 15:41:55.319 INFO  [http-nio-8080-exec-5] c.s.s.faculty.FacultyServiceImpl : 开始获取学院 商学院 (ID: 979) 的专业列表
2026-01-12 15:41:55.320 INFO  [http-nio-8080-exec-9] c.s.s.faculty.FacultyServiceImpl : 学院 医学研究所 有 5 个专业
2026-01-12 15:41:55.320 INFO  [http-nio-8080-exec-9] c.s.s.faculty.FacultyServiceImpl : 开始获取学院 历史学学院 (ID: 62) 的专业列表
2026-01-12 15:41:55.320 INFO  [http-nio-8080-exec-7] c.s.s.faculty.FacultyServiceImpl : 学院 地理与地球科学学院 有 15 个专业
2026-01-12 15:41:55.320 INFO  [http-nio-8080-exec-7] c.s.s.faculty.FacultyServiceImpl : 开始获取学院 心理学院 (ID: 942) 的专业列表
2026-01-12 15:41:55.320 INFO  [http-nio-8080-exec-4] c.s.s.faculty.FacultyServiceImpl : 学院 工程学院 有 7 个专业
2026-01-12 15:41:55.320 INFO  [http-nio-8080-exec-4] c.s.s.faculty.FacultyServiceImpl : 开始获取学院 商学院 (ID: 952) 的专业列表
2026-01-12 15:41:55.321 INFO  [http-nio-8080-exec-3] c.s.s.faculty.FacultyServiceImpl : 学院 生物科学学院 有 13 个专业
2026-01-12 15:41:55.321 INFO  [http-nio-8080-exec-3] c.s.s.faculty.FacultyServiceImpl : 开始获取学院 电子与电气工程学院 (ID: 177) 的专业列表
2026-01-12 15:41:55.321 INFO  [http-nio-8080-exec-9] c.s.s.faculty.FacultyServiceImpl : 学院 历史学学院 有 2 个专业
2026-01-12 15:41:55.321 INFO  [http-nio-8080-exec-4] c.s.s.faculty.FacultyServiceImpl : 学院 商学院 有 0 个专业
2026-01-12 15:41:55.321 INFO  [http-nio-8080-exec-9] c.s.s.faculty.FacultyServiceImpl : 开始获取学院 地理学学院 (ID: 63) 的专业列表
2026-01-12 15:41:55.321 INFO  [http-nio-8080-exec-4] c.s.s.faculty.FacultyServiceImpl : 开始获取学院 工程学院 (ID: 953) 的专业列表
2026-01-12 15:41:55.321 INFO  [http-nio-8080-exec-7] c.s.s.faculty.FacultyServiceImpl : 学院 心理学院 有 0 个专业
2026-01-12 15:41:55.321 INFO  [http-nio-8080-exec-7] c.s.s.faculty.FacultyServiceImpl : 开始获取学院 教育学院 (ID: 943) 的专业列表
2026-01-12 15:41:55.321 INFO  [http-nio-8080-exec-4] c.s.s.faculty.FacultyServiceImpl : 学院 工程学院 有 0 个专业
2026-01-12 15:41:55.321 INFO  [http-nio-8080-exec-4] c.s.s.faculty.FacultyServiceImpl : 开始获取学院 杜伦学术发展中心 (ID: 954) 的专业列表
2026-01-12 15:41:55.323 INFO  [http-nio-8080-exec-5] c.s.s.faculty.FacultyServiceImpl : 学院 商学院 有 19 个专业
2026-01-12 15:41:55.322 INFO  [http-nio-8080-exec-10] c.s.s.faculty.FacultyServiceImpl : 学院 艺术与人文学院 有 35 个专业
2026-01-12 15:41:55.323 INFO  [http-nio-8080-exec-5] c.s.s.faculty.FacultyServiceImpl : 开始获取学院 工程学院 (ID: 980) 的专业列表
2026-01-12 15:41:55.324 INFO  [http-nio-8080-exec-10] c.s.service.schools.SchoolController : 成功获取到院校 43 的 10 个学院
2026-01-12 15:41:55.324 INFO  [http-nio-8080-exec-3] c.s.s.faculty.FacultyServiceImpl : 学院 电子与电气工程学院 有 5 个专业
2026-01-12 15:41:55.324 INFO  [http-nio-8080-exec-3] c.s.s.faculty.FacultyServiceImpl : 开始获取学院 社会学与社会政策学院 (ID: 178) 的专业列表
2026-01-12 15:41:55.324 INFO  [http-nio-8080-exec-9] c.s.s.faculty.FacultyServiceImpl : 学院 地理学学院 有 3 个专业
2026-01-12 15:41:55.324 INFO  [http-nio-8080-exec-9] c.s.s.faculty.FacultyServiceImpl : 开始获取学院 威廉哈威研究院 (ID: 64) 的专业列表
2026-01-12 15:41:55.324 INFO  [http-nio-8080-exec-4] c.s.s.faculty.FacultyServiceImpl : 学院 杜伦学术发展中心 有 1 个专业
2026-01-12 15:41:55.324 INFO  [http-nio-8080-exec-4] c.s.s.faculty.FacultyServiceImpl : 开始获取学院 杜伦法学院 (ID: 955) 的专业列表
2026-01-12 15:41:55.325 INFO  [http-nio-8080-exec-7] c.s.s.faculty.FacultyServiceImpl : 学院 教育学院 有 13 个专业
2026-01-12 15:41:55.325 INFO  [http-nio-8080-exec-7] c.s.s.faculty.FacultyServiceImpl : 开始获取学院 法学院 (ID: 944) 的专业列表
2026-01-12 15:41:55.326 INFO  [http-nio-8080-exec-3] c.s.s.faculty.FacultyServiceImpl : 学院 社会学与社会政策学院 有 4 个专业
2026-01-12 15:41:55.326 INFO  [http-nio-8080-exec-3] c.s.s.faculty.FacultyServiceImpl : 开始获取学院 美术、艺术史与文化研究学院 (ID: 179) 的专业列表
2026-01-12 15:41:55.327 INFO  [http-nio-8080-exec-4] c.s.s.faculty.FacultyServiceImpl : 学院 杜伦法学院 有 10 个专业
2026-01-12 15:41:55.327 INFO  [http-nio-8080-exec-9] c.s.s.faculty.FacultyServiceImpl : 学院 威廉哈威研究院 有 11 个专业
2026-01-12 15:41:55.327 INFO  [http-nio-8080-exec-9] c.s.s.faculty.FacultyServiceImpl : 开始获取学院 工商管理学院 (ID: 65) 的专业列表
2026-01-12 15:41:55.327 INFO  [http-nio-8080-exec-4] c.s.s.faculty.FacultyServiceImpl : 开始获取学院 理学院 (ID: 956) 的专业列表
2026-01-12 15:41:55.331 INFO  [http-nio-8080-exec-7] c.s.s.faculty.FacultyServiceImpl : 学院 法学院 有 11 个专业
2026-01-12 15:41:55.331 INFO  [http-nio-8080-exec-7] c.s.s.faculty.FacultyServiceImpl : 开始获取学院 社会与政治科学学院 (ID: 945) 的专业列表
2026-01-12 15:41:55.331 INFO  [http-nio-8080-exec-5] c.s.s.faculty.FacultyServiceImpl : 学院 工程学院 有 25 个专业
2026-01-12 15:41:55.331 INFO  [http-nio-8080-exec-5] c.s.s.faculty.FacultyServiceImpl : 开始获取学院 文学院 (ID: 981) 的专业列表
2026-01-12 15:41:55.332 INFO  [http-nio-8080-exec-3] c.s.s.faculty.FacultyServiceImpl : 学院 美术、艺术史与文化研究学院 有 5 个专业
2026-01-12 15:41:55.332 INFO  [http-nio-8080-exec-3] c.s.s.faculty.FacultyServiceImpl : 开始获取学院 英语学院 (ID: 180) 的专业列表
2026-01-12 15:41:55.336 INFO  [http-nio-8080-exec-8] c.s.service.schools.SchoolController : 开始获取院校 46 的学院列表
2026-01-12 15:41:55.336 INFO  [http-nio-8080-exec-8] c.s.s.faculty.FacultyServiceImpl : 开始获取院校ID为 46 的学院列表
2026-01-12 15:41:55.336 INFO  [http-nio-8080-exec-4] c.s.s.faculty.FacultyServiceImpl : 学院 理学院 有 19 个专业
2026-01-12 15:41:55.337 INFO  [http-nio-8080-exec-4] c.s.s.faculty.FacultyServiceImpl : 开始获取学院 社会科学与健康学院 (ID: 957) 的专业列表
2026-01-12 15:41:55.337 INFO  [http-nio-8080-exec-9] c.s.s.faculty.FacultyServiceImpl : 学院 工商管理学院 有 20 个专业
2026-01-12 15:41:55.337 INFO  [http-nio-8080-exec-9] c.s.s.faculty.FacultyServiceImpl : 开始获取学院 工程与材料科学学院 (ID: 66) 的专业列表
2026-01-12 15:41:55.337 INFO  [http-nio-8080-exec-3] c.s.s.faculty.FacultyServiceImpl : 学院 英语学院 有 4 个专业
2026-01-12 15:41:55.337 INFO  [http-nio-8080-exec-3] c.s.s.faculty.FacultyServiceImpl : 开始获取学院 表演与文化产业学院 (ID: 181) 的专业列表
2026-01-12 15:41:55.337 INFO  [http-nio-8080-exec-5] c.s.s.faculty.FacultyServiceImpl : 学院 文学院 有 13 个专业
2026-01-12 15:41:55.337 INFO  [http-nio-8080-exec-5] c.s.s.faculty.FacultyServiceImpl : 开始获取学院 理学院 (ID: 982) 的专业列表
2026-01-12 15:41:55.338 INFO  [http-nio-8080-exec-7] c.s.s.faculty.FacultyServiceImpl : 学院 社会与政治科学学院 有 26 个专业
2026-01-12 15:41:55.338 INFO  [http-nio-8080-exec-7] c.s.s.faculty.FacultyServiceImpl : 开始获取学院 现代语言与文化学院 (ID: 946) 的专业列表
2026-01-12 15:41:55.339 INFO  [http-nio-8080-exec-9] c.s.s.faculty.FacultyServiceImpl : 学院 工程与材料科学学院 有 10 个专业
2026-01-12 15:41:55.339 INFO  [http-nio-8080-exec-9] c.s.s.faculty.FacultyServiceImpl : 开始获取学院 巴特癌症研究所 (ID: 67) 的专业列表
2026-01-12 15:41:55.339 INFO  [http-nio-8080-exec-3] c.s.s.faculty.FacultyServiceImpl : 学院 表演与文化产业学院 有 6 个专业
2026-01-12 15:41:55.339 INFO  [http-nio-8080-exec-3] c.s.s.faculty.FacultyServiceImpl : 开始获取学院 计算机学院 (ID: 182) 的专业列表
2026-01-12 15:41:55.339 INFO  [http-nio-8080-exec-7] c.s.s.faculty.FacultyServiceImpl : 学院 现代语言与文化学院 有 2 个专业
2026-01-12 15:41:55.339 INFO  [http-nio-8080-exec-7] c.s.s.faculty.FacultyServiceImpl : 开始获取学院 英语与创意写作学院 (ID: 947) 的专业列表
2026-01-12 15:41:55.341 INFO  [http-nio-8080-exec-3] c.s.s.faculty.FacultyServiceImpl : 学院 计算机学院 有 5 个专业
2026-01-12 15:41:55.341 INFO  [http-nio-8080-exec-3] c.s.s.faculty.FacultyServiceImpl : 开始获取学院 设计学院 (ID: 183) 的专业列表
2026-01-12 15:41:55.341 INFO  [http-nio-8080-exec-9] c.s.s.faculty.FacultyServiceImpl : 学院 巴特癌症研究所 有 2 个专业
2026-01-12 15:41:55.341 INFO  [http-nio-8080-exec-9] c.s.s.faculty.FacultyServiceImpl : 开始获取学院 巴黎伦敦大学 (ID: 68) 的专业列表
2026-01-12 15:41:55.341 INFO  [http-nio-8080-exec-7] c.s.s.faculty.FacultyServiceImpl : 学院 英语与创意写作学院 有 0 个专业
2026-01-12 15:41:55.341 INFO  [http-nio-8080-exec-7] c.s.s.faculty.FacultyServiceImpl : 开始获取学院 文化与创意艺术学院 (ID: 948) 的专业列表
2026-01-12 15:41:55.342 INFO  [http-nio-8080-exec-8] c.s.s.faculty.FacultyServiceImpl : 找到 18 个学院
2026-01-12 15:41:55.342 INFO  [http-nio-8080-exec-8] c.s.s.faculty.FacultyServiceImpl : 开始获取学院 化学学院 (ID: 188) 的专业列表
2026-01-12 15:41:55.342 INFO  [http-nio-8080-exec-5] c.s.s.faculty.FacultyServiceImpl : 学院 理学院 有 21 个专业
2026-01-12 15:41:55.342 INFO  [http-nio-8080-exec-5] c.s.s.faculty.FacultyServiceImpl : 开始获取学院 社会科学学院 (ID: 983) 的专业列表
2026-01-12 15:41:55.342 INFO  [http-nio-8080-exec-9] c.s.s.faculty.FacultyServiceImpl : 学院 巴黎伦敦大学 有 1 个专业
2026-01-12 15:41:55.343 INFO  [http-nio-8080-exec-9] c.s.s.faculty.FacultyServiceImpl : 开始获取学院 政治与国际关系学院 (ID: 69) 的专业列表
2026-01-12 15:41:55.343 INFO  [http-nio-8080-exec-4] c.s.s.faculty.FacultyServiceImpl : 学院 社会科学与健康学院 有 33 个专业
2026-01-12 15:41:55.343 INFO  [http-nio-8080-exec-4] c.s.s.faculty.FacultyServiceImpl : 开始获取学院 艺术与人文学院 (ID: 958) 的专业列表
2026-01-12 15:41:55.343 INFO  [http-nio-8080-exec-3] c.s.s.faculty.FacultyServiceImpl : 学院 设计学院 有 6 个专业
2026-01-12 15:41:55.343 INFO  [http-nio-8080-exec-3] c.s.s.faculty.FacultyServiceImpl : 开始获取学院 语言、文化与社会学院 (ID: 184) 的专业列表
2026-01-12 15:41:55.343 INFO  [http-nio-8080-exec-8] c.s.s.faculty.FacultyServiceImpl : 学院 化学学院 有 2 个专业
2026-01-12 15:41:55.343 INFO  [http-nio-8080-exec-8] c.s.s.faculty.FacultyServiceImpl : 开始获取学院 历史学院 (ID: 189) 的专业列表
2026-01-12 15:41:55.344 INFO  [http-nio-8080-exec-9] c.s.s.faculty.FacultyServiceImpl : 学院 政治与国际关系学院 有 6 个专业
2026-01-12 15:41:55.344 INFO  [http-nio-8080-exec-9] c.s.s.faculty.FacultyServiceImpl : 开始获取学院 数学科学学院 (ID: 70) 的专业列表
2026-01-12 15:41:55.347 INFO  [http-nio-8080-exec-8] c.s.s.faculty.FacultyServiceImpl : 学院 历史学院 有 8 个专业
2026-01-12 15:41:55.347 INFO  [http-nio-8080-exec-7] c.s.s.faculty.FacultyServiceImpl : 学院 文化与创意艺术学院 有 19 个专业
2026-01-12 15:41:55.347 INFO  [http-nio-8080-exec-7] c.s.s.faculty.FacultyServiceImpl : 开始获取学院 人文学院 (ID: 949) 的专业列表
2026-01-12 15:41:55.347 INFO  [http-nio-8080-exec-8] c.s.s.faculty.FacultyServiceImpl : 开始获取学院 古典学学院 (ID: 190) 的专业列表
2026-01-12 15:41:55.347 INFO  [http-nio-8080-exec-3] c.s.s.faculty.FacultyServiceImpl : 学院 语言、文化与社会学院 有 7 个专业
2026-01-12 15:41:55.347 INFO  [http-nio-8080-exec-3] c.s.s.faculty.FacultyServiceImpl : 开始获取学院 跨学科伦理应用中心 (ID: 185) 的专业列表
2026-01-12 15:41:55.347 INFO  [http-nio-8080-exec-4] c.s.s.faculty.FacultyServiceImpl : 学院 艺术与人文学院 有 14 个专业
2026-01-12 15:41:55.347 INFO  [http-nio-8080-exec-4] c.s.s.faculty.FacultyServiceImpl : 开始获取学院 克兰默堂 (ID: 1105) 的专业列表
2026-01-12 15:41:55.348 INFO  [http-nio-8080-exec-9] c.s.s.faculty.FacultyServiceImpl : 学院 数学科学学院 有 6 个专业
2026-01-12 15:41:55.348 INFO  [http-nio-8080-exec-9] c.s.s.faculty.FacultyServiceImpl : 开始获取学院 沃尔夫森研究所 (ID: 71) 的专业列表
2026-01-12 15:41:55.348 INFO  [http-nio-8080-exec-8] c.s.s.faculty.FacultyServiceImpl : 学院 古典学学院 有 1 个专业
2026-01-12 15:41:55.348 INFO  [http-nio-8080-exec-8] c.s.s.faculty.FacultyServiceImpl : 开始获取学院 哲学、人类学与电影研究学院 (ID: 191) 的专业列表
2026-01-12 15:41:55.348 INFO  [http-nio-8080-exec-3] c.s.s.faculty.FacultyServiceImpl : 学院 跨学科伦理应用中心 有 1 个专业
2026-01-12 15:41:55.348 INFO  [http-nio-8080-exec-3] c.s.s.faculty.FacultyServiceImpl : 开始获取学院 音乐学院 (ID: 186) 的专业列表
2026-01-12 15:41:55.348 INFO  [http-nio-8080-exec-4] c.s.s.faculty.FacultyServiceImpl : 学院 克兰默堂 有 1 个专业
2026-01-12 15:41:55.349 INFO  [http-nio-8080-exec-4] c.s.service.schools.SchoolController : 成功获取到院校 21 的 11 个学院
2026-01-12 15:41:55.349 INFO  [http-nio-8080-exec-5] c.s.s.faculty.FacultyServiceImpl : 学院 社会科学学院 有 30 个专业
2026-01-12 15:41:55.349 INFO  [http-nio-8080-exec-5] c.s.service.schools.SchoolController : 成功获取到院校 35 的 6 个学院
2026-01-12 15:41:55.349 INFO  [http-nio-8080-exec-8] c.s.s.faculty.FacultyServiceImpl : 学院 哲学、人类学与电影研究学院 有 3 个专业
2026-01-12 15:41:55.349 INFO  [http-nio-8080-exec-8] c.s.s.faculty.FacultyServiceImpl : 开始获取学院 商学院 (ID: 192) 的专业列表
2026-01-12 15:41:55.350 INFO  [http-nio-8080-exec-9] c.s.s.faculty.FacultyServiceImpl : 学院 沃尔夫森研究所 有 8 个专业
2026-01-12 15:41:55.350 INFO  [http-nio-8080-exec-9] c.s.s.faculty.FacultyServiceImpl : 开始获取学院 法学院 (ID: 72) 的专业列表
2026-01-12 15:41:55.353 INFO  [http-nio-8080-exec-7] c.s.s.faculty.FacultyServiceImpl : 学院 人文学院 有 21 个专业
2026-01-12 15:41:55.355 INFO  [http-nio-8080-exec-7] c.s.s.faculty.FacultyServiceImpl : 开始获取学院 历史、艺术史与哲学学院 (ID: 950) 的专业列表
2026-01-12 15:41:55.358 INFO  [http-nio-8080-exec-3] c.s.s.faculty.FacultyServiceImpl : 学院 音乐学院 有 7 个专业
2026-01-12 15:41:55.358 INFO  [http-nio-8080-exec-3] c.s.s.faculty.FacultyServiceImpl : 开始获取学院 食品科学与营养学院 (ID: 187) 的专业列表
2026-01-12 15:41:55.358 INFO  [http-nio-8080-exec-8] c.s.s.faculty.FacultyServiceImpl : 学院 商学院 有 11 个专业
2026-01-12 15:41:55.358 INFO  [http-nio-8080-exec-8] c.s.s.faculty.FacultyServiceImpl : 开始获取学院 国际关系学院 (ID: 193) 的专业列表
2026-01-12 15:41:55.359 INFO  [http-nio-8080-exec-7] c.s.s.faculty.FacultyServiceImpl : 学院 历史、艺术史与哲学学院 有 0 个专业
2026-01-12 15:41:55.359 INFO  [http-nio-8080-exec-7] c.s.s.faculty.FacultyServiceImpl : 开始获取学院 跨学科研究学院 (ID: 951) 的专业列表
2026-01-12 15:41:55.359 INFO  [http-nio-8080-exec-2] c.s.service.schools.SchoolController : 开始获取院校 41 的学院列表
2026-01-12 15:41:55.359 INFO  [http-nio-8080-exec-1] c.s.service.schools.SchoolController : 开始获取院校 47 的学院列表
2026-01-12 15:41:55.359 INFO  [http-nio-8080-exec-1] c.s.s.faculty.FacultyServiceImpl : 开始获取院校ID为 47 的学院列表
2026-01-12 15:41:55.359 INFO  [http-nio-8080-exec-2] c.s.s.faculty.FacultyServiceImpl : 开始获取院校ID为 41 的学院列表
2026-01-12 15:41:55.360 INFO  [http-nio-8080-exec-3] c.s.s.faculty.FacultyServiceImpl : 学院 食品科学与营养学院 有 5 个专业
2026-01-12 15:41:55.360 INFO  [http-nio-8080-exec-3] c.s.service.schools.SchoolController : 成功获取到院校 45 的 32 个学院
2026-01-12 15:41:55.360 INFO  [http-nio-8080-exec-7] c.s.s.faculty.FacultyServiceImpl : 学院 跨学科研究学院 有 6 个专业
2026-01-12 15:41:55.360 INFO  [http-nio-8080-exec-7] c.s.s.faculty.FacultyServiceImpl : 开始获取学院 健康与福祉学院 (ID: 1104) 的专业列表
2026-01-12 15:41:55.360 INFO  [http-nio-8080-exec-8] c.s.s.faculty.FacultyServiceImpl : 学院 国际关系学院 有 6 个专业
2026-01-12 15:41:55.361 INFO  [http-nio-8080-exec-8] c.s.s.faculty.FacultyServiceImpl : 开始获取学院 国际教育学院 (ID: 194) 的专业列表
2026-01-12 15:41:55.365 INFO  [http-nio-8080-exec-7] c.s.s.faculty.FacultyServiceImpl : 学院 健康与福祉学院 有 5 个专业
2026-01-12 15:41:55.365 INFO  [http-nio-8080-exec-7] c.s.service.schools.SchoolController : 成功获取到院校 20 的 30 个学院
2026-01-12 15:41:55.365 INFO  [http-nio-8080-exec-8] c.s.s.faculty.FacultyServiceImpl : 学院 国际教育学院 有 4 个专业
2026-01-12 15:41:55.365 INFO  [http-nio-8080-exec-8] c.s.s.faculty.FacultyServiceImpl : 开始获取学院 地球和环境科学学院 (ID: 195) 的专业列表
2026-01-12 15:41:55.367 INFO  [http-nio-8080-exec-8] c.s.s.faculty.FacultyServiceImpl : 学院 地球和环境科学学院 有 2 个专业
2026-01-12 15:41:55.367 INFO  [http-nio-8080-exec-8] c.s.s.faculty.FacultyServiceImpl : 开始获取学院 心理学和神经科学学院 (ID: 196) 的专业列表
2026-01-12 15:41:55.367 INFO  [http-nio-8080-exec-1] c.s.s.faculty.FacultyServiceImpl : 找到 4 个学院
2026-01-12 15:41:55.367 INFO  [http-nio-8080-exec-1] c.s.s.faculty.FacultyServiceImpl : 开始获取学院 人文与社会科学学院 (ID: 206) 的专业列表
2026-01-12 15:41:55.367 INFO  [http-nio-8080-exec-9] c.s.s.faculty.FacultyServiceImpl : 学院 法学院 有 28 个专业
2026-01-12 15:41:55.367 INFO  [http-nio-8080-exec-9] c.s.s.faculty.FacultyServiceImpl : 开始获取学院 牙科研究所 (ID: 73) 的专业列表
2026-01-12 15:41:55.371 INFO  [http-nio-8080-exec-8] c.s.s.faculty.FacultyServiceImpl : 学院 心理学和神经科学学院 有 3 个专业
2026-01-12 15:41:55.372 INFO  [http-nio-8080-exec-9] c.s.s.faculty.FacultyServiceImpl : 学院 牙科研究所 有 6 个专业
2026-01-12 15:41:55.371 INFO  [http-nio-8080-exec-8] c.s.s.faculty.FacultyServiceImpl : 开始获取学院 数学与统计学院 (ID: 197) 的专业列表
2026-01-12 15:41:55.372 INFO  [http-nio-8080-exec-9] c.s.s.faculty.FacultyServiceImpl : 开始获取学院 物理与化学科学学院 (ID: 74) 的专业列表
2026-01-12 15:41:55.373 INFO  [http-nio-8080-exec-6] c.s.service.schools.SchoolController : 开始获取院校 32 的学院列表
2026-01-12 15:41:55.373 INFO  [http-nio-8080-exec-6] c.s.s.faculty.FacultyServiceImpl : 开始获取院校ID为 32 的学院列表
2026-01-12 15:41:55.374 INFO  [http-nio-8080-exec-2] c.s.s.faculty.FacultyServiceImpl : 找到 20 个学院
2026-01-12 15:41:55.374 INFO  [http-nio-8080-exec-2] c.s.s.faculty.FacultyServiceImpl : 开始获取学院 医学教育学院 (ID: 1069) 的专业列表
2026-01-12 15:41:55.375 INFO  [http-nio-8080-exec-8] c.s.s.faculty.FacultyServiceImpl : 学院 数学与统计学院 有 5 个专业
2026-01-12 15:41:55.375 INFO  [http-nio-8080-exec-8] c.s.s.faculty.FacultyServiceImpl : 开始获取学院 物理和天文学学院 (ID: 198) 的专业列表
2026-01-12 15:41:55.375 INFO  [http-nio-8080-exec-2] c.s.s.faculty.FacultyServiceImpl : 学院 医学教育学院 有 1 个专业
2026-01-12 15:41:55.376 INFO  [http-nio-8080-exec-9] c.s.s.faculty.FacultyServiceImpl : 学院 物理与化学科学学院 有 4 个专业
2026-01-12 15:41:55.376 INFO  [http-nio-8080-exec-2] c.s.s.faculty.FacultyServiceImpl : 开始获取学院 医学院 (ID: 1070) 的专业列表
2026-01-12 15:41:55.376 INFO  [http-nio-8080-exec-9] c.s.s.faculty.FacultyServiceImpl : 开始获取学院 生物与行为科学学院 (ID: 75) 的专业列表
2026-01-12 15:41:55.377 INFO  [http-nio-8080-exec-8] c.s.s.faculty.FacultyServiceImpl : 学院 物理和天文学学院 有 1 个专业
2026-01-12 15:41:55.377 INFO  [http-nio-8080-exec-8] c.s.s.faculty.FacultyServiceImpl : 开始获取学院 现代语言学院 (ID: 199) 的专业列表
2026-01-12 15:41:55.377 INFO  [http-nio-8080-exec-6] c.s.s.faculty.FacultyServiceImpl : 找到 5 个学院
2026-01-12 15:41:55.377 INFO  [http-nio-8080-exec-6] c.s.s.faculty.FacultyServiceImpl : 开始获取学院 人文与社会科学学院 (ID: 1089) 的专业列表
2026-01-12 15:41:55.377 INFO  [http-nio-8080-exec-2] c.s.s.faculty.FacultyServiceImpl : 学院 医学院 有 1 个专业
2026-01-12 15:41:55.377 INFO  [http-nio-8080-exec-2] c.s.s.faculty.FacultyServiceImpl : 开始获取学院 历史、古典和考古学院和考古学 (ID: 1071) 的专业列表
2026-01-12 15:41:55.378 INFO  [http-nio-8080-exec-10] c.s.service.schools.SchoolController : 开始获取院校 33 的学院列表
2026-01-12 15:41:55.378 INFO  [http-nio-8080-exec-10] c.s.s.faculty.FacultyServiceImpl : 开始获取院校ID为 33 的学院列表
2026-01-12 15:41:55.379 INFO  [http-nio-8080-exec-8] c.s.s.faculty.FacultyServiceImpl : 学院 现代语言学院 有 3 个专业
2026-01-12 15:41:55.379 INFO  [http-nio-8080-exec-8] c.s.s.faculty.FacultyServiceImpl : 开始获取学院 生物学学院 (ID: 200) 的专业列表
2026-01-12 15:41:55.380 INFO  [http-nio-8080-exec-9] c.s.s.faculty.FacultyServiceImpl : 学院 生物与行为科学学院 有 8 个专业
2026-01-12 15:41:55.380 INFO  [http-nio-8080-exec-9] c.s.s.faculty.FacultyServiceImpl : 开始获取学院 电子工程与计算机科学学院 (ID: 76) 的专业列表
2026-01-12 15:41:55.382 INFO  [http-nio-8080-exec-8] c.s.s.faculty.FacultyServiceImpl : 学院 生物学学院 有 3 个专业
2026-01-12 15:41:55.382 INFO  [http-nio-8080-exec-8] c.s.s.faculty.FacultyServiceImpl : 开始获取学院 研究生院 (ID: 201) 的专业列表
2026-01-12 15:41:55.382 INFO  [http-nio-8080-exec-10] c.s.s.faculty.FacultyServiceImpl : 找到 10 个学院
2026-01-12 15:41:55.382 INFO  [http-nio-8080-exec-10] c.s.s.faculty.FacultyServiceImpl : 开始获取学院 商学院 (ID: 1094) 的专业列表
2026-01-12 15:41:55.382 INFO  [http-nio-8080-exec-1] c.s.s.faculty.FacultyServiceImpl : 学院 人文与社会科学学院 有 52 个专业
2026-01-12 15:41:55.382 INFO  [http-nio-8080-exec-1] c.s.s.faculty.FacultyServiceImpl : 开始获取学院 工程与设计学院 (ID: 207) 的专业列表
2026-01-12 15:41:55.382 INFO  [http-nio-8080-exec-2] c.s.s.faculty.FacultyServiceImpl : 学院 历史、古典和考古学院和考古学 有 3 个专业
2026-01-12 15:41:55.382 INFO  [http-nio-8080-exec-2] c.s.s.faculty.FacultyServiceImpl : 开始获取学院 口腔科学学院 (ID: 1072) 的专业列表
2026-01-12 15:41:55.382 INFO  [http-nio-8080-exec-9] c.s.s.faculty.FacultyServiceImpl : 学院 电子工程与计算机科学学院 有 12 个专业
2026-01-12 15:41:55.382 INFO  [http-nio-8080-exec-9] c.s.s.faculty.FacultyServiceImpl : 开始获取学院 经济与金融学院 (ID: 77) 的专业列表
2026-01-12 15:41:55.384 INFO  [http-nio-8080-exec-9] c.s.s.faculty.FacultyServiceImpl : 学院 经济与金融学院 有 9 个专业
2026-01-12 15:41:55.384 INFO  [http-nio-8080-exec-9] c.s.s.faculty.FacultyServiceImpl : 开始获取学院 艺术学院 (ID: 78) 的专业列表
2026-01-12 15:41:55.385 INFO  [http-nio-8080-exec-8] c.s.s.faculty.FacultyServiceImpl : 学院 研究生院 有 6 个专业
2026-01-12 15:41:55.385 INFO  [http-nio-8080-exec-8] c.s.s.faculty.FacultyServiceImpl : 开始获取学院 神学院 (ID: 202) 的专业列表
2026-01-12 15:41:55.385 INFO  [http-nio-8080-exec-1] c.s.s.faculty.FacultyServiceImpl : 学院 工程与设计学院 有 15 个专业
2026-01-12 15:41:55.385 INFO  [http-nio-8080-exec-2] c.s.s.faculty.FacultyServiceImpl : 学院 口腔科学学院 有 4 个专业
2026-01-12 15:41:55.385 INFO  [http-nio-8080-exec-1] c.s.s.faculty.FacultyServiceImpl : 开始获取学院 理学院 (ID: 208) 的专业列表
2026-01-12 15:41:55.385 INFO  [http-nio-8080-exec-2] c.s.s.faculty.FacultyServiceImpl : 开始获取学院 哲理研究 (ID: 1073) 的专业列表
2026-01-12 15:41:55.387 INFO  [http-nio-8080-exec-9] c.s.s.faculty.FacultyServiceImpl : 学院 艺术学院 有 10 个专业
2026-01-12 15:41:55.387 INFO  [http-nio-8080-exec-2] c.s.s.faculty.FacultyServiceImpl : 学院 哲理研究 有 1 个专业
2026-01-12 15:41:55.387 INFO  [http-nio-8080-exec-9] c.s.service.schools.SchoolController : 成功获取到院校 29 的 19 个学院
2026-01-12 15:41:55.387 INFO  [http-nio-8080-exec-2] c.s.s.faculty.FacultyServiceImpl : 开始获取学院 商学院 (ID: 1074) 的专业列表
2026-01-12 15:41:55.387 INFO  [http-nio-8080-exec-10] c.s.s.faculty.FacultyServiceImpl : 学院 商学院 有 32 个专业
2026-01-12 15:41:55.387 INFO  [http-nio-8080-exec-10] c.s.s.faculty.FacultyServiceImpl : 开始获取学院 健康与生命科学学院 (ID: 1095) 的专业列表
2026-01-12 15:41:55.388 INFO  [http-nio-8080-exec-6] c.s.s.faculty.FacultyServiceImpl : 学院 人文与社会科学学院 有 58 个专业
2026-01-12 15:41:55.388 INFO  [http-nio-8080-exec-6] c.s.s.faculty.FacultyServiceImpl : 开始获取学院 健康与生命科学学院 (ID: 1090) 的专业列表
2026-01-12 15:41:55.391 INFO  [http-nio-8080-exec-8] c.s.s.faculty.FacultyServiceImpl : 学院 神学院 有 3 个专业
2026-01-12 15:41:55.391 INFO  [http-nio-8080-exec-8] c.s.s.faculty.FacultyServiceImpl : 开始获取学院 艺术史学院 (ID: 203) 的专业列表
2026-01-12 15:41:55.394 INFO  [http-nio-8080-exec-8] c.s.s.faculty.FacultyServiceImpl : 学院 艺术史学院 有 2 个专业
2026-01-12 15:41:55.394 INFO  [http-nio-8080-exec-8] c.s.s.faculty.FacultyServiceImpl : 开始获取学院 英语学院 (ID: 204) 的专业列表
2026-01-12 15:41:55.397 INFO  [http-nio-8080-exec-2] c.s.s.faculty.FacultyServiceImpl : 学院 商学院 有 23 个专业
2026-01-12 15:41:55.397 INFO  [http-nio-8080-exec-2] c.s.s.faculty.FacultyServiceImpl : 开始获取学院 地理政治与社会学学院 (ID: 1075) 的专业列表
2026-01-12 15:41:55.397 INFO  [http-nio-8080-exec-1] c.s.s.faculty.FacultyServiceImpl : 学院 理学院 有 23 个专业
2026-01-12 15:41:55.397 INFO  [http-nio-8080-exec-10] c.s.s.faculty.FacultyServiceImpl : 学院 健康与生命科学学院 有 18 个专业
2026-01-12 15:41:55.397 INFO  [http-nio-8080-exec-1] c.s.s.faculty.FacultyServiceImpl : 开始获取学院 管理学院 (ID: 209) 的专业列表
2026-01-12 15:41:55.398 INFO  [http-nio-8080-exec-10] c.s.s.faculty.FacultyServiceImpl : 开始获取学院 环境、科学与经济学院 (ID: 1096) 的专业列表
2026-01-12 15:41:55.397 INFO  [http-nio-8080-exec-5] c.s.service.schools.SchoolController : 开始获取院校 28 的学院列表
2026-01-12 15:41:55.398 INFO  [http-nio-8080-exec-5] c.s.s.faculty.FacultyServiceImpl : 开始获取院校ID为 28 的学院列表
2026-01-12 15:41:55.398 INFO  [http-nio-8080-exec-8] c.s.s.faculty.FacultyServiceImpl : 学院 英语学院 有 7 个专业
2026-01-12 15:41:55.398 INFO  [http-nio-8080-exec-8] c.s.s.faculty.FacultyServiceImpl : 开始获取学院 计算机科学学院 (ID: 205) 的专业列表
2026-01-12 15:41:55.400 INFO  [http-nio-8080-exec-6] c.s.s.faculty.FacultyServiceImpl : 学院 健康与生命科学学院 有 33 个专业
2026-01-12 15:41:55.400 INFO  [http-nio-8080-exec-6] c.s.s.faculty.FacultyServiceImpl : 开始获取学院 科学与工程学院 (ID: 1091) 的专业列表
2026-01-12 15:41:55.400 INFO  [http-nio-8080-exec-1] c.s.s.faculty.FacultyServiceImpl : 学院 管理学院 有 17 个专业
2026-01-12 15:41:55.401 INFO  [http-nio-8080-exec-1] c.s.service.schools.SchoolController : 成功获取到院校 47 的 4 个学院
2026-01-12 15:41:55.401 INFO  [http-nio-8080-exec-2] c.s.s.faculty.FacultyServiceImpl : 学院 地理政治与社会学学院 有 15 个专业
2026-01-12 15:41:55.401 INFO  [http-nio-8080-exec-2] c.s.s.faculty.FacultyServiceImpl : 开始获取学院 工程学院 (ID: 1076) 的专业列表
2026-01-12 15:41:55.401 INFO  [http-nio-8080-exec-5] c.s.s.faculty.FacultyServiceImpl : 找到 4 个学院
2026-01-12 15:41:55.401 INFO  [http-nio-8080-exec-5] c.s.s.faculty.FacultyServiceImpl : 开始获取学院 健康与医学学院 (ID: 56) 的专业列表
2026-01-12 15:41:55.401 INFO  [http-nio-8080-exec-8] c.s.s.faculty.FacultyServiceImpl : 学院 计算机科学学院 有 6 个专业
2026-01-12 15:41:55.401 INFO  [http-nio-8080-exec-8] c.s.service.schools.SchoolController : 成功获取到院校 46 的 18 个学院
2026-01-12 15:41:55.405 INFO  [http-nio-8080-exec-5] c.s.s.faculty.FacultyServiceImpl : 学院 健康与医学学院 有 6 个专业
2026-01-12 15:41:55.405 INFO  [http-nio-8080-exec-5] c.s.s.faculty.FacultyServiceImpl : 开始获取学院 人文、艺术和社会科学学院 (ID: 57) 的专业列表
2026-01-12 15:41:55.408 INFO  [http-nio-8080-exec-2] c.s.s.faculty.FacultyServiceImpl : 学院 工程学院 有 15 个专业
2026-01-12 15:41:55.410 INFO  [http-nio-8080-exec-2] c.s.s.faculty.FacultyServiceImpl : 开始获取学院 建筑、规划和景观学院 (ID: 1077) 的专业列表
2026-01-12 15:41:55.424 INFO  [http-nio-8080-exec-3] c.s.service.schools.SchoolController : 开始获取院校 30 的学院列表
2026-01-12 15:41:55.425 INFO  [http-nio-8080-exec-4] c.s.service.schools.SchoolController : 开始获取院校 31 的学院列表
2026-01-12 15:41:55.426 INFO  [http-nio-8080-exec-3] c.s.s.faculty.FacultyServiceImpl : 开始获取院校ID为 30 的学院列表
2026-01-12 15:41:55.426 INFO  [http-nio-8080-exec-10] c.s.s.faculty.FacultyServiceImpl : 学院 环境、科学与经济学院 有 48 个专业
2026-01-12 15:41:55.426 INFO  [http-nio-8080-exec-10] c.s.s.faculty.FacultyServiceImpl : 开始获取学院 人文、艺术和社会科学学院 (ID: 1097) 的专业列表
2026-01-12 15:41:55.426 INFO  [http-nio-8080-exec-4] c.s.s.faculty.FacultyServiceImpl : 开始获取院校ID为 31 的学院列表
2026-01-12 15:41:55.426 INFO  [http-nio-8080-exec-6] c.s.s.faculty.FacultyServiceImpl : 学院 科学与工程学院 有 35 个专业
2026-01-12 15:41:55.426 INFO  [http-nio-8080-exec-6] c.s.s.faculty.FacultyServiceImpl : 开始获取学院 管理学院 (ID: 1092) 的专业列表
2026-01-12 15:41:55.426 INFO  [http-nio-8080-exec-2] c.s.s.faculty.FacultyServiceImpl : 学院 建筑、规划和景观学院 有 8 个专业
2026-01-12 15:41:55.426 INFO  [http-nio-8080-exec-2] c.s.s.faculty.FacultyServiceImpl : 开始获取学院 心理学学院 (ID: 1078) 的专业列表
2026-01-12 15:41:55.426 INFO  [http-nio-8080-exec-5] c.s.s.faculty.FacultyServiceImpl : 学院 人文、艺术和社会科学学院 有 18 个专业
2026-01-12 15:41:55.427 INFO  [http-nio-8080-exec-5] c.s.s.faculty.FacultyServiceImpl : 开始获取学院 管理学院 (ID: 58) 的专业列表
2026-01-12 15:41:55.427 INFO  [http-nio-8080-exec-2] c.s.s.faculty.FacultyServiceImpl : 学院 心理学学院 有 2 个专业
2026-01-12 15:41:55.427 INFO  [http-nio-8080-exec-2] c.s.s.faculty.FacultyServiceImpl : 开始获取学院 教育、交流和语言科学学院 (ID: 1079) 的专业列表
2026-01-12 15:41:55.430 INFO  [http-nio-8080-exec-5] c.s.s.faculty.FacultyServiceImpl : 学院 管理学院 有 18 个专业
2026-01-12 15:41:55.430 INFO  [http-nio-8080-exec-5] c.s.s.faculty.FacultyServiceImpl : 开始获取学院 科学技术学院 (ID: 59) 的专业列表
2026-01-12 15:41:55.432 INFO  [http-nio-8080-exec-3] c.s.s.faculty.FacultyServiceImpl : 找到 24 个学院
2026-01-12 15:41:55.432 INFO  [http-nio-8080-exec-3] c.s.s.faculty.FacultyServiceImpl : 开始获取学院 化学学院 (ID: 79) 的专业列表
2026-01-12 15:41:55.433 INFO  [http-nio-8080-exec-6] c.s.s.faculty.FacultyServiceImpl : 学院 管理学院 有 30 个专业
2026-01-12 15:41:55.433 INFO  [http-nio-8080-exec-6] c.s.s.faculty.FacultyServiceImpl : 开始获取学院 计算机学院 (ID: 1093) 的专业列表
2026-01-12 15:41:55.433 INFO  [http-nio-8080-exec-2] c.s.s.faculty.FacultyServiceImpl : 学院 教育、交流和语言科学学院 有 12 个专业
2026-01-12 15:41:55.433 INFO  [http-nio-8080-exec-2] c.s.s.faculty.FacultyServiceImpl : 开始获取学院 数学、统计与物理学院 (ID: 1080) 的专业列表
2026-01-12 15:41:55.433 INFO  [http-nio-8080-exec-4] c.s.s.faculty.FacultyServiceImpl : 找到 27 个学院
2026-01-12 15:41:55.433 INFO  [http-nio-8080-exec-4] c.s.s.faculty.FacultyServiceImpl : 开始获取学院 中世纪研究中心 (ID: 103) 的专业列表
2026-01-12 15:41:55.434 INFO  [http-nio-8080-exec-4] c.s.s.faculty.FacultyServiceImpl : 学院 中世纪研究中心 有 1 个专业
2026-01-12 15:41:55.434 INFO  [http-nio-8080-exec-4] c.s.s.faculty.FacultyServiceImpl : 开始获取学院 化学系 (ID: 104) 的专业列表
2026-01-12 15:41:55.434 INFO  [http-nio-8080-exec-3] c.s.s.faculty.FacultyServiceImpl : 学院 化学学院 有 3 个专业
2026-01-12 15:41:55.434 INFO  [http-nio-8080-exec-3] c.s.s.faculty.FacultyServiceImpl : 开始获取学院 医学院 (ID: 80) 的专业列表
2026-01-12 15:41:55.434 INFO  [http-nio-8080-exec-2] c.s.s.faculty.FacultyServiceImpl : 学院 数学、统计与物理学院 有 8 个专业
2026-01-12 15:41:55.434 INFO  [http-nio-8080-exec-2] c.s.s.faculty.FacultyServiceImpl : 开始获取学院 法律学院 (ID: 1081) 的专业列表
2026-01-12 15:41:55.435 INFO  [http-nio-8080-exec-6] c.s.s.faculty.FacultyServiceImpl : 学院 计算机学院 有 13 个专业
2026-01-12 15:41:55.435 INFO  [http-nio-8080-exec-6] c.s.service.schools.SchoolController : 成功获取到院校 32 的 5 个学院
2026-01-12 15:41:55.435 INFO  [http-nio-8080-exec-5] c.s.s.faculty.FacultyServiceImpl : 学院 科学技术学院 有 26 个专业
2026-01-12 15:41:55.435 INFO  [http-nio-8080-exec-5] c.s.service.schools.SchoolController : 成功获取到院校 28 的 4 个学院
2026-01-12 15:41:55.435 INFO  [http-nio-8080-exec-4] c.s.s.faculty.FacultyServiceImpl : 学院 化学系 有 2 个专业
2026-01-12 15:41:55.435 INFO  [http-nio-8080-exec-4] c.s.s.faculty.FacultyServiceImpl : 开始获取学院 十八世纪研究中心 (ID: 105) 的专业列表
2026-01-12 15:41:55.436 INFO  [http-nio-8080-exec-3] c.s.s.faculty.FacultyServiceImpl : 学院 医学院 有 6 个专业
2026-01-12 15:41:55.436 INFO  [http-nio-8080-exec-3] c.s.s.faculty.FacultyServiceImpl : 开始获取学院 医疗保健科学学院 (ID: 81) 的专业列表
2026-01-12 15:41:55.438 INFO  [http-nio-8080-exec-4] c.s.s.faculty.FacultyServiceImpl : 学院 十八世纪研究中心 有 1 个专业
2026-01-12 15:41:55.439 INFO  [http-nio-8080-exec-4] c.s.s.faculty.FacultyServiceImpl : 开始获取学院 卫生科学系 (ID: 106) 的专业列表
2026-01-12 15:41:55.439 INFO  [http-nio-8080-exec-2] c.s.s.faculty.FacultyServiceImpl : 学院 法律学院 有 4 个专业
2026-01-12 15:41:55.439 INFO  [http-nio-8080-exec-2] c.s.s.faculty.FacultyServiceImpl : 开始获取学院 现代语言学院 (ID: 1082) 的专业列表
2026-01-12 15:41:55.441 INFO  [http-nio-8080-exec-3] c.s.s.faculty.FacultyServiceImpl : 学院 医疗保健科学学院 有 4 个专业
2026-01-12 15:41:55.441 INFO  [http-nio-8080-exec-3] c.s.s.faculty.FacultyServiceImpl : 开始获取学院 历史、考古与宗教学院 (ID: 82) 的专业列表
2026-01-12 15:41:55.442 INFO  [http-nio-8080-exec-10] c.s.s.faculty.FacultyServiceImpl : 学院 人文、艺术和社会科学学院 有 70 个专业
2026-01-12 15:41:55.442 INFO  [http-nio-8080-exec-10] c.s.s.faculty.FacultyServiceImpl : 开始获取学院 社会科学与国际研究学院 (ID: 1098) 的专业列表
2026-01-12 15:41:55.442 INFO  [http-nio-8080-exec-4] c.s.s.faculty.FacultyServiceImpl : 学院 卫生科学系 有 6 个专业
2026-01-12 15:41:55.442 INFO  [http-nio-8080-exec-4] c.s.s.faculty.FacultyServiceImpl : 开始获取学院 历史学系 (ID: 107) 的专业列表
2026-01-12 15:41:55.442 INFO  [http-nio-8080-exec-10] c.s.s.faculty.FacultyServiceImpl : 学院 社会科学与国际研究学院 有 0 个专业
2026-01-12 15:41:55.442 INFO  [http-nio-8080-exec-10] c.s.s.faculty.FacultyServiceImpl : 开始获取学院 埃克塞特大学医学院 (ID: 1099) 的专业列表
2026-01-12 15:41:55.443 INFO  [http-nio-8080-exec-3] c.s.s.faculty.FacultyServiceImpl : 学院 历史、考古与宗教学院 有 4 个专业
2026-01-12 15:41:55.443 INFO  [http-nio-8080-exec-3] c.s.s.faculty.FacultyServiceImpl : 开始获取学院 商学院 (ID: 83) 的专业列表
2026-01-12 15:41:55.443 INFO  [http-nio-8080-exec-7] c.s.service.schools.SchoolController : 开始获取院校 38 的学院列表
2026-01-12 15:41:55.443 INFO  [http-nio-8080-exec-9] c.s.service.schools.SchoolController : 开始获取院校 63 的学院列表
2026-01-12 15:41:55.444 INFO  [http-nio-8080-exec-9] c.s.s.faculty.FacultyServiceImpl : 开始获取院校ID为 63 的学院列表
2026-01-12 15:41:55.443 INFO  [http-nio-8080-exec-7] c.s.s.faculty.FacultyServiceImpl : 开始获取院校ID为 38 的学院列表
2026-01-12 15:41:55.444 INFO  [http-nio-8080-exec-4] c.s.s.faculty.FacultyServiceImpl : 学院 历史学系 有 6 个专业
2026-01-12 15:41:55.444 INFO  [http-nio-8080-exec-4] c.s.s.faculty.FacultyServiceImpl : 开始获取学院 哲学系 (ID: 108) 的专业列表
2026-01-12 15:41:55.444 INFO  [http-nio-8080-exec-2] c.s.s.faculty.FacultyServiceImpl : 学院 现代语言学院 有 17 个专业
2026-01-12 15:41:55.444 INFO  [http-nio-8080-exec-2] c.s.s.faculty.FacultyServiceImpl : 开始获取学院 生物学、营养与运动科学学院 (ID: 1083) 的专业列表
2026-01-12 15:41:55.445 INFO  [http-nio-8080-exec-10] c.s.s.faculty.FacultyServiceImpl : 学院 埃克塞特大学医学院 有 9 个专业
2026-01-12 15:41:55.445 INFO  [http-nio-8080-exec-10] c.s.s.faculty.FacultyServiceImpl : 开始获取学院 教育学院 (ID: 1100) 的专业列表
2026-01-12 15:41:55.445 INFO  [http-nio-8080-exec-10] c.s.s.faculty.FacultyServiceImpl : 学院 教育学院 有 0 个专业
2026-01-12 15:41:55.446 INFO  [http-nio-8080-exec-10] c.s.s.faculty.FacultyServiceImpl : 开始获取学院 法学院 (ID: 1101) 的专业列表
2026-01-12 15:41:55.446 INFO  [http-nio-8080-exec-2] c.s.s.faculty.FacultyServiceImpl : 学院 生物学、营养与运动科学学院 有 1 个专业
2026-01-12 15:41:55.446 INFO  [http-nio-8080-exec-2] c.s.s.faculty.FacultyServiceImpl : 开始获取学院 自然与环境科学学院 (ID: 1084) 的专业列表
2026-01-12 15:41:55.446 INFO  [http-nio-8080-exec-4] c.s.s.faculty.FacultyServiceImpl : 学院 哲学系 有 4 个专业
2026-01-12 15:41:55.446 INFO  [http-nio-8080-exec-4] c.s.s.faculty.FacultyServiceImpl : 开始获取学院 商业与社学学院 (ID: 109) 的专业列表
2026-01-12 15:41:55.446 INFO  [http-nio-8080-exec-10] c.s.s.faculty.FacultyServiceImpl : 学院 法学院 有 0 个专业
2026-01-12 15:41:55.447 INFO  [http-nio-8080-exec-10] c.s.s.faculty.FacultyServiceImpl : 开始获取学院 心理学院 (ID: 1102) 的专业列表
2026-01-12 15:41:55.447 INFO  [http-nio-8080-exec-3] c.s.s.faculty.FacultyServiceImpl : 学院 商学院 有 23 个专业
2026-01-12 15:41:55.447 INFO  [http-nio-8080-exec-3] c.s.s.faculty.FacultyServiceImpl : 开始获取学院 地球与环境科学学院 (ID: 84) 的专业列表
2026-01-12 15:41:55.447 INFO  [http-nio-8080-exec-2] c.s.s.faculty.FacultyServiceImpl : 学院 自然与环境科学学院 有 7 个专业
2026-01-12 15:41:55.447 INFO  [http-nio-8080-exec-10] c.s.s.faculty.FacultyServiceImpl : 学院 心理学院 有 0 个专业
2026-01-12 15:41:55.447 INFO  [http-nio-8080-exec-2] c.s.s.faculty.FacultyServiceImpl : 开始获取学院 艺术与文化学院 (ID: 1085) 的专业列表
2026-01-12 15:41:55.447 INFO  [http-nio-8080-exec-10] c.s.s.faculty.FacultyServiceImpl : 开始获取学院 体育与健康科学学院 (ID: 1103) 的专业列表
2026-01-12 15:41:55.448 INFO  [http-nio-8080-exec-10] c.s.s.faculty.FacultyServiceImpl : 学院 体育与健康科学学院 有 0 个专业
2026-01-12 15:41:55.448 INFO  [http-nio-8080-exec-10] c.s.service.schools.SchoolController : 成功获取到院校 33 的 10 个学院
2026-01-12 15:41:55.449 INFO  [http-nio-8080-exec-3] c.s.s.faculty.FacultyServiceImpl : 学院 地球与环境科学学院 有 3 个专业
2026-01-12 15:41:55.449 INFO  [http-nio-8080-exec-3] c.s.s.faculty.FacultyServiceImpl : 开始获取学院 地理与规划学院 (ID: 85) 的专业列表
2026-01-12 15:41:55.450 INFO  [http-nio-8080-exec-9] c.s.s.faculty.FacultyServiceImpl : 找到 16 个学院
2026-01-12 15:41:55.450 INFO  [http-nio-8080-exec-9] c.s.s.faculty.FacultyServiceImpl : 开始获取学院 化学化工学院 (ID: 666) 的专业列表
2026-01-12 15:41:55.451 INFO  [http-nio-8080-exec-7] c.s.s.faculty.FacultyServiceImpl : 找到 24 个学院
2026-01-12 15:41:55.451 INFO  [http-nio-8080-exec-7] c.s.s.faculty.FacultyServiceImpl : 开始获取学院 亨利商学院 (ID: 984) 的专业列表
2026-01-12 15:41:55.452 INFO  [http-nio-8080-exec-4] c.s.s.faculty.FacultyServiceImpl : 学院 商业与社学学院 有 23 个专业
2026-01-12 15:41:55.452 INFO  [http-nio-8080-exec-4] c.s.s.faculty.FacultyServiceImpl : 开始获取学院 地理与环境学系 (ID: 110) 的专业列表
2026-01-12 15:41:55.454 INFO  [http-nio-8080-exec-3] c.s.s.faculty.FacultyServiceImpl : 学院 地理与规划学院 有 7 个专业
2026-01-12 15:41:55.454 INFO  [http-nio-8080-exec-3] c.s.s.faculty.FacultyServiceImpl : 开始获取学院 威尔士建筑学院 (ID: 86) 的专业列表
2026-01-12 15:41:55.455 INFO  [http-nio-8080-exec-9] c.s.s.faculty.FacultyServiceImpl : 学院 化学化工学院 有 7 个专业
2026-01-12 15:41:55.455 INFO  [http-nio-8080-exec-9] c.s.s.faculty.FacultyServiceImpl : 开始获取学院 医学、牙科和生物医学科学学院 (ID: 667) 的专业列表
2026-01-12 15:41:55.456 INFO  [http-nio-8080-exec-2] c.s.s.faculty.FacultyServiceImpl : 学院 艺术与文化学院 有 17 个专业
2026-01-12 15:41:55.456 INFO  [http-nio-8080-exec-2] c.s.s.faculty.FacultyServiceImpl : 开始获取学院 英国文学、语言和语言学学院 (ID: 1086) 的专业列表
2026-01-12 15:41:55.457 INFO  [http-nio-8080-exec-3] c.s.s.faculty.FacultyServiceImpl : 学院 威尔士建筑学院 有 5 个专业
2026-01-12 15:41:55.457 INFO  [http-nio-8080-exec-4] c.s.s.faculty.FacultyServiceImpl : 学院 地理与环境学系 有 8 个专业
2026-01-12 15:41:55.457 INFO  [http-nio-8080-exec-4] c.s.s.faculty.FacultyServiceImpl : 开始获取学院 妇女研究中心 (ID: 111) 的专业列表
2026-01-12 15:41:55.457 INFO  [http-nio-8080-exec-3] c.s.s.faculty.FacultyServiceImpl : 开始获取学院 威尔士语学院 (ID: 87) 的专业列表
2026-01-12 15:41:55.457 INFO  [http-nio-8080-exec-9] c.s.s.faculty.FacultyServiceImpl : 学院 医学、牙科和生物医学科学学院 有 5 个专业
2026-01-12 15:41:55.457 INFO  [http-nio-8080-exec-9] c.s.s.faculty.FacultyServiceImpl : 开始获取学院 历史、人类学、哲学和政治学院 (ID: 668) 的专业列表
2026-01-12 15:41:55.457 INFO  [http-nio-8080-exec-2] c.s.s.faculty.FacultyServiceImpl : 学院 英国文学、语言和语言学学院 有 4 个专业
2026-01-12 15:41:55.457 INFO  [http-nio-8080-exec-2] c.s.s.faculty.FacultyServiceImpl : 开始获取学院 药学院 (ID: 1087) 的专业列表
2026-01-12 15:41:55.458 INFO  [http-nio-8080-exec-7] c.s.s.faculty.FacultyServiceImpl : 学院 亨利商学院 有 24 个专业
2026-01-12 15:41:55.458 INFO  [http-nio-8080-exec-7] c.s.s.faculty.FacultyServiceImpl : 开始获取学院 农业、政策与发展学院 (ID: 985) 的专业列表
2026-01-12 15:41:55.458 INFO  [http-nio-8080-exec-3] c.s.s.faculty.FacultyServiceImpl : 学院 威尔士语学院 有 1 个专业
2026-01-12 15:41:55.458 INFO  [http-nio-8080-exec-3] c.s.s.faculty.FacultyServiceImpl : 开始获取学院 工程学院 (ID: 88) 的专业列表
2026-01-12 15:41:55.458 INFO  [http-nio-8080-exec-2] c.s.s.faculty.FacultyServiceImpl : 学院 药学院 有 1 个专业
2026-01-12 15:41:55.458 INFO  [http-nio-8080-exec-4] c.s.s.faculty.FacultyServiceImpl : 学院 妇女研究中心 有 2 个专业
2026-01-12 15:41:55.458 INFO  [http-nio-8080-exec-2] c.s.s.faculty.FacultyServiceImpl : 开始获取学院 计算机学院 (ID: 1088) 的专业列表
2026-01-12 15:41:55.458 INFO  [http-nio-8080-exec-1] c.s.service.schools.SchoolController : 开始获取院校 42 的学院列表
2026-01-12 15:41:55.458 INFO  [http-nio-8080-exec-1] c.s.s.faculty.FacultyServiceImpl : 开始获取院校ID为 42 的学院列表
2026-01-12 15:41:55.458 INFO  [http-nio-8080-exec-4] c.s.s.faculty.FacultyServiceImpl : 开始获取学院 应用人权中心 (ID: 112) 的专业列表
2026-01-12 15:41:55.459 INFO  [http-nio-8080-exec-4] c.s.s.faculty.FacultyServiceImpl : 学院 应用人权中心 有 1 个专业
2026-01-12 15:41:55.460 INFO  [http-nio-8080-exec-4] c.s.s.faculty.FacultyServiceImpl : 开始获取学院 心理学系 (ID: 113) 的专业列表
2026-01-12 15:41:55.460 INFO  [http-nio-8080-exec-7] c.s.s.faculty.FacultyServiceImpl : 学院 农业、政策与发展学院 有 11 个专业
2026-01-12 15:41:55.460 INFO  [http-nio-8080-exec-7] c.s.s.faculty.FacultyServiceImpl : 开始获取学院 建筑管理与工程学院 (ID: 986) 的专业列表
2026-01-12 15:41:55.460 INFO  [http-nio-8080-exec-9] c.s.s.faculty.FacultyServiceImpl : 学院 历史、人类学、哲学和政治学院 有 13 个专业
2026-01-12 15:41:55.460 INFO  [http-nio-8080-exec-9] c.s.s.faculty.FacultyServiceImpl : 开始获取学院 心理学学院 (ID: 669) 的专业列表
2026-01-12 15:41:55.461 INFO  [http-nio-8080-exec-3] c.s.s.faculty.FacultyServiceImpl : 学院 工程学院 有 13 个专业
2026-01-12 15:41:55.461 INFO  [http-nio-8080-exec-3] c.s.s.faculty.FacultyServiceImpl : 开始获取学院 心理学院 (ID: 89) 的专业列表
2026-01-12 15:41:55.461 INFO  [http-nio-8080-exec-9] c.s.s.faculty.FacultyServiceImpl : 学院 心理学学院 有 3 个专业
2026-01-12 15:41:55.461 INFO  [http-nio-8080-exec-9] c.s.s.faculty.FacultyServiceImpl : 开始获取学院 护理与助产学院 (ID: 670) 的专业列表
2026-01-12 15:41:55.461 INFO  [http-nio-8080-exec-7] c.s.s.faculty.FacultyServiceImpl : 学院 建筑管理与工程学院 有 7 个专业
2026-01-12 15:41:55.461 INFO  [http-nio-8080-exec-7] c.s.s.faculty.FacultyServiceImpl : 开始获取学院 建筑系 (ID: 987) 的专业列表
2026-01-12 15:41:55.461 INFO  [http-nio-8080-exec-2] c.s.s.faculty.FacultyServiceImpl : 学院 计算机学院 有 12 个专业
2026-01-12 15:41:55.462 INFO  [http-nio-8080-exec-2] c.s.service.schools.SchoolController : 成功获取到院校 41 的 20 个学院
2026-01-12 15:41:55.462 INFO  [http-nio-8080-exec-4] c.s.s.faculty.FacultyServiceImpl : 学院 心理学系 有 6 个专业
2026-01-12 15:41:55.465 INFO  [http-nio-8080-exec-9] c.s.s.faculty.FacultyServiceImpl : 学院 护理与助产学院 有 3 个专业
2026-01-12 15:41:55.465 INFO  [http-nio-8080-exec-9] c.s.s.faculty.FacultyServiceImpl : 开始获取学院 数学与物理学院 (ID: 671) 的专业列表
2026-01-12 15:41:55.465 INFO  [http-nio-8080-exec-4] c.s.s.faculty.FacultyServiceImpl : 开始获取学院 政治与国际关系学院 (ID: 114) 的专业列表
2026-01-12 15:41:55.467 INFO  [http-nio-8080-exec-3] c.s.s.faculty.FacultyServiceImpl : 学院 心理学院 有 3 个专业
2026-01-12 15:41:55.467 INFO  [http-nio-8080-exec-3] c.s.s.faculty.FacultyServiceImpl : 开始获取学院 数学学院 (ID: 90) 的专业列表
2026-01-12 15:41:55.467 INFO  [http-nio-8080-exec-1] c.s.s.faculty.FacultyServiceImpl : 找到 26 个学院
2026-01-12 15:41:55.467 INFO  [http-nio-8080-exec-1] c.s.s.faculty.FacultyServiceImpl : 开始获取学院 传播与媒体系 (ID: 1001) 的专业列表
2026-01-12 15:41:55.467 INFO  [http-nio-8080-exec-7] c.s.s.faculty.FacultyServiceImpl : 学院 建筑系 有 1 个专业
2026-01-12 15:41:55.467 INFO  [http-nio-8080-exec-7] c.s.s.faculty.FacultyServiceImpl : 开始获取学院 影视系 (ID: 988) 的专业列表
2026-01-12 15:41:55.467 INFO  [http-nio-8080-exec-9] c.s.s.faculty.FacultyServiceImpl : 学院 数学与物理学院 有 1 个专业
2026-01-12 15:41:55.467 INFO  [http-nio-8080-exec-9] c.s.s.faculty.FacultyServiceImpl : 开始获取学院 机械与航天工程学院 (ID: 672) 的专业列表
2026-01-12 15:41:55.468 INFO  [http-nio-8080-exec-7] c.s.s.faculty.FacultyServiceImpl : 学院 影视系 有 2 个专业
2026-01-12 15:41:55.468 INFO  [http-nio-8080-exec-7] c.s.s.faculty.FacultyServiceImpl : 开始获取学院 心理与临床语言科学学院 (ID: 989) 的专业列表
2026-01-12 15:41:55.468 INFO  [http-nio-8080-exec-3] c.s.s.faculty.FacultyServiceImpl : 学院 数学学院 有 4 个专业
2026-01-12 15:41:55.468 INFO  [http-nio-8080-exec-3] c.s.s.faculty.FacultyServiceImpl : 开始获取学院 新闻、媒体与文化学院 (ID: 91) 的专业列表
2026-01-12 15:41:55.469 INFO  [http-nio-8080-exec-1] c.s.s.faculty.FacultyServiceImpl : 学院 传播与媒体系 有 2 个专业
2026-01-12 15:41:55.469 INFO  [http-nio-8080-exec-1] c.s.s.faculty.FacultyServiceImpl : 开始获取学院 体育、运动和健康科学系 (ID: 1002) 的专业列表
2026-01-12 15:41:55.469 INFO  [http-nio-8080-exec-9] c.s.s.faculty.FacultyServiceImpl : 学院 机械与航天工程学院 有 3 个专业
2026-01-12 15:41:55.470 INFO  [http-nio-8080-exec-9] c.s.s.faculty.FacultyServiceImpl : 开始获取学院 法学院 (ID: 673) 的专业列表
2026-01-12 15:41:55.470 INFO  [http-nio-8080-exec-4] c.s.s.faculty.FacultyServiceImpl : 学院 政治与国际关系学院 有 14 个专业
2026-01-12 15:41:55.470 INFO  [http-nio-8080-exec-4] c.s.s.faculty.FacultyServiceImpl : 开始获取学院 教育系 (ID: 115) 的专业列表
2026-01-12 15:41:55.471 INFO  [http-nio-8080-exec-7] c.s.s.faculty.FacultyServiceImpl : 学院 心理与临床语言科学学院 有 6 个专业
2026-01-12 15:41:55.471 INFO  [http-nio-8080-exec-7] c.s.s.faculty.FacultyServiceImpl : 开始获取学院 政治和国际关系系 (ID: 990) 的专业列表
2026-01-12 15:41:55.472 INFO  [http-nio-8080-exec-3] c.s.s.faculty.FacultyServiceImpl : 学院 新闻、媒体与文化学院 有 11 个专业
2026-01-12 15:41:55.472 INFO  [http-nio-8080-exec-3] c.s.s.faculty.FacultyServiceImpl : 开始获取学院 法律与政治学院 (ID: 92) 的专业列表
2026-01-12 15:41:55.472 INFO  [http-nio-8080-exec-7] c.s.s.faculty.FacultyServiceImpl : 学院 政治和国际关系系 有 3 个专业
2026-01-12 15:41:55.472 INFO  [http-nio-8080-exec-7] c.s.s.faculty.FacultyServiceImpl : 开始获取学院 教育学院 (ID: 991) 的专业列表
2026-01-12 15:41:55.472 INFO  [http-nio-8080-exec-9] c.s.s.faculty.FacultyServiceImpl : 学院 法学院 有 7 个专业
2026-01-12 15:41:55.472 INFO  [http-nio-8080-exec-9] c.s.s.faculty.FacultyServiceImpl : 开始获取学院 生物科学学院 (ID: 674) 的专业列表
2026-01-12 15:41:55.472 INFO  [http-nio-8080-exec-8] c.s.service.schools.SchoolController : 开始获取院校 48 的学院列表
2026-01-12 15:41:55.472 INFO  [http-nio-8080-exec-8] c.s.s.faculty.FacultyServiceImpl : 开始获取院校ID为 48 的学院列表
2026-01-12 15:41:55.473 INFO  [http-nio-8080-exec-4] c.s.s.faculty.FacultyServiceImpl : 学院 教育系 有 9 个专业
2026-01-12 15:41:55.473 INFO  [http-nio-8080-exec-4] c.s.s.faculty.FacultyServiceImpl : 开始获取学院 数学系 (ID: 116) 的专业列表
2026-01-12 15:41:55.473 INFO  [http-nio-8080-exec-1] c.s.s.faculty.FacultyServiceImpl : 学院 体育、运动和健康科学系 有 13 个专业
2026-01-12 15:41:55.473 INFO  [http-nio-8080-exec-1] c.s.s.faculty.FacultyServiceImpl : 开始获取学院 体育事业研究所 (ID: 1003) 的专业列表
2026-01-12 15:41:55.473 INFO  [http-nio-8080-exec-7] c.s.s.faculty.FacultyServiceImpl : 学院 教育学院 有 1 个专业
2026-01-12 15:41:55.473 INFO  [http-nio-8080-exec-7] c.s.s.faculty.FacultyServiceImpl : 开始获取学院 气象学系 (ID: 992) 的专业列表
2026-01-12 15:41:55.474 INFO  [http-nio-8080-exec-9] c.s.s.faculty.FacultyServiceImpl : 学院 生物科学学院 有 7 个专业
2026-01-12 15:41:55.474 INFO  [http-nio-8080-exec-9] c.s.s.faculty.FacultyServiceImpl : 开始获取学院 电子、电气工程与计算机科学学院 (ID: 675) 的专业列表
2026-01-12 15:41:55.474 INFO  [http-nio-8080-exec-3] c.s.s.faculty.FacultyServiceImpl : 学院 法律与政治学院 有 10 个专业
2026-01-12 15:41:55.475 INFO  [http-nio-8080-exec-3] c.s.s.faculty.FacultyServiceImpl : 开始获取学院 牙科学院 (ID: 93) 的专业列表
2026-01-12 15:41:55.475 INFO  [http-nio-8080-exec-4] c.s.s.faculty.FacultyServiceImpl : 学院 数学系 有 5 个专业
2026-01-12 15:41:55.475 INFO  [http-nio-8080-exec-4] c.s.s.faculty.FacultyServiceImpl : 开始获取学院 文艺复兴和早期现代研究中心 (ID: 117) 的专业列表
2026-01-12 15:41:55.475 INFO  [http-nio-8080-exec-7] c.s.s.faculty.FacultyServiceImpl : 学院 气象学系 有 3 个专业
2026-01-12 15:41:55.475 INFO  [http-nio-8080-exec-7] c.s.s.faculty.FacultyServiceImpl : 开始获取学院 法学院 (ID: 993) 的专业列表
2026-01-12 15:41:55.475 INFO  [http-nio-8080-exec-8] c.s.s.faculty.FacultyServiceImpl : 找到 4 个学院
2026-01-12 15:41:55.475 INFO  [http-nio-8080-exec-8] c.s.s.faculty.FacultyServiceImpl : 开始获取学院 克兰菲尔德国防和安全 (ID: 210) 的专业列表
2026-01-12 15:41:55.475 INFO  [http-nio-8080-exec-1] c.s.s.faculty.FacultyServiceImpl : 学院 体育事业研究所 有 5 个专业
2026-01-12 15:41:55.475 INFO  [http-nio-8080-exec-1] c.s.s.faculty.FacultyServiceImpl : 开始获取学院 创意未来研究所 (ID: 1004) 的专业列表
2026-01-12 15:41:55.476 INFO  [http-nio-8080-exec-9] c.s.s.faculty.FacultyServiceImpl : 学院 电子、电气工程与计算机科学学院 有 6 个专业
2026-01-12 15:41:55.476 INFO  [http-nio-8080-exec-9] c.s.s.faculty.FacultyServiceImpl : 开始获取学院 社会科学、教育与社会工作学院 (ID: 676) 的专业列表
2026-01-12 15:41:55.476 INFO  [http-nio-8080-exec-8] c.s.s.faculty.FacultyServiceImpl : 学院 克兰菲尔德国防和安全 有 0 个专业
2026-01-12 15:41:55.476 INFO  [http-nio-8080-exec-4] c.s.s.faculty.FacultyServiceImpl : 学院 文艺复兴和早期现代研究中心 有 1 个专业
2026-01-12 15:41:55.476 INFO  [http-nio-8080-exec-4] c.s.s.faculty.FacultyServiceImpl : 开始获取学院 物理、工程与技术学院 (ID: 118) 的专业列表
2026-01-12 15:41:55.476 INFO  [http-nio-8080-exec-8] c.s.s.faculty.FacultyServiceImpl : 开始获取学院 水、能源和环境学院 (ID: 211) 的专业列表
2026-01-12 15:41:55.476 INFO  [http-nio-8080-exec-3] c.s.s.faculty.FacultyServiceImpl : 学院 牙科学院 有 5 个专业
2026-01-12 15:41:55.476 INFO  [http-nio-8080-exec-3] c.s.s.faculty.FacultyServiceImpl : 开始获取学院 物理与天文学学院 (ID: 94) 的专业列表
2026-01-12 15:41:55.476 INFO  [http-nio-8080-exec-1] c.s.s.faculty.FacultyServiceImpl : 学院 创意未来研究所 有 4 个专业
2026-01-12 15:41:55.476 INFO  [http-nio-8080-exec-1] c.s.s.faculty.FacultyServiceImpl : 开始获取学院 创意艺术系 (ID: 1005) 的专业列表
2026-01-12 15:41:55.476 INFO  [http-nio-8080-exec-7] c.s.s.faculty.FacultyServiceImpl : 学院 法学院 有 8 个专业
2026-01-12 15:41:55.477 INFO  [http-nio-8080-exec-7] c.s.s.faculty.FacultyServiceImpl : 开始获取学院 生物科学学院 (ID: 994) 的专业列表
2026-01-12 15:41:55.478 INFO  [http-nio-8080-exec-8] c.s.s.faculty.FacultyServiceImpl : 学院 水、能源和环境学院 有 0 个专业
2026-01-12 15:41:55.479 INFO  [http-nio-8080-exec-8] c.s.s.faculty.FacultyServiceImpl : 开始获取学院 管理学院 (ID: 212) 的专业列表
2026-01-12 15:41:55.480 INFO  [http-nio-8080-exec-9] c.s.s.faculty.FacultyServiceImpl : 学院 社会科学、教育与社会工作学院 有 16 个专业
2026-01-12 15:41:55.480 INFO  [http-nio-8080-exec-9] c.s.s.faculty.FacultyServiceImpl : 开始获取学院 自然与建环境学院 (ID: 677) 的专业列表
2026-01-12 15:41:55.480 INFO  [http-nio-8080-exec-1] c.s.s.faculty.FacultyServiceImpl : 学院 创意艺术系 有 2 个专业
2026-01-12 15:41:55.480 INFO  [http-nio-8080-exec-1] c.s.s.faculty.FacultyServiceImpl : 开始获取学院 创新和企业家精神研究所 (ID: 1006) 的专业列表
2026-01-12 15:41:55.480 INFO  [http-nio-8080-exec-4] c.s.s.faculty.FacultyServiceImpl : 学院 物理、工程与技术学院 有 7 个专业
2026-01-12 15:41:55.480 INFO  [http-nio-8080-exec-4] c.s.s.faculty.FacultyServiceImpl : 开始获取学院 生物学系 (ID: 119) 的专业列表
2026-01-12 15:41:55.480 INFO  [http-nio-8080-exec-7] c.s.s.faculty.FacultyServiceImpl : 学院 生物科学学院 有 4 个专业
2026-01-12 15:41:55.480 INFO  [http-nio-8080-exec-7] c.s.s.faculty.FacultyServiceImpl : 开始获取学院 经济系 (ID: 995) 的专业列表
2026-01-12 15:41:55.480 INFO  [http-nio-8080-exec-3] c.s.s.faculty.FacultyServiceImpl : 学院 物理与天文学学院 有 5 个专业
2026-01-12 15:41:55.480 INFO  [http-nio-8080-exec-3] c.s.s.faculty.FacultyServiceImpl : 开始获取学院 现代语言学院 (ID: 95) 的专业列表
2026-01-12 15:41:55.481 INFO  [http-nio-8080-exec-8] c.s.s.faculty.FacultyServiceImpl : 学院 管理学院 有 0 个专业
2026-01-12 15:41:55.481 INFO  [http-nio-8080-exec-8] c.s.s.faculty.FacultyServiceImpl : 开始获取学院 航空航天、运输和制造学院 (ID: 213) 的专业列表
2026-01-12 15:41:55.481 INFO  [http-nio-8080-exec-1] c.s.s.faculty.FacultyServiceImpl : 学院 创新和企业家精神研究所 有 1 个专业
2026-01-12 15:41:55.481 INFO  [http-nio-8080-exec-1] c.s.s.faculty.FacultyServiceImpl : 开始获取学院 化学工程系 (ID: 1007) 的专业列表
2026-01-12 15:41:55.481 INFO  [http-nio-8080-exec-8] c.s.s.faculty.FacultyServiceImpl : 学院 航空航天、运输和制造学院 有 0 个专业
2026-01-12 15:41:55.482 INFO  [http-nio-8080-exec-8] c.s.service.schools.SchoolController : 成功获取到院校 48 的 4 个学院
2026-01-12 15:41:55.482 INFO  [http-nio-8080-exec-4] c.s.s.faculty.FacultyServiceImpl : 学院 生物学系 有 6 个专业
2026-01-12 15:41:55.482 INFO  [http-nio-8080-exec-4] c.s.s.faculty.FacultyServiceImpl : 开始获取学院 社会学系 (ID: 120) 的专业列表
2026-01-12 15:41:55.482 INFO  [http-nio-8080-exec-3] c.s.s.faculty.FacultyServiceImpl : 学院 现代语言学院 有 3 个专业
2026-01-12 15:41:55.482 INFO  [http-nio-8080-exec-3] c.s.s.faculty.FacultyServiceImpl : 开始获取学院 生物科学学院 (ID: 96) 的专业列表
2026-01-12 15:41:55.483 INFO  [http-nio-8080-exec-7] c.s.s.faculty.FacultyServiceImpl : 学院 经济系 有 4 个专业
2026-01-12 15:41:55.483 INFO  [http-nio-8080-exec-1] c.s.s.faculty.FacultyServiceImpl : 学院 化学工程系 有 2 个专业
2026-01-12 15:41:55.483 INFO  [http-nio-8080-exec-1] c.s.s.faculty.FacultyServiceImpl : 开始获取学院 化学系 (ID: 1008) 的专业列表
2026-01-12 15:41:55.483 INFO  [http-nio-8080-exec-7] c.s.s.faculty.FacultyServiceImpl : 开始获取学院 考古学系 (ID: 996) 的专业列表
2026-01-12 15:41:55.484 INFO  [http-nio-8080-exec-9] c.s.s.faculty.FacultyServiceImpl : 学院 自然与建环境学院 有 11 个专业
2026-01-12 15:41:55.485 INFO  [http-nio-8080-exec-9] c.s.s.faculty.FacultyServiceImpl : 开始获取学院 艺术、英语和语言学院 (ID: 678) 的专业列表
2026-01-12 15:41:55.484 INFO  [http-nio-8080-exec-3] c.s.s.faculty.FacultyServiceImpl : 学院 生物科学学院 有 1 个专业
2026-01-12 15:41:55.485 INFO  [http-nio-8080-exec-3] c.s.s.faculty.FacultyServiceImpl : 开始获取学院 社会科学学院 (ID: 97) 的专业列表
2026-01-12 15:41:55.485 INFO  [http-nio-8080-exec-1] c.s.s.faculty.FacultyServiceImpl : 学院 化学系 有 3 个专业
2026-01-12 15:41:55.485 INFO  [http-nio-8080-exec-1] c.s.s.faculty.FacultyServiceImpl : 开始获取学院 国际关系、政治和历史系 (ID: 1009) 的专业列表
2026-01-12 15:41:55.485 INFO  [http-nio-8080-exec-7] c.s.s.faculty.FacultyServiceImpl : 学院 考古学系 有 1 个专业
2026-01-12 15:41:55.486 INFO  [http-nio-8080-exec-7] c.s.s.faculty.FacultyServiceImpl : 开始获取学院 艺术与传播设计学院 (ID: 997) 的专业列表
2026-01-12 15:41:55.486 INFO  [http-nio-8080-exec-4] c.s.s.faculty.FacultyServiceImpl : 学院 社会学系 有 5 个专业
2026-01-12 15:41:55.486 INFO  [http-nio-8080-exec-4] c.s.s.faculty.FacultyServiceImpl : 开始获取学院 约克法学院 (ID: 121) 的专业列表
2026-01-12 15:41:55.487 INFO  [http-nio-8080-exec-1] c.s.s.faculty.FacultyServiceImpl : 学院 国际关系、政治和历史系 有 1 个专业
2026-01-12 15:41:55.487 INFO  [http-nio-8080-exec-1] c.s.s.faculty.FacultyServiceImpl : 开始获取学院 国际管理与创业系 (ID: 1010) 的专业列表
2026-01-12 15:41:55.488 INFO  [http-nio-8080-exec-3] c.s.s.faculty.FacultyServiceImpl : 学院 社会科学学院 有 5 个专业
2026-01-12 15:41:55.488 INFO  [http-nio-8080-exec-3] c.s.s.faculty.FacultyServiceImpl : 开始获取学院 英语、传播与哲学学院 (ID: 98) 的专业列表
2026-01-12 15:41:55.488 INFO  [http-nio-8080-exec-7] c.s.s.faculty.FacultyServiceImpl : 学院 艺术与传播设计学院 有 5 个专业
2026-01-12 15:41:55.488 INFO  [http-nio-8080-exec-7] c.s.s.faculty.FacultyServiceImpl : 开始获取学院 计算机科学系 (ID: 998) 的专业列表
2026-01-12 15:41:55.488 INFO  [http-nio-8080-exec-4] c.s.s.faculty.FacultyServiceImpl : 学院 约克法学院 有 10 个专业
2026-01-12 15:41:55.488 INFO  [http-nio-8080-exec-5] c.s.service.schools.SchoolController : 开始获取院校 37 的学院列表
2026-01-12 15:41:55.488 INFO  [http-nio-8080-exec-5] c.s.s.faculty.FacultyServiceImpl : 开始获取院校ID为 37 的学院列表
2026-01-12 15:41:55.488 INFO  [http-nio-8080-exec-4] c.s.s.faculty.FacultyServiceImpl : 开始获取学院 经济及相关研究系 (ID: 122) 的专业列表
2026-01-12 15:41:55.488 INFO  [http-nio-8080-exec-1] c.s.s.faculty.FacultyServiceImpl : 学院 国际管理与创业系 有 6 个专业
2026-01-12 15:41:55.488 INFO  [http-nio-8080-exec-1] c.s.s.faculty.FacultyServiceImpl : 开始获取学院 地理与环境系 (ID: 1011) 的专业列表
2026-01-12 15:41:55.488 INFO  [http-nio-8080-exec-9] c.s.s.faculty.FacultyServiceImpl : 学院 艺术、英语和语言学院 有 18 个专业
2026-01-12 15:41:55.488 INFO  [http-nio-8080-exec-9] c.s.s.faculty.FacultyServiceImpl : 开始获取学院 英国女王大学商学院 (ID: 679) 的专业列表
2026-01-12 15:41:55.490 INFO  [http-nio-8080-exec-4] c.s.s.faculty.FacultyServiceImpl : 学院 经济及相关研究系 有 8 个专业
2026-01-12 15:41:55.490 INFO  [http-nio-8080-exec-4] c.s.s.faculty.FacultyServiceImpl : 开始获取学院 考古学系 (ID: 123) 的专业列表
2026-01-12 15:41:55.490 INFO  [http-nio-8080-exec-7] c.s.s.faculty.FacultyServiceImpl : 学院 计算机科学系 有 2 个专业
2026-01-12 15:41:55.490 INFO  [http-nio-8080-exec-7] c.s.s.faculty.FacultyServiceImpl : 开始获取学院 雷丁艺术学院 (ID: 999) 的专业列表
2026-01-12 15:41:55.490 INFO  [http-nio-8080-exec-9] c.s.s.faculty.FacultyServiceImpl : 学院 英国女王大学商学院 有 1 个专业
2026-01-12 15:41:55.490 INFO  [http-nio-8080-exec-3] c.s.s.faculty.FacultyServiceImpl : 学院 英语、传播与哲学学院 有 6 个专业
2026-01-12 15:41:55.490 INFO  [http-nio-8080-exec-9] c.s.s.faculty.FacultyServiceImpl : 开始获取学院 药学院 (ID: 680) 的专业列表
2026-01-12 15:41:55.490 INFO  [http-nio-8080-exec-3] c.s.s.faculty.FacultyServiceImpl : 开始获取学院 药学学院 (ID: 99) 的专业列表
2026-01-12 15:41:55.490 INFO  [http-nio-8080-exec-1] c.s.s.faculty.FacultyServiceImpl : 学院 地理与环境系 有 4 个专业
2026-01-12 15:41:55.490 INFO  [http-nio-8080-exec-1] c.s.s.faculty.FacultyServiceImpl : 开始获取学院 外交与国际事务系 (ID: 1012) 的专业列表
2026-01-12 15:41:55.491 INFO  [http-nio-8080-exec-9] c.s.s.faculty.FacultyServiceImpl : 学院 药学院 有 1 个专业
2026-01-12 15:41:55.491 INFO  [http-nio-8080-exec-9] c.s.s.faculty.FacultyServiceImpl : 开始获取学院 规划与发展学院 (ID: 681) 的专业列表
2026-01-12 15:41:55.491 INFO  [http-nio-8080-exec-3] c.s.s.faculty.FacultyServiceImpl : 学院 药学学院 有 1 个专业
2026-01-12 15:41:55.491 INFO  [http-nio-8080-exec-3] c.s.s.faculty.FacultyServiceImpl : 开始获取学院 视光与视觉科学学院 (ID: 100) 的专业列表
2026-01-12 15:41:55.491 INFO  [http-nio-8080-exec-7] c.s.s.faculty.FacultyServiceImpl : 学院 雷丁艺术学院 有 1 个专业
2026-01-12 15:41:55.491 INFO  [http-nio-8080-exec-7] c.s.s.faculty.FacultyServiceImpl : 开始获取学院 食品和营养科学系 (ID: 1000) 的专业列表
2026-01-12 15:41:55.491 INFO  [http-nio-8080-exec-9] c.s.s.faculty.FacultyServiceImpl : 学院 规划与发展学院 有 0 个专业
2026-01-12 15:41:55.491 INFO  [http-nio-8080-exec-9] c.s.service.schools.SchoolController : 成功获取到院校 63 的 16 个学院
2026-01-12 15:41:55.492 INFO  [http-nio-8080-exec-1] c.s.s.faculty.FacultyServiceImpl : 学院 外交与国际事务系 有 7 个专业
2026-01-12 15:41:55.492 INFO  [http-nio-8080-exec-1] c.s.s.faculty.FacultyServiceImpl : 开始获取学院 媒体和创意产业研究所 (ID: 1013) 的专业列表
2026-01-12 15:41:55.492 INFO  [http-nio-8080-exec-5] c.s.s.faculty.FacultyServiceImpl : 找到 21 个学院
2026-01-12 15:41:55.492 INFO  [http-nio-8080-exec-5] c.s.s.faculty.FacultyServiceImpl : 开始获取学院 化学与化学工程学院 (ID: 1027) 的专业列表
2026-01-12 15:41:55.492 INFO  [http-nio-8080-exec-3] c.s.s.faculty.FacultyServiceImpl : 学院 视光与视觉科学学院 有 1 个专业
2026-01-12 15:41:55.492 INFO  [http-nio-8080-exec-3] c.s.s.faculty.FacultyServiceImpl : 开始获取学院 计算机科学和信息学院 (ID: 101) 的专业列表
2026-01-12 15:41:55.492 INFO  [http-nio-8080-exec-7] c.s.s.faculty.FacultyServiceImpl : 学院 食品和营养科学系 有 4 个专业
2026-01-12 15:41:55.492 INFO  [http-nio-8080-exec-7] c.s.s.faculty.FacultyServiceImpl : 开始获取学院 历史系 (ID: 1106) 的专业列表
2026-01-12 15:41:55.492 INFO  [http-nio-8080-exec-1] c.s.s.faculty.FacultyServiceImpl : 学院 媒体和创意产业研究所 有 1 个专业
2026-01-12 15:41:55.492 INFO  [http-nio-8080-exec-1] c.s.s.faculty.FacultyServiceImpl : 开始获取学院 建筑学、建筑和土木工程系 (ID: 1014) 的专业列表
2026-01-12 15:41:55.493 INFO  [http-nio-8080-exec-7] c.s.s.faculty.FacultyServiceImpl : 学院 历史系 有 1 个专业
2026-01-12 15:41:55.493 INFO  [http-nio-8080-exec-7] c.s.s.faculty.FacultyServiceImpl : 开始获取学院 古典学系 (ID: 1107) 的专业列表
2026-01-12 15:41:55.493 INFO  [http-nio-8080-exec-5] c.s.s.faculty.FacultyServiceImpl : 学院 化学与化学工程学院 有 4 个专业
2026-01-12 15:41:55.493 INFO  [http-nio-8080-exec-5] c.s.s.faculty.FacultyServiceImpl : 开始获取学院 化学与工艺工程系 (ID: 1028) 的专业列表
2026-01-12 15:41:55.495 INFO  [http-nio-8080-exec-1] c.s.s.faculty.FacultyServiceImpl : 学院 建筑学、建筑和土木工程系 有 6 个专业
2026-01-12 15:41:55.495 INFO  [http-nio-8080-exec-1] c.s.s.faculty.FacultyServiceImpl : 开始获取学院 拉夫堡商学院 (ID: 1015) 的专业列表
2026-01-12 15:41:55.496 INFO  [http-nio-8080-exec-3] c.s.s.faculty.FacultyServiceImpl : 学院 计算机科学和信息学院 有 13 个专业
2026-01-12 15:41:55.496 INFO  [http-nio-8080-exec-3] c.s.s.faculty.FacultyServiceImpl : 开始获取学院 音乐学院 (ID: 102) 的专业列表
2026-01-12 15:41:55.497 INFO  [http-nio-8080-exec-7] c.s.s.faculty.FacultyServiceImpl : 学院 古典学系 有 1 个专业
2026-01-12 15:41:55.497 INFO  [http-nio-8080-exec-7] c.s.s.faculty.FacultyServiceImpl : 开始获取学院 哲学系 (ID: 1108) 的专业列表
2026-01-12 15:41:55.497 INFO  [http-nio-8080-exec-5] c.s.s.faculty.FacultyServiceImpl : 学院 化学与工艺工程系 有 1 个专业
2026-01-12 15:41:55.497 INFO  [http-nio-8080-exec-5] c.s.s.faculty.FacultyServiceImpl : 开始获取学院 古尔福德表演学院 (ID: 1029) 的专业列表
2026-01-12 15:41:55.497 INFO  [http-nio-8080-exec-4] c.s.s.faculty.FacultyServiceImpl : 学院 考古学系 有 22 个专业
2026-01-12 15:41:55.497 INFO  [http-nio-8080-exec-4] c.s.s.faculty.FacultyServiceImpl : 开始获取学院 艺术与创新技术学院 (ID: 124) 的专业列表
2026-01-12 15:41:55.498 INFO  [http-nio-8080-exec-7] c.s.s.faculty.FacultyServiceImpl : 学院 哲学系 有 1 个专业
2026-01-12 15:41:55.498 INFO  [http-nio-8080-exec-7] c.s.s.faculty.FacultyServiceImpl : 开始获取学院 地理与环境科学系 (ID: 1109) 的专业列表
2026-01-12 15:41:55.498 INFO  [http-nio-8080-exec-3] c.s.s.faculty.FacultyServiceImpl : 学院 音乐学院 有 1 个专业
2026-01-12 15:41:55.498 INFO  [http-nio-8080-exec-3] c.s.service.schools.SchoolController : 成功获取到院校 30 的 24 个学院
2026-01-12 15:41:55.501 INFO  [http-nio-8080-exec-7] c.s.s.faculty.FacultyServiceImpl : 学院 地理与环境科学系 有 1 个专业
2026-01-12 15:41:55.501 INFO  [http-nio-8080-exec-7] c.s.s.faculty.FacultyServiceImpl : 开始获取学院 英国文学系 (ID: 1110) 的专业列表
2026-01-12 15:41:55.501 INFO  [http-nio-8080-exec-1] c.s.s.faculty.FacultyServiceImpl : 学院 拉夫堡商学院 有 16 个专业
2026-01-12 15:41:55.501 INFO  [http-nio-8080-exec-1] c.s.s.faculty.FacultyServiceImpl : 开始获取学院 数字技术研究所 (ID: 1016) 的专业列表
2026-01-12 15:41:55.501 INFO  [http-nio-8080-exec-6] c.s.service.schools.SchoolController : 开始获取院校 65 的学院列表
2026-01-12 15:41:55.501 INFO  [http-nio-8080-exec-6] c.s.s.faculty.FacultyServiceImpl : 开始获取院校ID为 65 的学院列表
2026-01-12 15:41:55.502 INFO  [http-nio-8080-exec-5] c.s.s.faculty.FacultyServiceImpl : 学院 古尔福德表演学院 有 5 个专业
2026-01-12 15:41:55.502 INFO  [http-nio-8080-exec-5] c.s.s.faculty.FacultyServiceImpl : 开始获取学院 土木与环境工程系 (ID: 1030) 的专业列表
2026-01-12 15:41:55.502 INFO  [http-nio-8080-exec-7] c.s.s.faculty.FacultyServiceImpl : 学院 英国文学系 有 1 个专业
2026-01-12 15:41:55.502 INFO  [http-nio-8080-exec-7] c.s.s.faculty.FacultyServiceImpl : 开始获取学院 英语语言与应用语言学系 (ID: 1111) 的专业列表
2026-01-12 15:41:55.503 INFO  [http-nio-8080-exec-1] c.s.s.faculty.FacultyServiceImpl : 学院 数字技术研究所 有 6 个专业
2026-01-12 15:41:55.503 INFO  [http-nio-8080-exec-1] c.s.s.faculty.FacultyServiceImpl : 开始获取学院 数学科学系 (ID: 1017) 的专业列表
2026-01-12 15:41:55.503 INFO  [http-nio-8080-exec-4] c.s.s.faculty.FacultyServiceImpl : 学院 艺术与创新技术学院 有 26 个专业
2026-01-12 15:41:55.503 INFO  [http-nio-8080-exec-4] c.s.s.faculty.FacultyServiceImpl : 开始获取学院 艺术史系 (ID: 125) 的专业列表
2026-01-12 15:41:55.503 INFO  [http-nio-8080-exec-7] c.s.s.faculty.FacultyServiceImpl : 学院 英语语言与应用语言学系 有 2 个专业
2026-01-12 15:41:55.503 INFO  [http-nio-8080-exec-7] c.s.s.faculty.FacultyServiceImpl : 开始获取学院 药学院 (ID: 1112) 的专业列表
2026-01-12 15:41:55.504 INFO  [http-nio-8080-exec-1] c.s.s.faculty.FacultyServiceImpl : 学院 数学科学系 有 2 个专业
2026-01-12 15:41:55.505 INFO  [http-nio-8080-exec-1] c.s.s.faculty.FacultyServiceImpl : 开始获取学院 机械、电气和制造工程系 (ID: 1018) 的专业列表
2026-01-12 15:41:55.504 INFO  [http-nio-8080-exec-7] c.s.s.faculty.FacultyServiceImpl : 学院 药学院 有 1 个专业
2026-01-12 15:41:55.505 INFO  [http-nio-8080-exec-7] c.s.service.schools.SchoolController : 成功获取到院校 38 的 24 个学院
2026-01-12 15:41:55.504 INFO  [http-nio-8080-exec-5] c.s.s.faculty.FacultyServiceImpl : 学院 土木与环境工程系 有 12 个专业
2026-01-12 15:41:55.505 INFO  [http-nio-8080-exec-5] c.s.s.faculty.FacultyServiceImpl : 开始获取学院 心理学学院 (ID: 1031) 的专业列表
2026-01-12 15:41:55.505 INFO  [http-nio-8080-exec-4] c.s.s.faculty.FacultyServiceImpl : 学院 艺术史系 有 7 个专业
2026-01-12 15:41:55.505 INFO  [http-nio-8080-exec-4] c.s.s.faculty.FacultyServiceImpl : 开始获取学院 英语及相关文学系 (ID: 126) 的专业列表
2026-01-12 15:41:55.505 INFO  [http-nio-8080-exec-6] c.s.s.faculty.FacultyServiceImpl : 找到 11 个学院
2026-01-12 15:41:55.505 INFO  [http-nio-8080-exec-6] c.s.s.faculty.FacultyServiceImpl : 开始获取学院 医学、医学科学和营养学院 (ID: 682) 的专业列表
2026-01-12 15:41:55.506 INFO  [http-nio-8080-exec-10] c.s.service.schools.SchoolController : 开始获取院校 36 的学院列表
2026-01-12 15:41:55.506 INFO  [http-nio-8080-exec-10] c.s.s.faculty.FacultyServiceImpl : 开始获取院校ID为 36 的学院列表
2026-01-12 15:41:55.507 INFO  [http-nio-8080-exec-1] c.s.s.faculty.FacultyServiceImpl : 学院 机械、电气和制造工程系 有 6 个专业
2026-01-12 15:41:55.507 INFO  [http-nio-8080-exec-1] c.s.s.faculty.FacultyServiceImpl : 开始获取学院 材料系 (ID: 1019) 的专业列表
2026-01-12 15:41:55.507 INFO  [http-nio-8080-exec-5] c.s.s.faculty.FacultyServiceImpl : 学院 心理学学院 有 6 个专业
2026-01-12 15:41:55.508 INFO  [http-nio-8080-exec-5] c.s.s.faculty.FacultyServiceImpl : 开始获取学院 政治学系 (ID: 1032) 的专业列表
2026-01-12 15:41:55.508 INFO  [http-nio-8080-exec-1] c.s.s.faculty.FacultyServiceImpl : 学院 材料系 有 1 个专业
2026-01-12 15:41:55.508 INFO  [http-nio-8080-exec-1] c.s.s.faculty.FacultyServiceImpl : 开始获取学院 法律系 (ID: 1020) 的专业列表
2026-01-12 15:41:55.508 INFO  [http-nio-8080-exec-4] c.s.s.faculty.FacultyServiceImpl : 学院 英语及相关文学系 有 10 个专业
2026-01-12 15:41:55.508 INFO  [http-nio-8080-exec-4] c.s.s.faculty.FacultyServiceImpl : 开始获取学院 计算机学系 (ID: 127) 的专业列表
2026-01-12 15:41:55.509 INFO  [http-nio-8080-exec-5] c.s.s.faculty.FacultyServiceImpl : 学院 政治学系 有 3 个专业
2026-01-12 15:41:55.509 INFO  [http-nio-8080-exec-5] c.s.s.faculty.FacultyServiceImpl : 开始获取学院 数学系 (ID: 1033) 的专业列表
2026-01-12 15:41:55.510 INFO  [http-nio-8080-exec-1] c.s.s.faculty.FacultyServiceImpl : 学院 法律系 有 1 个专业
2026-01-12 15:41:55.510 INFO  [http-nio-8080-exec-1] c.s.s.faculty.FacultyServiceImpl : 开始获取学院 物理系 (ID: 1021) 的专业列表
2026-01-12 15:41:55.511 INFO  [http-nio-8080-exec-6] c.s.s.faculty.FacultyServiceImpl : 学院 医学、医学科学和营养学院 有 18 个专业
2026-01-12 15:41:55.511 INFO  [http-nio-8080-exec-6] c.s.s.faculty.FacultyServiceImpl : 开始获取学院 商学院 (ID: 683) 的专业列表
2026-01-12 15:41:55.511 INFO  [http-nio-8080-exec-2] c.s.service.schools.SchoolController : 开始获取院校 64 的学院列表
2026-01-12 15:41:55.511 INFO  [http-nio-8080-exec-2] c.s.s.faculty.FacultyServiceImpl : 开始获取院校ID为 64 的学院列表
2026-01-12 15:41:55.511 INFO  [http-nio-8080-exec-10] c.s.s.faculty.FacultyServiceImpl : 找到 10 个学院
2026-01-12 15:41:55.511 INFO  [http-nio-8080-exec-10] c.s.s.faculty.FacultyServiceImpl : 开始获取学院 全球研究学院 (ID: 959) 的专业列表
2026-01-12 15:41:55.511 INFO  [http-nio-8080-exec-4] c.s.s.faculty.FacultyServiceImpl : 学院 计算机学系 有 7 个专业
2026-01-12 15:41:55.511 INFO  [http-nio-8080-exec-4] c.s.s.faculty.FacultyServiceImpl : 开始获取学院 语言和语言科学系 (ID: 128) 的专业列表
2026-01-12 15:41:55.512 INFO  [http-nio-8080-exec-1] c.s.s.faculty.FacultyServiceImpl : 学院 物理系 有 1 个专业
2026-01-12 15:41:55.512 INFO  [http-nio-8080-exec-1] c.s.s.faculty.FacultyServiceImpl : 开始获取学院 犯罪学、社会学和社会政策系 (ID: 1022) 的专业列表
2026-01-12 15:41:55.512 INFO  [http-nio-8080-exec-5] c.s.s.faculty.FacultyServiceImpl : 学院 数学系 有 2 个专业
2026-01-12 15:41:55.512 INFO  [http-nio-8080-exec-5] c.s.s.faculty.FacultyServiceImpl : 开始获取学院 文学和语言学院 (ID: 1034) 的专业列表
2026-01-12 15:41:55.513 INFO  [http-nio-8080-exec-10] c.s.s.faculty.FacultyServiceImpl : 学院 全球研究学院 有 0 个专业
2026-01-12 15:41:55.513 INFO  [http-nio-8080-exec-10] c.s.s.faculty.FacultyServiceImpl : 开始获取学院 商学院 (ID: 960) 的专业列表
2026-01-12 15:41:55.513 INFO  [http-nio-8080-exec-10] c.s.s.faculty.FacultyServiceImpl : 学院 商学院 有 0 个专业
2026-01-12 15:41:55.513 INFO  [http-nio-8080-exec-1] c.s.s.faculty.FacultyServiceImpl : 学院 犯罪学、社会学和社会政策系 有 3 个专业
2026-01-12 15:41:55.513 INFO  [http-nio-8080-exec-10] c.s.s.faculty.FacultyServiceImpl : 开始获取学院 媒体、艺术与人文学院 (ID: 961) 的专业列表
2026-01-12 15:41:55.513 INFO  [http-nio-8080-exec-1] c.s.s.faculty.FacultyServiceImpl : 开始获取学院 航空汽车工程系 (ID: 1023) 的专业列表
2026-01-12 15:41:55.514 INFO  [http-nio-8080-exec-10] c.s.s.faculty.FacultyServiceImpl : 学院 媒体、艺术与人文学院 有 0 个专业
2026-01-12 15:41:55.514 INFO  [http-nio-8080-exec-10] c.s.s.faculty.FacultyServiceImpl : 开始获取学院 工程与信息学学院 (ID: 962) 的专业列表
2026-01-12 15:41:55.514 INFO  [http-nio-8080-exec-4] c.s.s.faculty.FacultyServiceImpl : 学院 语言和语言科学系 有 7 个专业
2026-01-12 15:41:55.514 INFO  [http-nio-8080-exec-4] c.s.s.faculty.FacultyServiceImpl : 开始获取学院 赫尔约克医学院 (ID: 129) 的专业列表
2026-01-12 15:41:55.514 INFO  [http-nio-8080-exec-5] c.s.s.faculty.FacultyServiceImpl : 学院 文学和语言学院 有 7 个专业
2026-01-12 15:41:55.514 INFO  [http-nio-8080-exec-1] c.s.s.faculty.FacultyServiceImpl : 学院 航空汽车工程系 有 1 个专业
2026-01-12 15:41:55.514 INFO  [http-nio-8080-exec-1] c.s.s.faculty.FacultyServiceImpl : 开始获取学院 英语系 (ID: 1024) 的专业列表
2026-01-12 15:41:55.514 INFO  [http-nio-8080-exec-6] c.s.s.faculty.FacultyServiceImpl : 学院 商学院 有 17 个专业
2026-01-12 15:41:55.514 INFO  [http-nio-8080-exec-6] c.s.s.faculty.FacultyServiceImpl : 开始获取学院 地理科学学院 (ID: 684) 的专业列表
2026-01-12 15:41:55.514 INFO  [http-nio-8080-exec-5] c.s.s.faculty.FacultyServiceImpl : 开始获取学院 法学院 (ID: 1035) 的专业列表
2026-01-12 15:41:55.514 INFO  [http-nio-8080-exec-10] c.s.s.faculty.FacultyServiceImpl : 学院 工程与信息学学院 有 0 个专业
2026-01-12 15:41:55.515 INFO  [http-nio-8080-exec-10] c.s.s.faculty.FacultyServiceImpl : 开始获取学院 布莱顿和苏塞克斯医学院 (ID: 963) 的专业列表
2026-01-12 15:41:55.515 INFO  [http-nio-8080-exec-5] c.s.s.faculty.FacultyServiceImpl : 学院 法学院 有 1 个专业
2026-01-12 15:41:55.515 INFO  [http-nio-8080-exec-5] c.s.s.faculty.FacultyServiceImpl : 开始获取学院 物理系 (ID: 1036) 的专业列表
2026-01-12 15:41:55.515 INFO  [http-nio-8080-exec-1] c.s.s.faculty.FacultyServiceImpl : 学院 英语系 有 2 个专业
2026-01-12 15:41:55.515 INFO  [http-nio-8080-exec-1] c.s.s.faculty.FacultyServiceImpl : 开始获取学院 计算机科学系 (ID: 1025) 的专业列表
2026-01-12 15:41:55.515 INFO  [http-nio-8080-exec-4] c.s.s.faculty.FacultyServiceImpl : 学院 赫尔约克医学院 有 4 个专业
2026-01-12 15:41:55.515 INFO  [http-nio-8080-exec-4] c.s.service.schools.SchoolController : 成功获取到院校 31 的 27 个学院
2026-01-12 15:41:55.515 INFO  [http-nio-8080-exec-2] c.s.s.faculty.FacultyServiceImpl : 找到 6 个学院
2026-01-12 15:41:55.515 INFO  [http-nio-8080-exec-2] c.s.s.faculty.FacultyServiceImpl : 开始获取学院 商学院 (ID: 362) 的专业列表
2026-01-12 15:41:55.516 INFO  [http-nio-8080-exec-10] c.s.s.faculty.FacultyServiceImpl : 学院 布莱顿和苏塞克斯医学院 有 0 个专业
2026-01-12 15:41:55.516 INFO  [http-nio-8080-exec-10] c.s.s.faculty.FacultyServiceImpl : 开始获取学院 心理学院 (ID: 964) 的专业列表
2026-01-12 15:41:55.516 INFO  [http-nio-8080-exec-5] c.s.s.faculty.FacultyServiceImpl : 学院 物理系 有 4 个专业
2026-01-12 15:41:55.516 INFO  [http-nio-8080-exec-5] c.s.s.faculty.FacultyServiceImpl : 开始获取学院 环境与可持续发展中心 (ID: 1037) 的专业列表
2026-01-12 15:41:55.516 INFO  [http-nio-8080-exec-10] c.s.s.faculty.FacultyServiceImpl : 学院 心理学院 有 0 个专业
2026-01-12 15:41:55.516 INFO  [http-nio-8080-exec-10] c.s.s.faculty.FacultyServiceImpl : 开始获取学院 教育与社会工作学院 (ID: 965) 的专业列表
2026-01-12 15:41:55.516 INFO  [http-nio-8080-exec-1] c.s.s.faculty.FacultyServiceImpl : 学院 计算机科学系 有 5 个专业
2026-01-12 15:41:55.516 INFO  [http-nio-8080-exec-1] c.s.s.faculty.FacultyServiceImpl : 开始获取学院 设计系 (ID: 1026) 的专业列表
2026-01-12 15:41:55.516 INFO  [http-nio-8080-exec-10] c.s.s.faculty.FacultyServiceImpl : 学院 教育与社会工作学院 有 0 个专业
2026-01-12 15:41:55.517 INFO  [http-nio-8080-exec-10] c.s.s.faculty.FacultyServiceImpl : 开始获取学院 数学与物理科学学院 (ID: 966) 的专业列表
2026-01-12 15:41:55.517 INFO  [http-nio-8080-exec-6] c.s.s.faculty.FacultyServiceImpl : 学院 地理科学学院 有 15 个专业
2026-01-12 15:41:55.517 INFO  [http-nio-8080-exec-6] c.s.s.faculty.FacultyServiceImpl : 开始获取学院 工程学院 (ID: 685) 的专业列表
2026-01-12 15:41:55.517 INFO  [http-nio-8080-exec-10] c.s.s.faculty.FacultyServiceImpl : 学院 数学与物理科学学院 有 0 个专业
2026-01-12 15:41:55.518 INFO  [http-nio-8080-exec-10] c.s.s.faculty.FacultyServiceImpl : 开始获取学院 法律、政治与社会学学院 (ID: 967) 的专业列表
2026-01-12 15:41:55.518 INFO  [http-nio-8080-exec-5] c.s.s.faculty.FacultyServiceImpl : 学院 环境与可持续发展中心 有 8 个专业
2026-01-12 15:41:55.518 INFO  [http-nio-8080-exec-5] c.s.s.faculty.FacultyServiceImpl : 开始获取学院 生物科学和医学学院 (ID: 1038) 的专业列表
2026-01-12 15:41:55.518 INFO  [http-nio-8080-exec-10] c.s.s.faculty.FacultyServiceImpl : 学院 法律、政治与社会学学院 有 0 个专业
2026-01-12 15:41:55.518 INFO  [http-nio-8080-exec-10] c.s.s.faculty.FacultyServiceImpl : 开始获取学院 生命科学学院 (ID: 968) 的专业列表
2026-01-12 15:41:55.518 INFO  [http-nio-8080-exec-1] c.s.s.faculty.FacultyServiceImpl : 学院 设计系 有 4 个专业
2026-01-12 15:41:55.518 INFO  [http-nio-8080-exec-1] c.s.service.schools.SchoolController : 成功获取到院校 42 的 26 个学院
2026-01-12 15:41:55.521 INFO  [http-nio-8080-exec-10] c.s.s.faculty.FacultyServiceImpl : 学院 生命科学学院 有 0 个专业
2026-01-12 15:41:55.521 INFO  [http-nio-8080-exec-10] c.s.service.schools.SchoolController : 成功获取到院校 36 的 10 个学院
2026-01-12 15:41:55.522 INFO  [http-nio-8080-exec-2] c.s.s.faculty.FacultyServiceImpl : 学院 商学院 有 22 个专业
2026-01-12 15:41:55.522 INFO  [http-nio-8080-exec-2] c.s.s.faculty.FacultyServiceImpl : 开始获取学院 工程和物理科学学院 (ID: 363) 的专业列表
2026-01-12 15:41:55.523 INFO  [http-nio-8080-exec-5] c.s.s.faculty.FacultyServiceImpl : 学院 生物科学和医学学院 有 2 个专业
2026-01-12 15:41:55.523 INFO  [http-nio-8080-exec-5] c.s.s.faculty.FacultyServiceImpl : 开始获取学院 电气和电子工程系 (ID: 1039) 的专业列表
2026-01-12 15:41:55.526 INFO  [http-nio-8080-exec-6] c.s.s.faculty.FacultyServiceImpl : 学院 工程学院 有 19 个专业
2026-01-12 15:41:55.526 INFO  [http-nio-8080-exec-6] c.s.s.faculty.FacultyServiceImpl : 开始获取学院 心理学院 (ID: 686) 的专业列表
2026-01-12 15:41:55.526 INFO  [http-nio-8080-exec-2] c.s.s.faculty.FacultyServiceImpl : 学院 工程和物理科学学院 有 12 个专业
2026-01-12 15:41:55.526 INFO  [http-nio-8080-exec-2] c.s.s.faculty.FacultyServiceImpl : 开始获取学院 能源、地球科学、基础设施与社会学院 (ID: 364) 的专业列表
2026-01-12 15:41:55.527 INFO  [http-nio-8080-exec-5] c.s.s.faculty.FacultyServiceImpl : 学院 电气和电子工程系 有 8 个专业
2026-01-12 15:41:55.527 INFO  [http-nio-8080-exec-5] c.s.s.faculty.FacultyServiceImpl : 开始获取学院 社会学系 (ID: 1040) 的专业列表
2026-01-12 15:41:55.528 INFO  [http-nio-8080-exec-8] c.s.service.schools.SchoolController : 开始获取院校 60 的学院列表
2026-01-12 15:41:55.528 INFO  [http-nio-8080-exec-9] c.s.service.schools.SchoolController : 开始获取院校 62 的学院列表
2026-01-12 15:41:55.529 INFO  [http-nio-8080-exec-9] c.s.s.faculty.FacultyServiceImpl : 开始获取院校ID为 62 的学院列表
2026-01-12 15:41:55.529 INFO  [http-nio-8080-exec-8] c.s.s.faculty.FacultyServiceImpl : 开始获取院校ID为 60 的学院列表
2026-01-12 15:41:55.529 INFO  [http-nio-8080-exec-3] c.s.service.schools.SchoolController : 开始获取院校 77 的学院列表
2026-01-12 15:41:55.529 INFO  [http-nio-8080-exec-3] c.s.s.faculty.FacultyServiceImpl : 开始获取院校ID为 77 的学院列表
2026-01-12 15:41:55.530 INFO  [http-nio-8080-exec-5] c.s.s.faculty.FacultyServiceImpl : 学院 社会学系 有 1 个专业
2026-01-12 15:41:55.530 INFO  [http-nio-8080-exec-5] c.s.s.faculty.FacultyServiceImpl : 开始获取学院 经济学院 (ID: 1041) 的专业列表
2026-01-12 15:41:55.531 INFO  [http-nio-8080-exec-5] c.s.s.faculty.FacultyServiceImpl : 学院 经济学院 有 2 个专业
2026-01-12 15:41:55.531 INFO  [http-nio-8080-exec-5] c.s.s.faculty.FacultyServiceImpl : 开始获取学院 翻译研究中心 (ID: 1042) 的专业列表
2026-01-12 15:41:55.533 INFO  [http-nio-8080-exec-6] c.s.s.faculty.FacultyServiceImpl : 学院 心理学院 有 22 个专业
2026-01-12 15:41:55.533 INFO  [http-nio-8080-exec-6] c.s.s.faculty.FacultyServiceImpl : 开始获取学院 法学院 (ID: 687) 的专业列表
2026-01-12 15:41:55.533 INFO  [http-nio-8080-exec-5] c.s.s.faculty.FacultyServiceImpl : 学院 翻译研究中心 有 2 个专业
2026-01-12 15:41:55.533 INFO  [http-nio-8080-exec-9] c.s.s.faculty.FacultyServiceImpl : 找到 11 个学院
2026-01-12 15:41:55.533 INFO  [http-nio-8080-exec-3] c.s.s.faculty.FacultyServiceImpl : 找到 19 个学院
2026-01-12 15:41:55.533 INFO  [http-nio-8080-exec-3] c.s.s.faculty.FacultyServiceImpl : 开始获取学院 体育、教育与健康学院 (ID: 513) 的专业列表
2026-01-12 15:41:55.533 INFO  [http-nio-8080-exec-5] c.s.s.faculty.FacultyServiceImpl : 开始获取学院 萨里商学院 (ID: 1043) 的专业列表
2026-01-12 15:41:55.533 INFO  [http-nio-8080-exec-9] c.s.s.faculty.FacultyServiceImpl : 开始获取学院 健康与社会护理学院 (ID: 655) 的专业列表
2026-01-12 15:41:55.534 INFO  [http-nio-8080-exec-2] c.s.s.faculty.FacultyServiceImpl : 学院 能源、地球科学、基础设施与社会学院 有 23 个专业
2026-01-12 15:41:55.534 INFO  [http-nio-8080-exec-2] c.s.s.faculty.FacultyServiceImpl : 开始获取学院 数学与计算机科学学院 (ID: 365) 的专业列表
2026-01-12 15:41:55.535 INFO  [http-nio-8080-exec-6] c.s.s.faculty.FacultyServiceImpl : 学院 法学院 有 2 个专业
2026-01-12 15:41:55.535 INFO  [http-nio-8080-exec-6] c.s.s.faculty.FacultyServiceImpl : 开始获取学院 生物科学学院 (ID: 688) 的专业列表
2026-01-12 15:41:55.535 INFO  [http-nio-8080-exec-9] c.s.s.faculty.FacultyServiceImpl : 学院 健康与社会护理学院 有 3 个专业
2026-01-12 15:41:55.535 INFO  [http-nio-8080-exec-9] c.s.s.faculty.FacultyServiceImpl : 开始获取学院 医学院 (ID: 656) 的专业列表
2026-01-12 15:41:55.536 INFO  [http-nio-8080-exec-3] c.s.s.faculty.FacultyServiceImpl : 学院 体育、教育与健康学院 有 5 个专业
2026-01-12 15:41:55.536 INFO  [http-nio-8080-exec-3] c.s.s.faculty.FacultyServiceImpl : 开始获取学院 数学、计算机科学与工程学院 (ID: 514) 的专业列表
2026-01-12 15:41:55.536 INFO  [http-nio-8080-exec-8] c.s.s.faculty.FacultyServiceImpl : 找到 22 个学院
2026-01-12 15:41:55.536 INFO  [http-nio-8080-exec-8] c.s.s.faculty.FacultyServiceImpl : 开始获取学院 人口健康科学学院 (ID: 268) 的专业列表
2026-01-12 15:41:55.536 INFO  [http-nio-8080-exec-3] c.s.s.faculty.FacultyServiceImpl : 学院 数学、计算机科学与工程学院 有 0 个专业
2026-01-12 15:41:55.536 INFO  [http-nio-8080-exec-3] c.s.s.faculty.FacultyServiceImpl : 开始获取学院 建筑学院 (ID: 515) 的专业列表
2026-01-12 15:41:55.536 INFO  [http-nio-8080-exec-5] c.s.s.faculty.FacultyServiceImpl : 学院 萨里商学院 有 17 个专业
2026-01-12 15:41:55.536 INFO  [http-nio-8080-exec-5] c.s.s.faculty.FacultyServiceImpl : 开始获取学院 视觉、语音和信号处理中心 (ID: 1044) 的专业列表
2026-01-12 15:41:55.537 INFO  [http-nio-8080-exec-8] c.s.s.faculty.FacultyServiceImpl : 学院 人口健康科学学院 有 1 个专业
2026-01-12 15:41:55.537 INFO  [http-nio-8080-exec-8] c.s.s.faculty.FacultyServiceImpl : 开始获取学院 健康科学系 (ID: 269) 的专业列表
2026-01-12 15:41:55.537 INFO  [http-nio-8080-exec-2] c.s.s.faculty.FacultyServiceImpl : 学院 数学与计算机科学学院 有 22 个专业
2026-01-12 15:41:55.537 INFO  [http-nio-8080-exec-2] c.s.s.faculty.FacultyServiceImpl : 开始获取学院 社会科学学院 (ID: 366) 的专业列表
2026-01-12 15:41:55.537 INFO  [http-nio-8080-exec-9] c.s.s.faculty.FacultyServiceImpl : 学院 医学院 有 11 个专业
2026-01-12 15:41:55.537 INFO  [http-nio-8080-exec-9] c.s.s.faculty.FacultyServiceImpl : 开始获取学院 工程与应用科学学院 (ID: 657) 的专业列表
2026-01-12 15:41:55.537 INFO  [http-nio-8080-exec-5] c.s.s.faculty.FacultyServiceImpl : 学院 视觉、语音和信号处理中心 有 1 个专业
2026-01-12 15:41:55.537 INFO  [http-nio-8080-exec-5] c.s.s.faculty.FacultyServiceImpl : 开始获取学院 计算机科学系 (ID: 1045) 的专业列表
2026-01-12 15:41:55.537 INFO  [http-nio-8080-exec-3] c.s.s.faculty.FacultyServiceImpl : 学院 建筑学院 有 6 个专业
2026-01-12 15:41:55.537 INFO  [http-nio-8080-exec-3] c.s.s.faculty.FacultyServiceImpl : 开始获取学院 建筑环境学院 (ID: 516) 的专业列表
2026-01-12 15:41:55.537 INFO  [http-nio-8080-exec-8] c.s.s.faculty.FacultyServiceImpl : 学院 健康科学系 有 2 个专业
2026-01-12 15:41:55.537 INFO  [http-nio-8080-exec-8] c.s.s.faculty.FacultyServiceImpl : 开始获取学院 医学院 (ID: 270) 的专业列表
2026-01-12 15:41:55.538 INFO  [http-nio-8080-exec-6] c.s.s.faculty.FacultyServiceImpl : 学院 生物科学学院 有 20 个专业
2026-01-12 15:41:55.538 INFO  [http-nio-8080-exec-6] c.s.s.faculty.FacultyServiceImpl : 开始获取学院 社会科学学院 (ID: 689) 的专业列表
2026-01-12 15:41:55.538 INFO  [http-nio-8080-exec-8] c.s.s.faculty.FacultyServiceImpl : 学院 医学院 有 1 个专业
2026-01-12 15:41:55.538 INFO  [http-nio-8080-exec-5] c.s.s.faculty.FacultyServiceImpl : 学院 计算机科学系 有 4 个专业
2026-01-12 15:41:55.538 INFO  [http-nio-8080-exec-5] c.s.s.faculty.FacultyServiceImpl : 开始获取学院 音乐与传媒系 (ID: 1046) 的专业列表
2026-01-12 15:41:55.538 INFO  [http-nio-8080-exec-8] c.s.s.faculty.FacultyServiceImpl : 开始获取学院 博物馆研究学院 (ID: 271) 的专业列表
2026-01-12 15:41:55.538 INFO  [http-nio-8080-exec-9] c.s.s.faculty.FacultyServiceImpl : 学院 工程与应用科学学院 有 7 个专业
2026-01-12 15:41:55.538 INFO  [http-nio-8080-exec-9] c.s.s.faculty.FacultyServiceImpl : 开始获取学院 心理学学院 (ID: 658) 的专业列表
2026-01-12 15:41:55.538 INFO  [http-nio-8080-exec-2] c.s.s.faculty.FacultyServiceImpl : 学院 社会科学学院 有 12 个专业
2026-01-12 15:41:55.538 INFO  [http-nio-8080-exec-2] c.s.s.faculty.FacultyServiceImpl : 开始获取学院 纺织与设计学院 (ID: 367) 的专业列表
2026-01-12 15:41:55.538 INFO  [http-nio-8080-exec-6] c.s.s.faculty.FacultyServiceImpl : 学院 社会科学学院 有 5 个专业
2026-01-12 15:41:55.538 INFO  [http-nio-8080-exec-6] c.s.s.faculty.FacultyServiceImpl : 开始获取学院 神学、历史、哲学和艺术史学院 (ID: 690) 的专业列表
2026-01-12 15:41:55.539 INFO  [http-nio-8080-exec-5] c.s.s.faculty.FacultyServiceImpl : 学院 音乐与传媒系 有 2 个专业
2026-01-12 15:41:55.539 INFO  [http-nio-8080-exec-5] c.s.s.faculty.FacultyServiceImpl : 开始获取学院 酒店和旅游管理学院 (ID: 1113) 的专业列表
2026-01-12 15:41:55.539 INFO  [http-nio-8080-exec-8] c.s.s.faculty.FacultyServiceImpl : 学院 博物馆研究学院 有 1 个专业
2026-01-12 15:41:55.540 INFO  [http-nio-8080-exec-9] c.s.s.faculty.FacultyServiceImpl : 学院 心理学学院 有 4 个专业
2026-01-12 15:41:55.540 INFO  [http-nio-8080-exec-8] c.s.s.faculty.FacultyServiceImpl : 开始获取学院 历史学院 (ID: 272) 的专业列表
2026-01-12 15:41:55.541 INFO  [http-nio-8080-exec-9] c.s.s.faculty.FacultyServiceImpl : 开始获取学院 数学与计算机科学学院 (ID: 659) 的专业列表
2026-01-12 15:41:55.541 INFO  [http-nio-8080-exec-3] c.s.s.faculty.FacultyServiceImpl : 学院 建筑环境学院 有 12 个专业
2026-01-12 15:41:55.541 INFO  [http-nio-8080-exec-3] c.s.s.faculty.FacultyServiceImpl : 开始获取学院 心理学、社会工作与公共卫生学院 (ID: 517) 的专业列表
2026-01-12 15:41:55.541 INFO  [http-nio-8080-exec-2] c.s.s.faculty.FacultyServiceImpl : 学院 纺织与设计学院 有 6 个专业
2026-01-12 15:41:55.541 INFO  [http-nio-8080-exec-2] c.s.service.schools.SchoolController : 成功获取到院校 64 的 6 个学院
2026-01-12 15:41:55.542 INFO  [http-nio-8080-exec-6] c.s.s.faculty.FacultyServiceImpl : 学院 神学、历史、哲学和艺术史学院 有 9 个专业
2026-01-12 15:41:55.542 INFO  [http-nio-8080-exec-6] c.s.s.faculty.FacultyServiceImpl : 开始获取学院 自然与计算科学学院 (ID: 691) 的专业列表
2026-01-12 15:41:55.542 INFO  [http-nio-8080-exec-5] c.s.s.faculty.FacultyServiceImpl : 学院 酒店和旅游管理学院 有 5 个专业
2026-01-12 15:41:55.542 INFO  [http-nio-8080-exec-5] c.s.service.schools.SchoolController : 成功获取到院校 37 的 21 个学院
2026-01-12 15:41:55.542 INFO  [http-nio-8080-exec-8] c.s.s.faculty.FacultyServiceImpl : 学院 历史学院 有 5 个专业
2026-01-12 15:41:55.542 INFO  [http-nio-8080-exec-8] c.s.s.faculty.FacultyServiceImpl : 开始获取学院 商学院 (ID: 273) 的专业列表
2026-01-12 15:41:55.543 INFO  [http-nio-8080-exec-3] c.s.s.faculty.FacultyServiceImpl : 学院 心理学、社会工作与公共卫生学院 有 3 个专业
2026-01-12 15:41:55.543 INFO  [http-nio-8080-exec-3] c.s.s.faculty.FacultyServiceImpl : 开始获取学院 人文与社会科学学院 (ID: 518) 的专业列表
2026-01-12 15:41:55.544 INFO  [http-nio-8080-exec-9] c.s.s.faculty.FacultyServiceImpl : 学院 数学与计算机科学学院 有 10 个专业
2026-01-12 15:41:55.544 INFO  [http-nio-8080-exec-9] c.s.s.faculty.FacultyServiceImpl : 开始获取学院 文化与传播学院 (ID: 660) 的专业列表
2026-01-12 15:41:55.547 INFO  [http-nio-8080-exec-3] c.s.s.faculty.FacultyServiceImpl : 学院 人文与社会科学学院 有 0 个专业
2026-01-12 15:41:55.547 INFO  [http-nio-8080-exec-3] c.s.s.faculty.FacultyServiceImpl : 开始获取学院 商学院 (ID: 519) 的专业列表
2026-01-12 15:41:55.550 INFO  [http-nio-8080-exec-8] c.s.s.faculty.FacultyServiceImpl : 学院 商学院 有 8 个专业
2026-01-12 15:41:55.550 INFO  [http-nio-8080-exec-8] c.s.s.faculty.FacultyServiceImpl : 开始获取学院 地理学院 (ID: 274) 的专业列表
2026-01-12 15:41:55.552 INFO  [http-nio-8080-exec-9] c.s.s.faculty.FacultyServiceImpl : 学院 文化与传播学院 有 19 个专业
2026-01-12 15:41:55.552 INFO  [http-nio-8080-exec-9] c.s.s.faculty.FacultyServiceImpl : 开始获取学院 法学院 (ID: 661) 的专业列表
2026-01-12 15:41:55.552 INFO  [http-nio-8080-exec-1] c.s.service.schools.SchoolController : 开始获取院校 52 的学院列表
2026-01-12 15:41:55.552 INFO  [http-nio-8080-exec-1] c.s.s.faculty.FacultyServiceImpl : 开始获取院校ID为 52 的学院列表
2026-01-12 15:41:55.552 INFO  [http-nio-8080-exec-6] c.s.s.faculty.FacultyServiceImpl : 学院 自然与计算科学学院 有 13 个专业
2026-01-12 15:41:55.552 INFO  [http-nio-8080-exec-7] c.s.service.schools.SchoolController : 开始获取院校 39 的学院列表
2026-01-12 15:41:55.552 INFO  [http-nio-8080-exec-7] c.s.s.faculty.FacultyServiceImpl : 开始获取院校ID为 39 的学院列表
2026-01-12 15:41:55.552 INFO  [http-nio-8080-exec-6] c.s.s.faculty.FacultyServiceImpl : 开始获取学院 语言、文学、音乐和视觉文化学院 (ID: 692) 的专业列表
2026-01-12 15:41:55.553 INFO  [http-nio-8080-exec-3] c.s.s.faculty.FacultyServiceImpl : 学院 商学院 有 13 个专业
2026-01-12 15:41:55.553 INFO  [http-nio-8080-exec-3] c.s.s.faculty.FacultyServiceImpl : 开始获取学院 生物与医学科学学院 (ID: 520) 的专业列表
2026-01-12 15:41:55.555 INFO  [http-nio-8080-exec-6] c.s.s.faculty.FacultyServiceImpl : 学院 语言、文学、音乐和视觉文化学院 有 0 个专业
2026-01-12 15:41:55.555 INFO  [http-nio-8080-exec-6] c.s.service.schools.SchoolController : 成功获取到院校 65 的 11 个学院
2026-01-12 15:41:55.555 INFO  [http-nio-8080-exec-3] c.s.s.faculty.FacultyServiceImpl : 学院 生物与医学科学学院 有 2 个专业
2026-01-12 15:41:55.555 INFO  [http-nio-8080-exec-3] c.s.s.faculty.FacultyServiceImpl : 开始获取学院 法律与社会科学学院 (ID: 521) 的专业列表
2026-01-12 15:41:55.556 INFO  [http-nio-8080-exec-8] c.s.s.faculty.FacultyServiceImpl : 学院 地理学院 有 4 个专业
2026-01-12 15:41:55.556 INFO  [http-nio-8080-exec-8] c.s.s.faculty.FacultyServiceImpl : 开始获取学院 媒体和传播学院 (ID: 275) 的专业列表
2026-01-12 15:41:55.556 INFO  [http-nio-8080-exec-9] c.s.s.faculty.FacultyServiceImpl : 学院 法学院 有 11 个专业
2026-01-12 15:41:55.556 INFO  [http-nio-8080-exec-9] c.s.s.faculty.FacultyServiceImpl : 开始获取学院 生物科学、地理和物理学院 (ID: 662) 的专业列表
2026-01-12 15:41:55.558 INFO  [http-nio-8080-exec-3] c.s.s.faculty.FacultyServiceImpl : 学院 法律与社会科学学院 有 1 个专业
2026-01-12 15:41:55.558 INFO  [http-nio-8080-exec-3] c.s.s.faculty.FacultyServiceImpl : 开始获取学院 应用科学学院 (ID: 522) 的专业列表
2026-01-12 15:41:55.558 INFO  [http-nio-8080-exec-7] c.s.s.faculty.FacultyServiceImpl : 找到 5 个学院
2026-01-12 15:41:55.558 INFO  [http-nio-8080-exec-7] c.s.s.faculty.FacultyServiceImpl : 开始获取学院 医学与健康科学学院 (ID: 969) 的专业列表
2026-01-12 15:41:55.559 INFO  [http-nio-8080-exec-3] c.s.s.faculty.FacultyServiceImpl : 学院 应用科学学院 有 0 个专业
2026-01-12 15:41:55.559 INFO  [http-nio-8080-exec-3] c.s.s.faculty.FacultyServiceImpl : 开始获取学院 艺术学院 (ID: 523) 的专业列表
2026-01-12 15:41:55.559 INFO  [http-nio-8080-exec-7] c.s.s.faculty.FacultyServiceImpl : 学院 医学与健康科学学院 有 0 个专业
2026-01-12 15:41:55.559 INFO  [http-nio-8080-exec-7] c.s.s.faculty.FacultyServiceImpl : 开始获取学院 商学院 (ID: 970) 的专业列表
2026-01-12 15:41:55.559 INFO  [http-nio-8080-exec-8] c.s.s.faculty.FacultyServiceImpl : 学院 媒体和传播学院 有 6 个专业
2026-01-12 15:41:55.559 INFO  [http-nio-8080-exec-8] c.s.s.faculty.FacultyServiceImpl : 开始获取学院 工程学院 (ID: 276) 的专业列表
2026-01-12 15:41:55.559 INFO  [http-nio-8080-exec-9] c.s.s.faculty.FacultyServiceImpl : 学院 生物科学、地理和物理学院 有 5 个专业
2026-01-12 15:41:55.559 INFO  [http-nio-8080-exec-9] c.s.s.faculty.FacultyServiceImpl : 开始获取学院 社会科学学院 (ID: 663) 的专业列表
2026-01-12 15:41:55.559 INFO  [http-nio-8080-exec-1] c.s.s.faculty.FacultyServiceImpl : 找到 8 个学院
2026-01-12 15:41:55.559 INFO  [http-nio-8080-exec-1] c.s.s.faculty.FacultyServiceImpl : 开始获取学院 伯贝克商学院 (ID: 588) 的专业列表
2026-01-12 15:41:55.559 INFO  [http-nio-8080-exec-7] c.s.s.faculty.FacultyServiceImpl : 学院 商学院 有 0 个专业
2026-01-12 15:41:55.560 INFO  [http-nio-8080-exec-7] c.s.s.faculty.FacultyServiceImpl : 开始获取学院 理学院 (ID: 971) 的专业列表
2026-01-12 15:41:55.561 INFO  [http-nio-8080-exec-1] c.s.s.faculty.FacultyServiceImpl : 学院 伯贝克商学院 有 0 个专业
2026-01-12 15:41:55.561 INFO  [http-nio-8080-exec-1] c.s.s.faculty.FacultyServiceImpl : 开始获取学院 伯贝克法学院 (ID: 589) 的专业列表
2026-01-12 15:41:55.561 INFO  [http-nio-8080-exec-7] c.s.s.faculty.FacultyServiceImpl : 学院 理学院 有 0 个专业
2026-01-12 15:41:55.561 INFO  [http-nio-8080-exec-7] c.s.s.faculty.FacultyServiceImpl : 开始获取学院 社会科学学院 (ID: 972) 的专业列表
2026-01-12 15:41:55.563 INFO  [http-nio-8080-exec-3] c.s.s.faculty.FacultyServiceImpl : 学院 艺术学院 有 5 个专业
2026-01-12 15:41:55.563 INFO  [http-nio-8080-exec-3] c.s.s.faculty.FacultyServiceImpl : 开始获取学院 工程、计算机和数学学院 (ID: 1114) 的专业列表
2026-01-12 15:41:55.563 INFO  [http-nio-8080-exec-7] c.s.s.faculty.FacultyServiceImpl : 学院 社会科学学院 有 0 个专业
2026-01-12 15:41:55.563 INFO  [http-nio-8080-exec-7] c.s.s.faculty.FacultyServiceImpl : 开始获取学院 艺术和人文学院 (ID: 973) 的专业列表
2026-01-12 15:41:55.564 INFO  [http-nio-8080-exec-1] c.s.s.faculty.FacultyServiceImpl : 学院 伯贝克法学院 有 0 个专业
2026-01-12 15:41:55.564 INFO  [http-nio-8080-exec-1] c.s.s.faculty.FacultyServiceImpl : 开始获取学院 创意艺术、文化与传播学院 (ID: 590) 的专业列表
2026-01-12 15:41:55.564 INFO  [http-nio-8080-exec-7] c.s.s.faculty.FacultyServiceImpl : 学院 艺术和人文学院 有 0 个专业
2026-01-12 15:41:55.565 INFO  [http-nio-8080-exec-7] c.s.service.schools.SchoolController : 成功获取到院校 39 的 5 个学院
2026-01-12 15:41:55.565 INFO  [http-nio-8080-exec-1] c.s.s.faculty.FacultyServiceImpl : 学院 创意艺术、文化与传播学院 有 0 个专业
2026-01-12 15:41:55.565 INFO  [http-nio-8080-exec-1] c.s.s.faculty.FacultyServiceImpl : 开始获取学院 历史研究学院 (ID: 591) 的专业列表
2026-01-12 15:41:55.565 INFO  [http-nio-8080-exec-10] c.s.service.schools.SchoolController : 开始获取院校 68 的学院列表
2026-01-12 15:41:55.565 INFO  [http-nio-8080-exec-10] c.s.s.faculty.FacultyServiceImpl : 开始获取院校ID为 68 的学院列表
2026-01-12 15:41:55.566 INFO  [http-nio-8080-exec-3] c.s.s.faculty.FacultyServiceImpl : 学院 工程、计算机和数学学院 有 10 个专业
2026-01-12 15:41:55.566 INFO  [http-nio-8080-exec-3] c.s.s.faculty.FacultyServiceImpl : 开始获取学院 心理学，健康与专业发展系 (ID: 1115) 的专业列表
2026-01-12 15:41:55.566 INFO  [http-nio-8080-exec-9] c.s.s.faculty.FacultyServiceImpl : 学院 社会科学学院 有 16 个专业
2026-01-12 15:41:55.567 INFO  [http-nio-8080-exec-9] c.s.s.faculty.FacultyServiceImpl : 开始获取学院 管理学院 (ID: 664) 的专业列表
2026-01-12 15:41:55.567 INFO  [http-nio-8080-exec-1] c.s.s.faculty.FacultyServiceImpl : 学院 历史研究学院 有 0 个专业
2026-01-12 15:41:55.567 INFO  [http-nio-8080-exec-1] c.s.s.faculty.FacultyServiceImpl : 开始获取学院 心理科学学院 (ID: 592) 的专业列表
2026-01-12 15:41:55.567 INFO  [http-nio-8080-exec-8] c.s.s.faculty.FacultyServiceImpl : 学院 工程学院 有 16 个专业
2026-01-12 15:41:55.567 INFO  [http-nio-8080-exec-8] c.s.s.faculty.FacultyServiceImpl : 开始获取学院 心理学和视觉科学学院 (ID: 277) 的专业列表
2026-01-12 15:41:55.568 INFO  [http-nio-8080-exec-1] c.s.s.faculty.FacultyServiceImpl : 学院 心理科学学院 有 0 个专业
2026-01-12 15:41:55.568 INFO  [http-nio-8080-exec-1] c.s.s.faculty.FacultyServiceImpl : 开始获取学院 社会科学学院 (ID: 593) 的专业列表
2026-01-12 15:41:55.568 INFO  [http-nio-8080-exec-3] c.s.s.faculty.FacultyServiceImpl : 学院 心理学，健康与专业发展系 有 2 个专业
2026-01-12 15:41:55.568 INFO  [http-nio-8080-exec-3] c.s.s.faculty.FacultyServiceImpl : 开始获取学院 护理和助产士学院 (ID: 1116) 的专业列表
2026-01-12 15:41:55.570 INFO  [http-nio-8080-exec-10] c.s.s.faculty.FacultyServiceImpl : 找到 4 个学院
2026-01-12 15:41:55.571 INFO  [http-nio-8080-exec-10] c.s.s.faculty.FacultyServiceImpl : 开始获取学院 健康与生命科学学院 (ID: 295) 的专业列表
2026-01-12 15:41:55.571 INFO  [http-nio-8080-exec-3] c.s.s.faculty.FacultyServiceImpl : 学院 护理和助产士学院 有 2 个专业
2026-01-12 15:41:55.571 INFO  [http-nio-8080-exec-3] c.s.s.faculty.FacultyServiceImpl : 开始获取学院 教育、人文和语言学院 (ID: 1117) 的专业列表
2026-01-12 15:41:55.570 INFO  [http-nio-8080-exec-1] c.s.s.faculty.FacultyServiceImpl : 学院 社会科学学院 有 0 个专业
2026-01-12 15:41:55.571 INFO  [http-nio-8080-exec-8] c.s.s.faculty.FacultyServiceImpl : 学院 心理学和视觉科学学院 有 1 个专业
2026-01-12 15:41:55.571 INFO  [http-nio-8080-exec-1] c.s.s.faculty.FacultyServiceImpl : 开始获取学院 自然科学学院 (ID: 594) 的专业列表
2026-01-12 15:41:55.571 INFO  [http-nio-8080-exec-8] c.s.s.faculty.FacultyServiceImpl : 开始获取学院 政治和国际关系学院 (ID: 278) 的专业列表
2026-01-12 15:41:55.571 INFO  [http-nio-8080-exec-4] c.s.service.schools.SchoolController : 开始获取院校 58 的学院列表
2026-01-12 15:41:55.571 INFO  [http-nio-8080-exec-4] c.s.s.faculty.FacultyServiceImpl : 开始获取院校ID为 58 的学院列表
2026-01-12 15:41:55.572 INFO  [http-nio-8080-exec-1] c.s.s.faculty.FacultyServiceImpl : 学院 自然科学学院 有 0 个专业
2026-01-12 15:41:55.572 INFO  [http-nio-8080-exec-1] c.s.s.faculty.FacultyServiceImpl : 开始获取学院 计算机与数学科学学院 (ID: 595) 的专业列表
2026-01-12 15:41:55.572 INFO  [http-nio-8080-exec-10] c.s.s.faculty.FacultyServiceImpl : 学院 健康与生命科学学院 有 0 个专业
2026-01-12 15:41:55.572 INFO  [http-nio-8080-exec-10] c.s.s.faculty.FacultyServiceImpl : 开始获取学院 商学院 (ID: 296) 的专业列表
2026-01-12 15:41:55.572 INFO  [http-nio-8080-exec-3] c.s.s.faculty.FacultyServiceImpl : 学院 教育、人文和语言学院 有 2 个专业
2026-01-12 15:41:55.572 INFO  [http-nio-8080-exec-3] c.s.s.faculty.FacultyServiceImpl : 开始获取学院 法学院 (ID: 1118) 的专业列表
2026-01-12 15:41:55.572 INFO  [http-nio-8080-exec-1] c.s.s.faculty.FacultyServiceImpl : 学院 计算机与数学科学学院 有 0 个专业
2026-01-12 15:41:55.572 INFO  [http-nio-8080-exec-1] c.s.service.schools.SchoolController : 成功获取到院校 52 的 8 个学院
2026-01-12 15:41:55.572 INFO  [http-nio-8080-exec-8] c.s.s.faculty.FacultyServiceImpl : 学院 政治和国际关系学院 有 3 个专业
2026-01-12 15:41:55.572 INFO  [http-nio-8080-exec-8] c.s.s.faculty.FacultyServiceImpl : 开始获取学院 教育学院 (ID: 279) 的专业列表
2026-01-12 15:41:55.572 INFO  [http-nio-8080-exec-10] c.s.s.faculty.FacultyServiceImpl : 学院 商学院 有 0 个专业
2026-01-12 15:41:55.572 INFO  [http-nio-8080-exec-10] c.s.s.faculty.FacultyServiceImpl : 开始获取学院 生命与健康科学学院 (ID: 469) 的专业列表
2026-01-12 15:41:55.572 INFO  [http-nio-8080-exec-9] c.s.s.faculty.FacultyServiceImpl : 学院 管理学院 有 25 个专业
2026-01-12 15:41:55.572 INFO  [http-nio-8080-exec-9] c.s.s.faculty.FacultyServiceImpl : 开始获取学院 航空航天、土木、电气与机械工程学院 (ID: 665) 的专业列表
2026-01-12 15:41:55.574 INFO  [http-nio-8080-exec-3] c.s.s.faculty.FacultyServiceImpl : 学院 法学院 有 1 个专业
2026-01-12 15:41:55.575 INFO  [http-nio-8080-exec-3] c.s.s.faculty.FacultyServiceImpl : 开始获取学院 社会科学学院 (ID: 1119) 的专业列表
2026-01-12 15:41:55.575 INFO  [http-nio-8080-exec-10] c.s.s.faculty.FacultyServiceImpl : 学院 生命与健康科学学院 有 0 个专业
2026-01-12 15:41:55.575 INFO  [http-nio-8080-exec-10] c.s.s.faculty.FacultyServiceImpl : 开始获取学院 语言与社会科学学院 (ID: 470) 的专业列表
2026-01-12 15:41:55.576 INFO  [http-nio-8080-exec-8] c.s.s.faculty.FacultyServiceImpl : 学院 教育学院 有 1 个专业
2026-01-12 15:41:55.576 INFO  [http-nio-8080-exec-8] c.s.s.faculty.FacultyServiceImpl : 开始获取学院 数学科学学院 (ID: 280) 的专业列表
2026-01-12 15:41:55.576 INFO  [http-nio-8080-exec-3] c.s.s.faculty.FacultyServiceImpl : 学院 社会科学学院 有 1 个专业
2026-01-12 15:41:55.576 INFO  [http-nio-8080-exec-3] c.s.s.faculty.FacultyServiceImpl : 开始获取学院 英语和现代语言系 (ID: 1120) 的专业列表
2026-01-12 15:41:55.576 INFO  [http-nio-8080-exec-10] c.s.s.faculty.FacultyServiceImpl : 学院 语言与社会科学学院 有 0 个专业
2026-01-12 15:41:55.576 INFO  [http-nio-8080-exec-10] c.s.service.schools.SchoolController : 成功获取到院校 68 的 4 个学院
2026-01-12 15:41:55.577 INFO  [http-nio-8080-exec-8] c.s.s.faculty.FacultyServiceImpl : 学院 数学科学学院 有 1 个专业
2026-01-12 15:41:55.577 INFO  [http-nio-8080-exec-8] c.s.s.faculty.FacultyServiceImpl : 开始获取学院 法学院 (ID: 281) 的专业列表
2026-01-12 15:41:55.577 INFO  [http-nio-8080-exec-5] c.s.service.schools.SchoolController : 开始获取院校 56 的学院列表
2026-01-12 15:41:55.581 INFO  [http-nio-8080-exec-5] c.s.s.faculty.FacultyServiceImpl : 开始获取院校ID为 56 的学院列表
2026-01-12 15:41:55.579 INFO  [http-nio-8080-exec-3] c.s.s.faculty.FacultyServiceImpl : 学院 英语和现代语言系 有 1 个专业
2026-01-12 15:41:55.581 INFO  [http-nio-8080-exec-3] c.s.s.faculty.FacultyServiceImpl : 开始获取学院 酒店管理硕士 (ID: 1121) 的专业列表
2026-01-12 15:41:55.582 INFO  [http-nio-8080-exec-4] c.s.s.faculty.FacultyServiceImpl : 找到 18 个学院
2026-01-12 15:41:55.582 INFO  [http-nio-8080-exec-4] c.s.s.faculty.FacultyServiceImpl : 开始获取学院 中世纪和早期现代研究中心 (ID: 244) 的专业列表
2026-01-12 15:41:55.582 INFO  [http-nio-8080-exec-3] c.s.s.faculty.FacultyServiceImpl : 学院 酒店管理硕士 有 2 个专业
2026-01-12 15:41:55.582 INFO  [http-nio-8080-exec-3] c.s.service.schools.SchoolController : 成功获取到院校 77 的 19 个学院
2026-01-12 15:41:55.582 INFO  [http-nio-8080-exec-9] c.s.s.faculty.FacultyServiceImpl : 学院 航空航天、土木、电气与机械工程学院 有 19 个专业
2026-01-12 15:41:55.582 INFO  [http-nio-8080-exec-9] c.s.service.schools.SchoolController : 成功获取到院校 62 的 11 个学院
2026-01-12 15:41:55.582 INFO  [http-nio-8080-exec-4] c.s.s.faculty.FacultyServiceImpl : 学院 中世纪和早期现代研究中心 有 0 个专业
2026-01-12 15:41:55.582 INFO  [http-nio-8080-exec-4] c.s.s.faculty.FacultyServiceImpl : 开始获取学院 人文学院 (ID: 245) 的专业列表
2026-01-12 15:41:55.583 INFO  [http-nio-8080-exec-8] c.s.s.faculty.FacultyServiceImpl : 学院 法学院 有 7 个专业
2026-01-12 15:41:55.583 INFO  [http-nio-8080-exec-8] c.s.s.faculty.FacultyServiceImpl : 开始获取学院 物理和天文学学院 (ID: 282) 的专业列表
2026-01-12 15:41:55.583 INFO  [http-nio-8080-exec-4] c.s.s.faculty.FacultyServiceImpl : 学院 人文学院 有 0 个专业
2026-01-12 15:41:55.583 INFO  [http-nio-8080-exec-4] c.s.s.faculty.FacultyServiceImpl : 开始获取学院 人类学和保护学院 (ID: 246) 的专业列表
2026-01-12 15:41:55.583 INFO  [http-nio-8080-exec-2] c.s.service.schools.SchoolController : 开始获取院校 107 的学院列表
2026-01-12 15:41:55.583 INFO  [http-nio-8080-exec-2] c.s.s.faculty.FacultyServiceImpl : 开始获取院校ID为 107 的学院列表
2026-01-12 15:41:55.583 INFO  [http-nio-8080-exec-8] c.s.s.faculty.FacultyServiceImpl : 学院 物理和天文学学院 有 1 个专业
2026-01-12 15:41:55.585 INFO  [http-nio-8080-exec-8] c.s.s.faculty.FacultyServiceImpl : 开始获取学院 犯罪学学院 (ID: 283) 的专业列表
2026-01-12 15:41:55.585 INFO  [http-nio-8080-exec-5] c.s.s.faculty.FacultyServiceImpl : 找到 8 个学院
2026-01-12 15:41:55.586 INFO  [http-nio-8080-exec-5] c.s.s.faculty.FacultyServiceImpl : 开始获取学院 人文、社会科学和法律学院 (ID: 236) 的专业列表
2026-01-12 15:41:55.585 INFO  [http-nio-8080-exec-4] c.s.s.faculty.FacultyServiceImpl : 学院 人类学和保护学院 有 0 个专业
2026-01-12 15:41:55.587 INFO  [http-nio-8080-exec-4] c.s.s.faculty.FacultyServiceImpl : 开始获取学院 历史学院 (ID: 247) 的专业列表
2026-01-12 15:41:55.588 INFO  [http-nio-8080-exec-5] c.s.s.faculty.FacultyServiceImpl : 学院 人文、社会科学和法律学院 有 0 个专业
2026-01-12 15:41:55.588 INFO  [http-nio-8080-exec-5] c.s.s.faculty.FacultyServiceImpl : 开始获取学院 健康科学学院 (ID: 237) 的专业列表
2026-01-12 15:41:55.589 INFO  [http-nio-8080-exec-8] c.s.s.faculty.FacultyServiceImpl : 学院 犯罪学学院 有 2 个专业
2026-01-12 15:41:55.589 INFO  [http-nio-8080-exec-8] c.s.s.faculty.FacultyServiceImpl : 开始获取学院 现代语言学院 (ID: 284) 的专业列表
2026-01-12 15:41:55.589 INFO  [http-nio-8080-exec-6] c.s.service.schools.SchoolController : 开始获取院校 59 的学院列表
2026-01-12 15:41:55.589 INFO  [http-nio-8080-exec-6] c.s.s.faculty.FacultyServiceImpl : 开始获取院校ID为 59 的学院列表
2026-01-12 15:41:55.589 INFO  [http-nio-8080-exec-4] c.s.s.faculty.FacultyServiceImpl : 学院 历史学院 有 0 个专业
2026-01-12 15:41:55.589 INFO  [http-nio-8080-exec-4] c.s.s.faculty.FacultyServiceImpl : 开始获取学院 工程学院 (ID: 248) 的专业列表
2026-01-12 15:41:55.589 INFO  [http-nio-8080-exec-7] c.s.service.schools.SchoolController : 开始获取院校 96 的学院列表
2026-01-12 15:41:55.589 INFO  [http-nio-8080-exec-7] c.s.s.faculty.FacultyServiceImpl : 开始获取院校ID为 96 的学院列表
2026-01-12 15:41:55.590 INFO  [http-nio-8080-exec-5] c.s.s.faculty.FacultyServiceImpl : 学院 健康科学学院 有 0 个专业
2026-01-12 15:41:55.590 INFO  [http-nio-8080-exec-5] c.s.s.faculty.FacultyServiceImpl : 开始获取学院 医学院 (ID: 238) 的专业列表
2026-01-12 15:41:55.590 INFO  [http-nio-8080-exec-8] c.s.s.faculty.FacultyServiceImpl : 学院 现代语言学院 有 2 个专业
2026-01-12 15:41:55.590 INFO  [http-nio-8080-exec-8] c.s.s.faculty.FacultyServiceImpl : 开始获取学院 生物科学学院 (ID: 285) 的专业列表
2026-01-12 15:41:55.591 INFO  [http-nio-8080-exec-4] c.s.s.faculty.FacultyServiceImpl : 学院 工程学院 有 0 个专业
2026-01-12 15:41:55.591 INFO  [http-nio-8080-exec-4] c.s.s.faculty.FacultyServiceImpl : 开始获取学院 心理学学院 (ID: 249) 的专业列表
2026-01-12 15:41:55.591 INFO  [http-nio-8080-exec-5] c.s.s.faculty.FacultyServiceImpl : 学院 医学院 有 0 个专业
2026-01-12 15:41:55.591 INFO  [http-nio-8080-exec-5] c.s.s.faculty.FacultyServiceImpl : 开始获取学院 商学院 (ID: 239) 的专业列表
2026-01-12 15:41:55.592 INFO  [http-nio-8080-exec-6] c.s.s.faculty.FacultyServiceImpl : 找到 6 个学院
2026-01-12 15:41:55.592 INFO  [http-nio-8080-exec-4] c.s.s.faculty.FacultyServiceImpl : 学院 心理学学院 有 0 个专业
2026-01-12 15:41:55.592 INFO  [http-nio-8080-exec-4] c.s.s.faculty.FacultyServiceImpl : 开始获取学院 政治和国际关系学院 (ID: 250) 的专业列表
2026-01-12 15:41:55.592 INFO  [http-nio-8080-exec-6] c.s.s.faculty.FacultyServiceImpl : 开始获取学院 人文学院 (ID: 262) 的专业列表
2026-01-12 15:41:55.592 INFO  [http-nio-8080-exec-5] c.s.s.faculty.FacultyServiceImpl : 学院 商学院 有 0 个专业
2026-01-12 15:41:55.592 INFO  [http-nio-8080-exec-5] c.s.s.faculty.FacultyServiceImpl : 开始获取学院 牙科学院 (ID: 240) 的专业列表
2026-01-12 15:41:55.592 INFO  [http-nio-8080-exec-7] c.s.s.faculty.FacultyServiceImpl : 找到 6 个学院
2026-01-12 15:41:55.592 INFO  [http-nio-8080-exec-7] c.s.s.faculty.FacultyServiceImpl : 开始获取学院 健康研究学院 (ID: 542) 的专业列表
2026-01-12 15:41:55.592 INFO  [http-nio-8080-exec-8] c.s.s.faculty.FacultyServiceImpl : 学院 生物科学学院 有 7 个专业
2026-01-12 15:41:55.592 INFO  [http-nio-8080-exec-8] c.s.s.faculty.FacultyServiceImpl : 开始获取学院 管理学院 (ID: 286) 的专业列表
2026-01-12 15:41:55.592 INFO  [http-nio-8080-exec-4] c.s.s.faculty.FacultyServiceImpl : 学院 政治和国际关系学院 有 0 个专业
2026-01-12 15:41:55.592 INFO  [http-nio-8080-exec-4] c.s.s.faculty.FacultyServiceImpl : 开始获取学院 数学、统计和精算科学学院 (ID: 251) 的专业列表
2026-01-12 15:41:55.592 INFO  [http-nio-8080-exec-6] c.s.s.faculty.FacultyServiceImpl : 学院 人文学院 有 0 个专业
2026-01-12 15:41:55.592 INFO  [http-nio-8080-exec-7] c.s.s.faculty.FacultyServiceImpl : 学院 健康研究学院 有 0 个专业
2026-01-12 15:41:55.592 INFO  [http-nio-8080-exec-7] c.s.s.faculty.FacultyServiceImpl : 开始获取学院 工程与数字技术学院 (ID: 543) 的专业列表
2026-01-12 15:41:55.592 INFO  [http-nio-8080-exec-6] c.s.s.faculty.FacultyServiceImpl : 开始获取学院 商业管理学院 (ID: 263) 的专业列表
2026-01-12 15:41:55.592 INFO  [http-nio-8080-exec-5] c.s.s.faculty.FacultyServiceImpl : 学院 牙科学院 有 0 个专业
2026-01-12 15:41:55.592 INFO  [http-nio-8080-exec-5] c.s.s.faculty.FacultyServiceImpl : 开始获取学院 生命科学学院 (ID: 241) 的专业列表
2026-01-12 15:41:55.593 INFO  [http-nio-8080-exec-4] c.s.s.faculty.FacultyServiceImpl : 学院 数学、统计和精算科学学院 有 0 个专业
2026-01-12 15:41:55.593 INFO  [http-nio-8080-exec-4] c.s.s.faculty.FacultyServiceImpl : 开始获取学院 物理科学学院 (ID: 252) 的专业列表
2026-01-12 15:41:55.593 INFO  [http-nio-8080-exec-8] c.s.s.faculty.FacultyServiceImpl : 学院 管理学院 有 1 个专业
2026-01-12 15:41:55.593 INFO  [http-nio-8080-exec-8] c.s.s.faculty.FacultyServiceImpl : 开始获取学院 英语学院 (ID: 287) 的专业列表
2026-01-12 15:41:55.593 INFO  [http-nio-8080-exec-7] c.s.s.faculty.FacultyServiceImpl : 学院 工程与数字技术学院 有 0 个专业
2026-01-12 15:41:55.593 INFO  [http-nio-8080-exec-7] c.s.s.faculty.FacultyServiceImpl : 开始获取学院 法学院 (ID: 544) 的专业列表
2026-01-12 15:41:55.593 INFO  [http-nio-8080-exec-6] c.s.s.faculty.FacultyServiceImpl : 学院 商业管理学院 有 0 个专业
2026-01-12 15:41:55.593 INFO  [http-nio-8080-exec-6] c.s.s.faculty.FacultyServiceImpl : 开始获取学院 工程、物理与数学科学学院 (ID: 264) 的专业列表
2026-01-12 15:41:55.593 INFO  [http-nio-8080-exec-5] c.s.s.faculty.FacultyServiceImpl : 学院 生命科学学院 有 0 个专业
2026-01-12 15:41:55.593 INFO  [http-nio-8080-exec-5] c.s.s.faculty.FacultyServiceImpl : 开始获取学院 科学和工程学院 (ID: 242) 的专业列表
2026-01-12 15:41:55.593 INFO  [http-nio-8080-exec-2] c.s.s.faculty.FacultyServiceImpl : 找到 35 个学院
2026-01-12 15:41:55.593 INFO  [http-nio-8080-exec-2] c.s.s.faculty.FacultyServiceImpl : 开始获取学院 东15戏剧表演学院 (ID: 557) 的专业列表
2026-01-12 15:41:55.593 INFO  [http-nio-8080-exec-4] c.s.s.faculty.FacultyServiceImpl : 学院 物理科学学院 有 0 个专业
2026-01-12 15:41:55.593 INFO  [http-nio-8080-exec-4] c.s.s.faculty.FacultyServiceImpl : 开始获取学院 生物科学学院 (ID: 253) 的专业列表
2026-01-12 15:41:55.593 INFO  [http-nio-8080-exec-7] c.s.s.faculty.FacultyServiceImpl : 学院 法学院 有 0 个专业
2026-01-12 15:41:55.593 INFO  [http-nio-8080-exec-7] c.s.s.faculty.FacultyServiceImpl : 开始获取学院 生命科学学院 (ID: 545) 的专业列表
2026-01-12 15:41:55.593 INFO  [http-nio-8080-exec-8] c.s.s.faculty.FacultyServiceImpl : 学院 英语学院 有 2 个专业
2026-01-12 15:41:55.593 INFO  [http-nio-8080-exec-8] c.s.s.faculty.FacultyServiceImpl : 开始获取学院 计算和数学科学学院 (ID: 288) 的专业列表
2026-01-12 15:41:55.593 INFO  [http-nio-8080-exec-6] c.s.s.faculty.FacultyServiceImpl : 学院 工程、物理与数学科学学院 有 0 个专业
2026-01-12 15:41:55.593 INFO  [http-nio-8080-exec-5] c.s.s.faculty.FacultyServiceImpl : 学院 科学和工程学院 有 0 个专业
2026-01-12 15:41:55.593 INFO  [http-nio-8080-exec-2] c.s.s.faculty.FacultyServiceImpl : 学院 东15戏剧表演学院 有 0 个专业
2026-01-12 15:41:55.593 INFO  [http-nio-8080-exec-5] c.s.s.faculty.FacultyServiceImpl : 开始获取学院 邓肯乔丹斯通艺术与设计学院 (ID: 243) 的专业列表
2026-01-12 15:41:55.593 INFO  [http-nio-8080-exec-6] c.s.s.faculty.FacultyServiceImpl : 开始获取学院 法律和社会科学学院 (ID: 265) 的专业列表
2026-01-12 15:41:55.593 INFO  [http-nio-8080-exec-2] c.s.s.faculty.FacultyServiceImpl : 开始获取学院 体育、康复和运动科学学院 (ID: 558) 的专业列表
2026-01-12 15:41:55.593 INFO  [http-nio-8080-exec-4] c.s.s.faculty.FacultyServiceImpl : 学院 生物科学学院 有 0 个专业
2026-01-12 15:41:55.593 INFO  [http-nio-8080-exec-4] c.s.s.faculty.FacultyServiceImpl : 开始获取学院 社会政策、社会学和社会研究学院 (ID: 254) 的专业列表
2026-01-12 15:41:55.594 INFO  [http-nio-8080-exec-5] c.s.s.faculty.FacultyServiceImpl : 学院 邓肯乔丹斯通艺术与设计学院 有 0 个专业
2026-01-12 15:41:55.594 INFO  [http-nio-8080-exec-5] c.s.service.schools.SchoolController : 成功获取到院校 56 的 8 个学院
2026-01-12 15:41:55.594 INFO  [http-nio-8080-exec-7] c.s.s.faculty.FacultyServiceImpl : 学院 生命科学学院 有 0 个专业
2026-01-12 15:41:55.594 INFO  [http-nio-8080-exec-7] c.s.s.faculty.FacultyServiceImpl : 开始获取学院 社会科学学院 (ID: 546) 的专业列表
2026-01-12 15:41:55.594 INFO  [http-nio-8080-exec-6] c.s.s.faculty.FacultyServiceImpl : 学院 法律和社会科学学院 有 0 个专业
2026-01-12 15:41:55.594 INFO  [http-nio-8080-exec-6] c.s.s.faculty.FacultyServiceImpl : 开始获取学院 生命科学与环境学院 (ID: 266) 的专业列表
2026-01-12 15:41:55.594 INFO  [http-nio-8080-exec-2] c.s.s.faculty.FacultyServiceImpl : 学院 体育、康复和运动科学学院 有 0 个专业
2026-01-12 15:41:55.594 INFO  [http-nio-8080-exec-2] c.s.s.faculty.FacultyServiceImpl : 开始获取学院 健康与社会关怀学院 (ID: 559) 的专业列表
2026-01-12 15:41:55.595 INFO  [http-nio-8080-exec-8] c.s.s.faculty.FacultyServiceImpl : 学院 计算和数学科学学院 有 8 个专业
2026-01-12 15:41:55.596 INFO  [http-nio-8080-exec-8] c.s.s.faculty.FacultyServiceImpl : 开始获取学院 计算机学院 (ID: 289) 的专业列表
2026-01-12 15:41:55.597 INFO  [http-nio-8080-exec-4] c.s.s.faculty.FacultyServiceImpl : 学院 社会政策、社会学和社会研究学院 有 0 个专业
2026-01-12 15:41:55.597 INFO  [http-nio-8080-exec-4] c.s.s.faculty.FacultyServiceImpl : 开始获取学院 经济学院 (ID: 255) 的专业列表
2026-01-12 15:41:55.597 INFO  [http-nio-8080-exec-7] c.s.s.faculty.FacultyServiceImpl : 学院 社会科学学院 有 0 个专业
2026-01-12 15:41:55.597 INFO  [http-nio-8080-exec-7] c.s.s.faculty.FacultyServiceImpl : 开始获取学院 管理学院 (ID: 547) 的专业列表
2026-01-12 15:41:55.599 INFO  [http-nio-8080-exec-6] c.s.s.faculty.FacultyServiceImpl : 学院 生命科学与环境学院 有 0 个专业
2026-01-12 15:41:55.599 INFO  [http-nio-8080-exec-6] c.s.s.faculty.FacultyServiceImpl : 开始获取学院 表演与数字艺术学院 (ID: 267) 的专业列表
2026-01-12 15:41:55.602 INFO  [http-nio-8080-exec-2] c.s.s.faculty.FacultyServiceImpl : 学院 健康与社会关怀学院 有 0 个专业
2026-01-12 15:41:55.602 INFO  [http-nio-8080-exec-2] c.s.s.faculty.FacultyServiceImpl : 开始获取学院 健康和社会关怀学院 (ID: 560) 的专业列表
2026-01-12 15:41:55.602 INFO  [http-nio-8080-exec-8] c.s.s.faculty.FacultyServiceImpl : 学院 计算机学院 有 6 个专业
2026-01-12 15:41:55.602 INFO  [http-nio-8080-exec-7] c.s.s.faculty.FacultyServiceImpl : 学院 管理学院 有 0 个专业
2026-01-12 15:41:55.602 INFO  [http-nio-8080-exec-7] c.s.service.schools.SchoolController : 成功获取到院校 96 的 6 个学院
2026-01-12 15:41:55.602 INFO  [http-nio-8080-exec-8] c.s.service.schools.SchoolController : 成功获取到院校 60 的 22 个学院
2026-01-12 15:41:55.604 INFO  [http-nio-8080-exec-4] c.s.s.faculty.FacultyServiceImpl : 学院 经济学院 有 0 个专业
2026-01-12 15:41:55.604 INFO  [http-nio-8080-exec-4] c.s.s.faculty.FacultyServiceImpl : 开始获取学院 肯特商学院 (ID: 256) 的专业列表
2026-01-12 15:41:55.605 INFO  [http-nio-8080-exec-2] c.s.s.faculty.FacultyServiceImpl : 学院 健康和社会关怀学院 有 0 个专业
2026-01-12 15:41:55.605 INFO  [http-nio-8080-exec-2] c.s.s.faculty.FacultyServiceImpl : 开始获取学院 哲学、历史和哲学科学研究学院 (ID: 561) 的专业列表
2026-01-12 15:41:55.606 INFO  [http-nio-8080-exec-4] c.s.s.faculty.FacultyServiceImpl : 学院 肯特商学院 有 0 个专业
2026-01-12 15:41:55.606 INFO  [http-nio-8080-exec-4] c.s.s.faculty.FacultyServiceImpl : 开始获取学院 肯特大学法学院 (ID: 257) 的专业列表
2026-01-12 15:41:55.606 INFO  [http-nio-8080-exec-2] c.s.s.faculty.FacultyServiceImpl : 学院 哲学、历史和哲学科学研究学院 有 0 个专业
2026-01-12 15:41:55.606 INFO  [http-nio-8080-exec-2] c.s.s.faculty.FacultyServiceImpl : 开始获取学院 埃塞克斯商学院 (ID: 562) 的专业列表
2026-01-12 15:41:55.606 INFO  [http-nio-8080-exec-6] c.s.s.faculty.FacultyServiceImpl : 学院 表演与数字艺术学院 有 0 个专业
2026-01-12 15:41:55.606 INFO  [http-nio-8080-exec-6] c.s.service.schools.SchoolController : 成功获取到院校 59 的 6 个学院
2026-01-12 15:41:55.608 INFO  [http-nio-8080-exec-1] c.s.service.schools.SchoolController : 开始获取院校 67 的学院列表
2026-01-12 15:41:55.609 INFO  [http-nio-8080-exec-1] c.s.s.faculty.FacultyServiceImpl : 开始获取院校ID为 67 的学院列表
2026-01-12 15:41:55.616 INFO  [http-nio-8080-exec-4] c.s.s.faculty.FacultyServiceImpl : 学院 肯特大学法学院 有 0 个专业
2026-01-12 15:41:55.616 INFO  [http-nio-8080-exec-4] c.s.s.faculty.FacultyServiceImpl : 开始获取学院 肯特建筑与规划学院 (ID: 258) 的专业列表
2026-01-12 15:41:55.617 INFO  [http-nio-8080-exec-2] c.s.s.faculty.FacultyServiceImpl : 学院 埃塞克斯商学院 有 0 个专业
2026-01-12 15:41:55.617 INFO  [http-nio-8080-exec-2] c.s.s.faculty.FacultyServiceImpl : 开始获取学院 埃塞克斯法学院 (ID: 563) 的专业列表
2026-01-12 15:41:55.617 INFO  [http-nio-8080-exec-10] c.s.service.schools.SchoolController : 开始获取院校 113 的学院列表
2026-01-12 15:41:55.617 INFO  [http-nio-8080-exec-10] c.s.s.faculty.FacultyServiceImpl : 开始获取院校ID为 113 的学院列表
2026-01-12 15:41:55.619 INFO  [http-nio-8080-exec-3] c.s.service.schools.SchoolController : 开始获取院校 76 的学院列表
2026-01-12 15:41:55.619 INFO  [http-nio-8080-exec-9] c.s.service.schools.SchoolController : 开始获取院校 93 的学院列表
2026-01-12 15:41:55.619 INFO  [http-nio-8080-exec-3] c.s.s.faculty.FacultyServiceImpl : 开始获取院校ID为 76 的学院列表
2026-01-12 15:41:55.619 INFO  [http-nio-8080-exec-9] c.s.s.faculty.FacultyServiceImpl : 开始获取院校ID为 93 的学院列表
2026-01-12 15:41:55.619 INFO  [http-nio-8080-exec-4] c.s.s.faculty.FacultyServiceImpl : 学院 肯特建筑与规划学院 有 0 个专业
2026-01-12 15:41:55.619 INFO  [http-nio-8080-exec-4] c.s.s.faculty.FacultyServiceImpl : 开始获取学院 英语学院 (ID: 259) 的专业列表
2026-01-12 15:41:55.619 INFO  [http-nio-8080-exec-1] c.s.s.faculty.FacultyServiceImpl : 找到 5 个学院
2026-01-12 15:41:55.619 INFO  [http-nio-8080-exec-1] c.s.s.faculty.FacultyServiceImpl : 开始获取学院 健康科学和体育学院 (ID: 693) 的专业列表
2026-01-12 15:41:55.619 INFO  [http-nio-8080-exec-2] c.s.s.faculty.FacultyServiceImpl : 学院 埃塞克斯法学院 有 0 个专业
2026-01-12 15:41:55.619 INFO  [http-nio-8080-exec-2] c.s.s.faculty.FacultyServiceImpl : 开始获取学院 心理学系 (ID: 564) 的专业列表
2026-01-12 15:41:55.620 INFO  [http-nio-8080-exec-4] c.s.s.faculty.FacultyServiceImpl : 学院 英语学院 有 0 个专业
2026-01-12 15:41:55.620 INFO  [http-nio-8080-exec-4] c.s.s.faculty.FacultyServiceImpl : 开始获取学院 蒂泽中心 (ID: 260) 的专业列表
2026-01-12 15:41:55.620 INFO  [http-nio-8080-exec-1] c.s.s.faculty.FacultyServiceImpl : 学院 健康科学和体育学院 有 0 个专业
2026-01-12 15:41:55.620 INFO  [http-nio-8080-exec-2] c.s.s.faculty.FacultyServiceImpl : 学院 心理学系 有 0 个专业
2026-01-12 15:41:55.620 INFO  [http-nio-8080-exec-1] c.s.s.faculty.FacultyServiceImpl : 开始获取学院 斯特灵商学院 (ID: 694) 的专业列表
2026-01-12 15:41:55.620 INFO  [http-nio-8080-exec-2] c.s.s.faculty.FacultyServiceImpl : 开始获取学院 政府学系 (ID: 565) 的专业列表
2026-01-12 15:41:55.620 INFO  [http-nio-8080-exec-4] c.s.s.faculty.FacultyServiceImpl : 学院 蒂泽中心 有 0 个专业
2026-01-12 15:41:55.620 INFO  [http-nio-8080-exec-4] c.s.s.faculty.FacultyServiceImpl : 开始获取学院 计算机学院 (ID: 261) 的专业列表
2026-01-12 15:41:55.620 INFO  [http-nio-8080-exec-2] c.s.s.faculty.FacultyServiceImpl : 学院 政府学系 有 0 个专业
2026-01-12 15:41:55.620 INFO  [http-nio-8080-exec-2] c.s.s.faculty.FacultyServiceImpl : 开始获取学院 数学、统计和精算科学学院 (ID: 566) 的专业列表
2026-01-12 15:41:55.620 INFO  [http-nio-8080-exec-10] c.s.s.faculty.FacultyServiceImpl : 找到 6 个学院
2026-01-12 15:41:55.620 INFO  [http-nio-8080-exec-10] c.s.s.faculty.FacultyServiceImpl : 开始获取学院 人文与健康科学学院 (ID: 582) 的专业列表
2026-01-12 15:41:55.620 INFO  [http-nio-8080-exec-4] c.s.s.faculty.FacultyServiceImpl : 学院 计算机学院 有 0 个专业
2026-01-12 15:41:55.620 INFO  [http-nio-8080-exec-4] c.s.service.schools.SchoolController : 成功获取到院校 58 的 18 个学院
2026-01-12 15:41:55.620 INFO  [http-nio-8080-exec-1] c.s.s.faculty.FacultyServiceImpl : 学院 斯特灵商学院 有 0 个专业
2026-01-12 15:41:55.620 INFO  [http-nio-8080-exec-1] c.s.s.faculty.FacultyServiceImpl : 开始获取学院 社会科学学院 (ID: 695) 的专业列表
2026-01-12 15:41:55.620 INFO  [http-nio-8080-exec-9] c.s.s.faculty.FacultyServiceImpl : 找到 5 个学院
2026-01-12 15:41:55.620 INFO  [http-nio-8080-exec-9] c.s.s.faculty.FacultyServiceImpl : 开始获取学院 人文艺术与社会科学学院 (ID: 537) 的专业列表
2026-01-12 15:41:55.621 INFO  [http-nio-8080-exec-2] c.s.s.faculty.FacultyServiceImpl : 学院 数学、统计和精算科学学院 有 0 个专业
2026-01-12 15:41:55.621 INFO  [http-nio-8080-exec-2] c.s.s.faculty.FacultyServiceImpl : 开始获取学院 文学、电影和戏剧研究系 (ID: 567) 的专业列表
2026-01-12 15:41:55.622 INFO  [http-nio-8080-exec-10] c.s.s.faculty.FacultyServiceImpl : 学院 人文与健康科学学院 有 0 个专业
2026-01-12 15:41:55.622 INFO  [http-nio-8080-exec-10] c.s.s.faculty.FacultyServiceImpl : 开始获取学院 商业、教育与法学院 (ID: 583) 的专业列表
2026-01-12 15:41:55.622 INFO  [http-nio-8080-exec-2] c.s.s.faculty.FacultyServiceImpl : 学院 文学、电影和戏剧研究系 有 0 个专业
2026-01-12 15:41:55.622 INFO  [http-nio-8080-exec-2] c.s.s.faculty.FacultyServiceImpl : 开始获取学院 生命科学学院 (ID: 568) 的专业列表
2026-01-12 15:41:55.622 INFO  [http-nio-8080-exec-3] c.s.s.faculty.FacultyServiceImpl : 找到 4 个学院
2026-01-12 15:41:55.622 INFO  [http-nio-8080-exec-3] c.s.s.faculty.FacultyServiceImpl : 开始获取学院 人文、艺术与社会科学学院 (ID: 509) 的专业列表
2026-01-12 15:41:55.623 INFO  [http-nio-8080-exec-1] c.s.s.faculty.FacultyServiceImpl : 学院 社会科学学院 有 0 个专业
2026-01-12 15:41:55.623 INFO  [http-nio-8080-exec-1] c.s.s.faculty.FacultyServiceImpl : 开始获取学院 自然科学学院 (ID: 696) 的专业列表
2026-01-12 15:41:55.623 INFO  [http-nio-8080-exec-9] c.s.s.faculty.FacultyServiceImpl : 学院 人文艺术与社会科学学院 有 0 个专业
2026-01-12 15:41:55.623 INFO  [http-nio-8080-exec-9] c.s.s.faculty.FacultyServiceImpl : 开始获取学院 健康与生命科学学院 (ID: 538) 的专业列表
2026-01-12 15:41:55.623 INFO  [http-nio-8080-exec-10] c.s.s.faculty.FacultyServiceImpl : 学院 商业、教育与法学院 有 0 个专业
2026-01-12 15:41:55.623 INFO  [http-nio-8080-exec-2] c.s.s.faculty.FacultyServiceImpl : 学院 生命科学学院 有 0 个专业
2026-01-12 15:41:55.623 INFO  [http-nio-8080-exec-10] c.s.s.faculty.FacultyServiceImpl : 开始获取学院 商学院 (ID: 584) 的专业列表
2026-01-12 15:41:55.623 INFO  [http-nio-8080-exec-2] c.s.s.faculty.FacultyServiceImpl : 开始获取学院 社会学与犯罪学系 (ID: 569) 的专业列表
2026-01-12 15:41:55.623 INFO  [http-nio-8080-exec-3] c.s.s.faculty.FacultyServiceImpl : 学院 人文、艺术与社会科学学院 有 0 个专业
2026-01-12 15:41:55.623 INFO  [http-nio-8080-exec-3] c.s.s.faculty.FacultyServiceImpl : 开始获取学院 健康科学学院 (ID: 510) 的专业列表
2026-01-12 15:41:55.623 INFO  [http-nio-8080-exec-1] c.s.s.faculty.FacultyServiceImpl : 学院 自然科学学院 有 0 个专业
2026-01-12 15:41:55.623 INFO  [http-nio-8080-exec-1] c.s.s.faculty.FacultyServiceImpl : 开始获取学院 艺术和人文科学学院 (ID: 697) 的专业列表
2026-01-12 15:41:55.624 INFO  [http-nio-8080-exec-9] c.s.s.faculty.FacultyServiceImpl : 学院 健康与生命科学学院 有 0 个专业
2026-01-12 15:41:55.624 INFO  [http-nio-8080-exec-9] c.s.s.faculty.FacultyServiceImpl : 开始获取学院 商法与法律学院 (ID: 539) 的专业列表
2026-01-12 15:41:55.624 INFO  [http-nio-8080-exec-10] c.s.s.faculty.FacultyServiceImpl : 学院 商学院 有 0 个专业
2026-01-12 15:41:55.624 INFO  [http-nio-8080-exec-10] c.s.s.faculty.FacultyServiceImpl : 开始获取学院 应用科学学院 (ID: 585) 的专业列表
2026-01-12 15:41:55.624 INFO  [http-nio-8080-exec-2] c.s.s.faculty.FacultyServiceImpl : 学院 社会学与犯罪学系 有 0 个专业
2026-01-12 15:41:55.624 INFO  [http-nio-8080-exec-2] c.s.s.faculty.FacultyServiceImpl : 开始获取学院 社会心理学和精神分析研究学系 (ID: 570) 的专业列表
2026-01-12 15:41:55.624 INFO  [http-nio-8080-exec-1] c.s.s.faculty.FacultyServiceImpl : 学院 艺术和人文科学学院 有 0 个专业
2026-01-12 15:41:55.624 INFO  [http-nio-8080-exec-1] c.s.service.schools.SchoolController : 成功获取到院校 67 的 5 个学院
2026-01-12 15:41:55.624 INFO  [http-nio-8080-exec-3] c.s.s.faculty.FacultyServiceImpl : 学院 健康科学学院 有 0 个专业
2026-01-12 15:41:55.624 INFO  [http-nio-8080-exec-3] c.s.s.faculty.FacultyServiceImpl : 开始获取学院 科学与工程学院 (ID: 511) 的专业列表
2026-01-12 15:41:55.624 INFO  [http-nio-8080-exec-9] c.s.s.faculty.FacultyServiceImpl : 学院 商法与法律学院 有 0 个专业
2026-01-12 15:41:55.624 INFO  [http-nio-8080-exec-9] c.s.s.faculty.FacultyServiceImpl : 开始获取学院 工程与环境学院 (ID: 540) 的专业列表
2026-01-12 15:41:55.624 INFO  [http-nio-8080-exec-10] c.s.s.faculty.FacultyServiceImpl : 学院 应用科学学院 有 0 个专业
2026-01-12 15:41:55.624 INFO  [http-nio-8080-exec-10] c.s.s.faculty.FacultyServiceImpl : 开始获取学院 艺术与人文学院 (ID: 586) 的专业列表
2026-01-12 15:41:55.624 INFO  [http-nio-8080-exec-2] c.s.s.faculty.FacultyServiceImpl : 学院 社会心理学和精神分析研究学系 有 0 个专业
2026-01-12 15:41:55.624 INFO  [http-nio-8080-exec-2] c.s.s.faculty.FacultyServiceImpl : 开始获取学院 经济学系 (ID: 571) 的专业列表
2026-01-12 15:41:55.625 INFO  [http-nio-8080-exec-9] c.s.s.faculty.FacultyServiceImpl : 学院 工程与环境学院 有 0 个专业
2026-01-12 15:41:55.625 INFO  [http-nio-8080-exec-9] c.s.s.faculty.FacultyServiceImpl : 开始获取学院 纽卡斯尔商学院 (ID: 541) 的专业列表
2026-01-12 15:41:55.625 INFO  [http-nio-8080-exec-3] c.s.s.faculty.FacultyServiceImpl : 学院 科学与工程学院 有 0 个专业
2026-01-12 15:41:55.625 INFO  [http-nio-8080-exec-2] c.s.s.faculty.FacultyServiceImpl : 学院 经济学系 有 0 个专业
2026-01-12 15:41:55.625 INFO  [http-nio-8080-exec-3] c.s.s.faculty.FacultyServiceImpl : 开始获取学院 赫尔约克医学院 (ID: 512) 的专业列表
2026-01-12 15:41:55.625 INFO  [http-nio-8080-exec-10] c.s.s.faculty.FacultyServiceImpl : 学院 艺术与人文学院 有 0 个专业
2026-01-12 15:41:55.625 INFO  [http-nio-8080-exec-10] c.s.s.faculty.FacultyServiceImpl : 开始获取学院 计算机与工程学院 (ID: 587) 的专业列表
2026-01-12 15:41:55.625 INFO  [http-nio-8080-exec-2] c.s.s.faculty.FacultyServiceImpl : 开始获取学院 计算机科学与电子工程学院 (ID: 572) 的专业列表
2026-01-12 15:41:55.625 INFO  [http-nio-8080-exec-5] c.s.service.schools.SchoolController : 开始获取院校 40 的学院列表
2026-01-12 15:41:55.625 INFO  [http-nio-8080-exec-5] c.s.s.faculty.FacultyServiceImpl : 开始获取院校ID为 40 的学院列表
2026-01-12 15:41:55.625 INFO  [http-nio-8080-exec-9] c.s.s.faculty.FacultyServiceImpl : 学院 纽卡斯尔商学院 有 0 个专业
2026-01-12 15:41:55.625 INFO  [http-nio-8080-exec-9] c.s.service.schools.SchoolController : 成功获取到院校 93 的 5 个学院
2026-01-12 15:41:55.626 INFO  [http-nio-8080-exec-3] c.s.s.faculty.FacultyServiceImpl : 学院 赫尔约克医学院 有 0 个专业
2026-01-12 15:41:55.626 INFO  [http-nio-8080-exec-3] c.s.service.schools.SchoolController : 成功获取到院校 76 的 4 个学院
2026-01-12 15:41:55.626 INFO  [http-nio-8080-exec-2] c.s.s.faculty.FacultyServiceImpl : 学院 计算机科学与电子工程学院 有 0 个专业
2026-01-12 15:41:55.626 INFO  [http-nio-8080-exec-2] c.s.s.faculty.FacultyServiceImpl : 开始获取学院 语言与语言学系 (ID: 573) 的专业列表
2026-01-12 15:41:55.626 INFO  [http-nio-8080-exec-10] c.s.s.faculty.FacultyServiceImpl : 学院 计算机与工程学院 有 0 个专业
2026-01-12 15:41:55.626 INFO  [http-nio-8080-exec-10] c.s.service.schools.SchoolController : 成功获取到院校 113 的 6 个学院
2026-01-12 15:41:55.627 INFO  [http-nio-8080-exec-2] c.s.s.faculty.FacultyServiceImpl : 学院 语言与语言学系 有 0 个专业
2026-01-12 15:41:55.627 INFO  [http-nio-8080-exec-2] c.s.s.faculty.FacultyServiceImpl : 开始获取学院 酒店学院 (ID: 574) 的专业列表
2026-01-12 15:41:55.629 INFO  [http-nio-8080-exec-2] c.s.s.faculty.FacultyServiceImpl : 学院 酒店学院 有 0 个专业
2026-01-12 15:41:55.629 INFO  [http-nio-8080-exec-2] c.s.s.faculty.FacultyServiceImpl : 开始获取学院 东15戏剧表演学院 (ID: 596) 的专业列表
2026-01-12 15:41:55.631 INFO  [http-nio-8080-exec-5] c.s.s.faculty.FacultyServiceImpl : 找到 4 个学院
2026-01-12 15:41:55.632 INFO  [http-nio-8080-exec-5] c.s.s.faculty.FacultyServiceImpl : 开始获取学院 健康和生命科学学院 (ID: 974) 的专业列表
2026-01-12 15:41:55.632 INFO  [http-nio-8080-exec-2] c.s.s.faculty.FacultyServiceImpl : 学院 东15戏剧表演学院 有 0 个专业
2026-01-12 15:41:55.632 INFO  [http-nio-8080-exec-2] c.s.s.faculty.FacultyServiceImpl : 开始获取学院 体育、康复和运动科学学院 (ID: 597) 的专业列表
2026-01-12 15:41:55.632 INFO  [http-nio-8080-exec-5] c.s.s.faculty.FacultyServiceImpl : 学院 健康和生命科学学院 有 0 个专业
2026-01-12 15:41:55.632 INFO  [http-nio-8080-exec-5] c.s.s.faculty.FacultyServiceImpl : 开始获取学院 商业和法律学院 (ID: 975) 的专业列表
2026-01-12 15:41:55.632 INFO  [http-nio-8080-exec-2] c.s.s.faculty.FacultyServiceImpl : 学院 体育、康复和运动科学学院 有 0 个专业
2026-01-12 15:41:55.632 INFO  [http-nio-8080-exec-2] c.s.s.faculty.FacultyServiceImpl : 开始获取学院 健康与社会关怀学院 (ID: 598) 的专业列表
2026-01-12 15:41:55.633 INFO  [http-nio-8080-exec-7] c.s.service.schools.SchoolController : 开始获取院校 73 的学院列表
2026-01-12 15:41:55.633 INFO  [http-nio-8080-exec-7] c.s.s.faculty.FacultyServiceImpl : 开始获取院校ID为 73 的学院列表
2026-01-12 15:41:55.633 INFO  [http-nio-8080-exec-5] c.s.s.faculty.FacultyServiceImpl : 学院 商业和法律学院 有 0 个专业
2026-01-12 15:41:55.633 INFO  [http-nio-8080-exec-5] c.s.s.faculty.FacultyServiceImpl : 开始获取学院 工程、环境和计算机学院 (ID: 976) 的专业列表
2026-01-12 15:41:55.633 INFO  [http-nio-8080-exec-2] c.s.s.faculty.FacultyServiceImpl : 学院 健康与社会关怀学院 有 0 个专业
2026-01-12 15:41:55.633 INFO  [http-nio-8080-exec-2] c.s.s.faculty.FacultyServiceImpl : 开始获取学院 哲学、历史和哲学科学研究学院 (ID: 599) 的专业列表
2026-01-12 15:41:55.633 INFO  [http-nio-8080-exec-5] c.s.s.faculty.FacultyServiceImpl : 学院 工程、环境和计算机学院 有 0 个专业
2026-01-12 15:41:55.633 INFO  [http-nio-8080-exec-5] c.s.s.faculty.FacultyServiceImpl : 开始获取学院 艺术和人文学院 (ID: 977) 的专业列表
2026-01-12 15:41:55.633 INFO  [http-nio-8080-exec-8] c.s.service.schools.SchoolController : 开始获取院校 71 的学院列表
2026-01-12 15:41:55.633 INFO  [http-nio-8080-exec-8] c.s.s.faculty.FacultyServiceImpl : 开始获取院校ID为 71 的学院列表
2026-01-12 15:41:55.633 INFO  [http-nio-8080-exec-6] c.s.service.schools.SchoolController : 开始获取院校 54 的学院列表
2026-01-12 15:41:55.633 INFO  [http-nio-8080-exec-6] c.s.s.faculty.FacultyServiceImpl : 开始获取院校ID为 54 的学院列表
2026-01-12 15:41:55.633 INFO  [http-nio-8080-exec-2] c.s.s.faculty.FacultyServiceImpl : 学院 哲学、历史和哲学科学研究学院 有 0 个专业
2026-01-12 15:41:55.633 INFO  [http-nio-8080-exec-2] c.s.s.faculty.FacultyServiceImpl : 开始获取学院 埃塞克斯商学院 (ID: 600) 的专业列表
2026-01-12 15:41:55.634 INFO  [http-nio-8080-exec-4] c.s.service.schools.SchoolController : 开始获取院校 72 的学院列表
2026-01-12 15:41:55.634 INFO  [http-nio-8080-exec-4] c.s.s.faculty.FacultyServiceImpl : 开始获取院校ID为 72 的学院列表
2026-01-12 15:41:55.634 INFO  [http-nio-8080-exec-5] c.s.s.faculty.FacultyServiceImpl : 学院 艺术和人文学院 有 0 个专业
2026-01-12 15:41:55.634 INFO  [http-nio-8080-exec-5] c.s.service.schools.SchoolController : 成功获取到院校 40 的 4 个学院
2026-01-12 15:41:55.634 INFO  [http-nio-8080-exec-2] c.s.s.faculty.FacultyServiceImpl : 学院 埃塞克斯商学院 有 0 个专业
2026-01-12 15:41:55.634 INFO  [http-nio-8080-exec-2] c.s.s.faculty.FacultyServiceImpl : 开始获取学院 埃塞克斯法学院 (ID: 601) 的专业列表
2026-01-12 15:41:55.634 INFO  [http-nio-8080-exec-2] c.s.s.faculty.FacultyServiceImpl : 学院 埃塞克斯法学院 有 0 个专业
2026-01-12 15:41:55.635 INFO  [http-nio-8080-exec-2] c.s.s.faculty.FacultyServiceImpl : 开始获取学院 心理学系 (ID: 602) 的专业列表
2026-01-12 15:41:55.635 INFO  [http-nio-8080-exec-7] c.s.s.faculty.FacultyServiceImpl : 找到 4 个学院
2026-01-12 15:41:55.635 INFO  [http-nio-8080-exec-7] c.s.s.faculty.FacultyServiceImpl : 开始获取学院 医学与健康科学学院 (ID: 492) 的专业列表
2026-01-12 15:41:55.636 INFO  [http-nio-8080-exec-2] c.s.s.faculty.FacultyServiceImpl : 学院 心理学系 有 0 个专业
2026-01-12 15:41:55.636 INFO  [http-nio-8080-exec-2] c.s.s.faculty.FacultyServiceImpl : 开始获取学院 政府学系 (ID: 603) 的专业列表
2026-01-12 15:41:55.636 INFO  [http-nio-8080-exec-7] c.s.s.faculty.FacultyServiceImpl : 学院 医学与健康科学学院 有 0 个专业
2026-01-12 15:41:55.636 INFO  [http-nio-8080-exec-7] c.s.s.faculty.FacultyServiceImpl : 开始获取学院 历史、法律和社会科学学院 (ID: 493) 的专业列表
2026-01-12 15:41:55.637 INFO  [http-nio-8080-exec-8] c.s.s.faculty.FacultyServiceImpl : 找到 9 个学院
2026-01-12 15:41:55.637 INFO  [http-nio-8080-exec-8] c.s.s.faculty.FacultyServiceImpl : 开始获取学院 Confetti创意技术学院 (ID: 478) 的专业列表
2026-01-12 15:41:55.637 INFO  [http-nio-8080-exec-1] c.s.service.schools.SchoolController : 开始获取院校 79 的学院列表
2026-01-12 15:41:55.637 INFO  [http-nio-8080-exec-1] c.s.s.faculty.FacultyServiceImpl : 开始获取院校ID为 79 的学院列表
2026-01-12 15:41:55.638 INFO  [http-nio-8080-exec-2] c.s.s.faculty.FacultyServiceImpl : 学院 政府学系 有 0 个专业
2026-01-12 15:41:55.638 INFO  [http-nio-8080-exec-2] c.s.s.faculty.FacultyServiceImpl : 开始获取学院 数学、统计和精算科学学院 (ID: 604) 的专业列表
2026-01-12 15:41:55.638 INFO  [http-nio-8080-exec-7] c.s.s.faculty.FacultyServiceImpl : 学院 历史、法律和社会科学学院 有 0 个专业
2026-01-12 15:41:55.638 INFO  [http-nio-8080-exec-7] c.s.s.faculty.FacultyServiceImpl : 开始获取学院 班戈商学院 (ID: 494) 的专业列表
2026-01-12 15:41:55.638 INFO  [http-nio-8080-exec-8] c.s.s.faculty.FacultyServiceImpl : 学院 Confetti创意技术学院 有 0 个专业
2026-01-12 15:41:55.638 INFO  [http-nio-8080-exec-8] c.s.s.faculty.FacultyServiceImpl : 开始获取学院 动物、农村和环境科学学院 (ID: 479) 的专业列表
2026-01-12 15:41:55.638 INFO  [http-nio-8080-exec-4] c.s.s.faculty.FacultyServiceImpl : 找到 5 个学院
2026-01-12 15:41:55.638 INFO  [http-nio-8080-exec-4] c.s.s.faculty.FacultyServiceImpl : 开始获取学院 人文和社会科学学院 (ID: 487) 的专业列表
2026-01-12 15:41:55.638 INFO  [http-nio-8080-exec-6] c.s.s.faculty.FacultyServiceImpl : 找到 11 个学院
2026-01-12 15:41:55.638 INFO  [http-nio-8080-exec-6] c.s.s.faculty.FacultyServiceImpl : 开始获取学院 半岛医学院 (ID: 225) 的专业列表
2026-01-12 15:41:55.639 INFO  [http-nio-8080-exec-7] c.s.s.faculty.FacultyServiceImpl : 学院 班戈商学院 有 0 个专业
2026-01-12 15:41:55.639 INFO  [http-nio-8080-exec-7] c.s.s.faculty.FacultyServiceImpl : 开始获取学院 科学与工程学院 (ID: 495) 的专业列表
2026-01-12 15:41:55.639 INFO  [http-nio-8080-exec-2] c.s.s.faculty.FacultyServiceImpl : 学院 数学、统计和精算科学学院 有 0 个专业
2026-01-12 15:41:55.639 INFO  [http-nio-8080-exec-2] c.s.s.faculty.FacultyServiceImpl : 开始获取学院 文学、电影和戏剧研究系 (ID: 605) 的专业列表
2026-01-12 15:41:55.640 INFO  [http-nio-8080-exec-4] c.s.s.faculty.FacultyServiceImpl : 学院 人文和社会科学学院 有 0 个专业
2026-01-12 15:41:55.640 INFO  [http-nio-8080-exec-8] c.s.s.faculty.FacultyServiceImpl : 学院 动物、农村和环境科学学院 有 0 个专业
2026-01-12 15:41:55.640 INFO  [http-nio-8080-exec-4] c.s.s.faculty.FacultyServiceImpl : 开始获取学院 创意和文化产业学院 (ID: 488) 的专业列表
2026-01-12 15:41:55.640 INFO  [http-nio-8080-exec-8] c.s.s.faculty.FacultyServiceImpl : 开始获取学院 建筑、设计和建造环境学院 (ID: 480) 的专业列表
2026-01-12 15:41:55.640 INFO  [http-nio-8080-exec-6] c.s.s.faculty.FacultyServiceImpl : 学院 半岛医学院 有 0 个专业
2026-01-12 15:41:55.640 INFO  [http-nio-8080-exec-6] c.s.s.faculty.FacultyServiceImpl : 开始获取学院 卫生职业学院 (ID: 226) 的专业列表
2026-01-12 15:41:55.641 INFO  [http-nio-8080-exec-7] c.s.s.faculty.FacultyServiceImpl : 学院 科学与工程学院 有 0 个专业
2026-01-12 15:41:55.641 INFO  [http-nio-8080-exec-7] c.s.service.schools.SchoolController : 成功获取到院校 73 的 4 个学院
2026-01-12 15:41:55.641 INFO  [http-nio-8080-exec-2] c.s.s.faculty.FacultyServiceImpl : 学院 文学、电影和戏剧研究系 有 0 个专业
2026-01-12 15:41:55.641 INFO  [http-nio-8080-exec-2] c.s.s.faculty.FacultyServiceImpl : 开始获取学院 生命科学学院 (ID: 606) 的专业列表
2026-01-12 15:41:55.641 INFO  [http-nio-8080-exec-8] c.s.s.faculty.FacultyServiceImpl : 学院 建筑、设计和建造环境学院 有 0 个专业
2026-01-12 15:41:55.641 INFO  [http-nio-8080-exec-8] c.s.s.faculty.FacultyServiceImpl : 开始获取学院 社会科学学院 (ID: 481) 的专业列表
2026-01-12 15:41:55.641 INFO  [http-nio-8080-exec-6] c.s.s.faculty.FacultyServiceImpl : 学院 卫生职业学院 有 0 个专业
2026-01-12 15:41:55.641 INFO  [http-nio-8080-exec-4] c.s.s.faculty.FacultyServiceImpl : 学院 创意和文化产业学院 有 0 个专业
2026-01-12 15:41:55.641 INFO  [http-nio-8080-exec-6] c.s.s.faculty.FacultyServiceImpl : 开始获取学院 地理、地球与环境科学学院 (ID: 227) 的专业列表
2026-01-12 15:41:55.641 INFO  [http-nio-8080-exec-1] c.s.s.faculty.FacultyServiceImpl : 找到 4 个学院
2026-01-12 15:41:55.641 INFO  [http-nio-8080-exec-4] c.s.s.faculty.FacultyServiceImpl : 开始获取学院 商业和法律学院 (ID: 489) 的专业列表
2026-01-12 15:41:55.641 INFO  [http-nio-8080-exec-1] c.s.s.faculty.FacultyServiceImpl : 开始获取学院 人文艺术学院 (ID: 524) 的专业列表
2026-01-12 15:41:55.641 INFO  [http-nio-8080-exec-2] c.s.s.faculty.FacultyServiceImpl : 学院 生命科学学院 有 0 个专业
2026-01-12 15:41:55.641 INFO  [http-nio-8080-exec-8] c.s.s.faculty.FacultyServiceImpl : 学院 社会科学学院 有 0 个专业
2026-01-12 15:41:55.641 INFO  [http-nio-8080-exec-2] c.s.s.faculty.FacultyServiceImpl : 开始获取学院 社会学与犯罪学系 (ID: 607) 的专业列表
2026-01-12 15:41:55.641 INFO  [http-nio-8080-exec-8] c.s.s.faculty.FacultyServiceImpl : 开始获取学院 科学与技术学院 (ID: 482) 的专业列表
2026-01-12 15:41:55.642 INFO  [http-nio-8080-exec-4] c.s.s.faculty.FacultyServiceImpl : 学院 商业和法律学院 有 0 个专业
2026-01-12 15:41:55.642 INFO  [http-nio-8080-exec-6] c.s.s.faculty.FacultyServiceImpl : 学院 地理、地球与环境科学学院 有 0 个专业
2026-01-12 15:41:55.642 INFO  [http-nio-8080-exec-4] c.s.s.faculty.FacultyServiceImpl : 开始获取学院 技术学院 (ID: 490) 的专业列表
2026-01-12 15:41:55.642 INFO  [http-nio-8080-exec-1] c.s.s.faculty.FacultyServiceImpl : 学院 人文艺术学院 有 0 个专业
2026-01-12 15:41:55.642 INFO  [http-nio-8080-exec-6] c.s.s.faculty.FacultyServiceImpl : 开始获取学院 工程、计算和数学学院 (ID: 228) 的专业列表
2026-01-12 15:41:55.642 INFO  [http-nio-8080-exec-1] c.s.s.faculty.FacultyServiceImpl : 开始获取学院 健康与管理学院 (ID: 525) 的专业列表
2026-01-12 15:41:55.643 INFO  [http-nio-8080-exec-2] c.s.s.faculty.FacultyServiceImpl : 学院 社会学与犯罪学系 有 0 个专业
2026-01-12 15:41:55.643 INFO  [http-nio-8080-exec-2] c.s.s.faculty.FacultyServiceImpl : 开始获取学院 社会心理学和精神分析研究学系 (ID: 608) 的专业列表
2026-01-12 15:41:55.643 INFO  [http-nio-8080-exec-8] c.s.s.faculty.FacultyServiceImpl : 学院 科学与技术学院 有 0 个专业
2026-01-12 15:41:55.643 INFO  [http-nio-8080-exec-8] c.s.s.faculty.FacultyServiceImpl : 开始获取学院 艺术与人文学院 (ID: 483) 的专业列表
2026-01-12 15:41:55.643 INFO  [http-nio-8080-exec-4] c.s.s.faculty.FacultyServiceImpl : 学院 技术学院 有 0 个专业
2026-01-12 15:41:55.644 INFO  [http-nio-8080-exec-4] c.s.s.faculty.FacultyServiceImpl : 开始获取学院 科学与健康学院 (ID: 491) 的专业列表
2026-01-12 15:41:55.644 INFO  [http-nio-8080-exec-6] c.s.s.faculty.FacultyServiceImpl : 学院 工程、计算和数学学院 有 0 个专业
2026-01-12 15:41:55.644 INFO  [http-nio-8080-exec-6] c.s.s.faculty.FacultyServiceImpl : 开始获取学院 心理学学院 (ID: 229) 的专业列表
2026-01-12 15:41:55.644 INFO  [http-nio-8080-exec-1] c.s.s.faculty.FacultyServiceImpl : 学院 健康与管理学院 有 0 个专业
2026-01-12 15:41:55.644 INFO  [http-nio-8080-exec-1] c.s.s.faculty.FacultyServiceImpl : 开始获取学院 商法学院 (ID: 526) 的专业列表
2026-01-12 15:41:55.644 INFO  [http-nio-8080-exec-2] c.s.s.faculty.FacultyServiceImpl : 学院 社会心理学和精神分析研究学系 有 0 个专业
2026-01-12 15:41:55.644 INFO  [http-nio-8080-exec-2] c.s.s.faculty.FacultyServiceImpl : 开始获取学院 经济学系 (ID: 609) 的专业列表
2026-01-12 15:41:55.644 INFO  [http-nio-8080-exec-8] c.s.s.faculty.FacultyServiceImpl : 学院 艺术与人文学院 有 0 个专业
2026-01-12 15:41:55.644 INFO  [http-nio-8080-exec-8] c.s.s.faculty.FacultyServiceImpl : 开始获取学院 诺丁汉商学院 (ID: 484) 的专业列表
2026-01-12 15:41:55.645 INFO  [http-nio-8080-exec-4] c.s.s.faculty.FacultyServiceImpl : 学院 科学与健康学院 有 0 个专业
2026-01-12 15:41:55.645 INFO  [http-nio-8080-exec-4] c.s.service.schools.SchoolController : 成功获取到院校 72 的 5 个学院
2026-01-12 15:41:55.646 INFO  [http-nio-8080-exec-2] c.s.s.faculty.FacultyServiceImpl : 学院 经济学系 有 0 个专业
2026-01-12 15:41:55.646 INFO  [http-nio-8080-exec-2] c.s.s.faculty.FacultyServiceImpl : 开始获取学院 计算机科学与电子工程学院 (ID: 610) 的专业列表
2026-01-12 15:41:55.649 INFO  [http-nio-8080-exec-6] c.s.s.faculty.FacultyServiceImpl : 学院 心理学学院 有 0 个专业
2026-01-12 15:41:55.649 INFO  [http-nio-8080-exec-6] c.s.s.faculty.FacultyServiceImpl : 开始获取学院 护理与助产学院 (ID: 230) 的专业列表
2026-01-12 15:41:55.650 INFO  [http-nio-8080-exec-2] c.s.s.faculty.FacultyServiceImpl : 学院 计算机科学与电子工程学院 有 0 个专业
2026-01-12 15:41:55.650 INFO  [http-nio-8080-exec-1] c.s.s.faculty.FacultyServiceImpl : 学院 商法学院 有 0 个专业
2026-01-12 15:41:55.650 INFO  [http-nio-8080-exec-1] c.s.s.faculty.FacultyServiceImpl : 开始获取学院 科学与工程学院 (ID: 527) 的专业列表
2026-01-12 15:41:55.650 INFO  [http-nio-8080-exec-2] c.s.s.faculty.FacultyServiceImpl : 开始获取学院 语言与语言学系 (ID: 611) 的专业列表
2026-01-12 15:41:55.650 INFO  [http-nio-8080-exec-9] c.s.service.schools.SchoolController : 开始获取院校 53 的学院列表
2026-01-12 15:41:55.650 INFO  [http-nio-8080-exec-9] c.s.s.faculty.FacultyServiceImpl : 开始获取院校ID为 53 的学院列表
2026-01-12 15:41:55.650 INFO  [http-nio-8080-exec-8] c.s.s.faculty.FacultyServiceImpl : 学院 诺丁汉商学院 有 0 个专业
2026-01-12 15:41:55.650 INFO  [http-nio-8080-exec-8] c.s.s.faculty.FacultyServiceImpl : 开始获取学院 诺丁汉法学院 (ID: 485) 的专业列表
2026-01-12 15:41:55.650 INFO  [http-nio-8080-exec-6] c.s.s.faculty.FacultyServiceImpl : 学院 护理与助产学院 有 0 个专业
2026-01-12 15:41:55.650 INFO  [http-nio-8080-exec-6] c.s.s.faculty.FacultyServiceImpl : 开始获取学院 普利茅斯商学院 (ID: 231) 的专业列表
2026-01-12 15:41:55.651 INFO  [http-nio-8080-exec-1] c.s.s.faculty.FacultyServiceImpl : 学院 科学与工程学院 有 0 个专业
2026-01-12 15:41:55.651 INFO  [http-nio-8080-exec-1] c.s.service.schools.SchoolController : 成功获取到院校 79 的 4 个学院
2026-01-12 15:41:55.651 INFO  [http-nio-8080-exec-8] c.s.s.faculty.FacultyServiceImpl : 学院 诺丁汉法学院 有 0 个专业
2026-01-12 15:41:55.651 INFO  [http-nio-8080-exec-8] c.s.s.faculty.FacultyServiceImpl : 开始获取学院 诺丁汉艺术与设计学院 (ID: 486) 的专业列表
2026-01-12 15:41:55.651 INFO  [http-nio-8080-exec-2] c.s.s.faculty.FacultyServiceImpl : 学院 语言与语言学系 有 0 个专业
2026-01-12 15:41:55.652 INFO  [http-nio-8080-exec-2] c.s.s.faculty.FacultyServiceImpl : 开始获取学院 酒店学院 (ID: 612) 的专业列表
2026-01-12 15:41:55.653 INFO  [http-nio-8080-exec-6] c.s.s.faculty.FacultyServiceImpl : 学院 普利茅斯商学院 有 0 个专业
2026-01-12 15:41:55.653 INFO  [http-nio-8080-exec-6] c.s.s.faculty.FacultyServiceImpl : 开始获取学院 法学、人文与社会科学学院 (ID: 232) 的专业列表
2026-01-12 15:41:55.654 INFO  [http-nio-8080-exec-8] c.s.s.faculty.FacultyServiceImpl : 学院 诺丁汉艺术与设计学院 有 0 个专业
2026-01-12 15:41:55.654 INFO  [http-nio-8080-exec-8] c.s.service.schools.SchoolController : 成功获取到院校 71 的 9 个学院
2026-01-12 15:41:55.655 INFO  [http-nio-8080-exec-2] c.s.s.faculty.FacultyServiceImpl : 学院 酒店学院 有 0 个专业
2026-01-12 15:41:55.655 INFO  [http-nio-8080-exec-2] c.s.service.schools.SchoolController : 成功获取到院校 107 的 35 个学院
2026-01-12 15:41:55.655 INFO  [http-nio-8080-exec-9] c.s.s.faculty.FacultyServiceImpl : 找到 0 个学院
2026-01-12 15:41:55.655 INFO  [http-nio-8080-exec-9] c.s.service.schools.SchoolController : 成功获取到院校 53 的 0 个学院
2026-01-12 15:41:55.655 INFO  [http-nio-8080-exec-6] c.s.s.faculty.FacultyServiceImpl : 学院 法学、人文与社会科学学院 有 0 个专业
2026-01-12 15:41:55.655 INFO  [http-nio-8080-exec-6] c.s.s.faculty.FacultyServiceImpl : 开始获取学院 生物与海洋科学学院 (ID: 233) 的专业列表
2026-01-12 15:41:55.657 INFO  [http-nio-8080-exec-6] c.s.s.faculty.FacultyServiceImpl : 学院 生物与海洋科学学院 有 0 个专业
2026-01-12 15:41:55.657 INFO  [http-nio-8080-exec-6] c.s.s.faculty.FacultyServiceImpl : 开始获取学院 生物医学学院 (ID: 234) 的专业列表
2026-01-12 15:41:55.657 INFO  [http-nio-8080-exec-3] c.s.service.schools.SchoolController : 开始获取院校 80 的学院列表
2026-01-12 15:41:55.657 INFO  [http-nio-8080-exec-3] c.s.s.faculty.FacultyServiceImpl : 开始获取院校ID为 80 的学院列表
2026-01-12 15:41:55.659 INFO  [http-nio-8080-exec-6] c.s.s.faculty.FacultyServiceImpl : 学院 生物医学学院 有 0 个专业
2026-01-12 15:41:55.659 INFO  [http-nio-8080-exec-6] c.s.s.faculty.FacultyServiceImpl : 开始获取学院 艺术、设计与建筑学院 (ID: 235) 的专业列表
2026-01-12 15:41:55.661 INFO  [http-nio-8080-exec-10] c.s.service.schools.SchoolController : 开始获取院校 74 的学院列表
2026-01-12 15:41:55.661 INFO  [http-nio-8080-exec-10] c.s.s.faculty.FacultyServiceImpl : 开始获取院校ID为 74 的学院列表
2026-01-12 15:41:55.662 INFO  [http-nio-8080-exec-6] c.s.s.faculty.FacultyServiceImpl : 学院 艺术、设计与建筑学院 有 0 个专业
2026-01-12 15:41:55.662 INFO  [http-nio-8080-exec-6] c.s.service.schools.SchoolController : 成功获取到院校 54 的 11 个学院
2026-01-12 15:41:55.664 INFO  [http-nio-8080-exec-5] c.s.service.schools.SchoolController : 开始获取院校 51 的学院列表
2026-01-12 15:41:55.664 INFO  [http-nio-8080-exec-5] c.s.s.faculty.FacultyServiceImpl : 开始获取院校ID为 51 的学院列表
2026-01-12 15:41:55.664 INFO  [http-nio-8080-exec-4] c.s.service.schools.SchoolController : 开始获取院校 49 的学院列表
2026-01-12 15:41:55.664 INFO  [http-nio-8080-exec-7] c.s.service.schools.SchoolController : 开始获取院校 110 的学院列表
2026-01-12 15:41:55.665 INFO  [http-nio-8080-exec-7] c.s.s.faculty.FacultyServiceImpl : 开始获取院校ID为 110 的学院列表
2026-01-12 15:41:55.665 INFO  [http-nio-8080-exec-4] c.s.s.faculty.FacultyServiceImpl : 开始获取院校ID为 49 的学院列表
2026-01-12 15:41:55.666 INFO  [http-nio-8080-exec-3] c.s.s.faculty.FacultyServiceImpl : 找到 5 个学院
2026-01-12 15:41:55.666 INFO  [http-nio-8080-exec-3] c.s.s.faculty.FacultyServiceImpl : 开始获取学院 健康、社会关怀与教育学院 (ID: 528) 的专业列表
2026-01-12 15:41:55.667 INFO  [http-nio-8080-exec-1] c.s.service.schools.SchoolController : 开始获取院校 97 的学院列表
2026-01-12 15:41:55.667 INFO  [http-nio-8080-exec-1] c.s.s.faculty.FacultyServiceImpl : 开始获取院校ID为 97 的学院列表
2026-01-12 15:41:55.668 INFO  [http-nio-8080-exec-10] c.s.s.faculty.FacultyServiceImpl : 找到 13 个学院
2026-01-12 15:41:55.668 INFO  [http-nio-8080-exec-10] c.s.s.faculty.FacultyServiceImpl : 开始获取学院 人类学院 (ID: 496) 的专业列表
2026-01-12 15:41:55.668 INFO  [http-nio-8080-exec-3] c.s.s.faculty.FacultyServiceImpl : 学院 健康、社会关怀与教育学院 有 0 个专业
2026-01-12 15:41:55.668 INFO  [http-nio-8080-exec-3] c.s.s.faculty.FacultyServiceImpl : 开始获取学院 工程、计算机与环境学院 (ID: 529) 的专业列表
2026-01-12 15:41:55.668 INFO  [http-nio-8080-exec-10] c.s.s.faculty.FacultyServiceImpl : 学院 人类学院 有 0 个专业
2026-01-12 15:41:55.668 INFO  [http-nio-8080-exec-10] c.s.s.faculty.FacultyServiceImpl : 开始获取学院 创意和文化产业研究所 (ID: 497) 的专业列表
2026-01-12 15:41:55.668 INFO  [http-nio-8080-exec-5] c.s.s.faculty.FacultyServiceImpl : 找到 3 个学院
2026-01-12 15:41:55.668 INFO  [http-nio-8080-exec-5] c.s.s.faculty.FacultyServiceImpl : 开始获取学院 亚伯商学院 (ID: 222) 的专业列表
2026-01-12 15:41:55.668 INFO  [http-nio-8080-exec-7] c.s.s.faculty.FacultyServiceImpl : 找到 3 个学院
2026-01-12 15:41:55.668 INFO  [http-nio-8080-exec-7] c.s.s.faculty.FacultyServiceImpl : 开始获取学院 威斯敏斯特商学院 (ID: 698) 的专业列表
2026-01-12 15:41:55.668 INFO  [http-nio-8080-exec-4] c.s.s.faculty.FacultyServiceImpl : 找到 5 个学院
2026-01-12 15:41:55.668 INFO  [http-nio-8080-exec-3] c.s.s.faculty.FacultyServiceImpl : 学院 工程、计算机与环境学院 有 0 个专业
2026-01-12 15:41:55.668 INFO  [http-nio-8080-exec-3] c.s.s.faculty.FacultyServiceImpl : 开始获取学院 法律、社会科学与科学学院 (ID: 530) 的专业列表
2026-01-12 15:41:55.668 INFO  [http-nio-8080-exec-4] c.s.s.faculty.FacultyServiceImpl : 开始获取学院 创意与文化产业学院 (ID: 214) 的专业列表
2026-01-12 15:41:55.669 INFO  [http-nio-8080-exec-10] c.s.s.faculty.FacultyServiceImpl : 学院 创意和文化产业研究所 有 0 个专业
2026-01-12 15:41:55.669 INFO  [http-nio-8080-exec-10] c.s.s.faculty.FacultyServiceImpl : 开始获取学院 历史学 (ID: 498) 的专业列表
2026-01-12 15:41:55.669 INFO  [http-nio-8080-exec-5] c.s.s.faculty.FacultyServiceImpl : 学院 亚伯商学院 有 0 个专业
2026-01-12 15:41:55.669 INFO  [http-nio-8080-exec-5] c.s.s.faculty.FacultyServiceImpl : 开始获取学院 人文学院 (ID: 223) 的专业列表
2026-01-12 15:41:55.669 INFO  [http-nio-8080-exec-3] c.s.s.faculty.FacultyServiceImpl : 学院 法律、社会科学与科学学院 有 0 个专业
2026-01-12 15:41:55.669 INFO  [http-nio-8080-exec-3] c.s.s.faculty.FacultyServiceImpl : 开始获取学院 金斯顿商学院 (ID: 532) 的专业列表
2026-01-12 15:41:55.669 INFO  [http-nio-8080-exec-7] c.s.s.faculty.FacultyServiceImpl : 学院 威斯敏斯特商学院 有 0 个专业
2026-01-12 15:41:55.669 INFO  [http-nio-8080-exec-7] c.s.s.faculty.FacultyServiceImpl : 开始获取学院 文理学院 (ID: 699) 的专业列表
2026-01-12 15:41:55.669 INFO  [http-nio-8080-exec-5] c.s.s.faculty.FacultyServiceImpl : 学院 人文学院 有 0 个专业
2026-01-12 15:41:55.669 INFO  [http-nio-8080-exec-5] c.s.s.faculty.FacultyServiceImpl : 开始获取学院 理学院 (ID: 224) 的专业列表
2026-01-12 15:41:55.669 INFO  [http-nio-8080-exec-10] c.s.s.faculty.FacultyServiceImpl : 学院 历史学 有 0 个专业
2026-01-12 15:41:55.669 INFO  [http-nio-8080-exec-10] c.s.s.faculty.FacultyServiceImpl : 开始获取学院 媒体、传播与文化研究 (ID: 499) 的专业列表
2026-01-12 15:41:55.669 INFO  [http-nio-8080-exec-4] c.s.s.faculty.FacultyServiceImpl : 学院 创意与文化产业学院 有 0 个专业
2026-01-12 15:41:55.669 INFO  [http-nio-8080-exec-3] c.s.s.faculty.FacultyServiceImpl : 学院 金斯顿商学院 有 0 个专业
2026-01-12 15:41:55.669 INFO  [http-nio-8080-exec-3] c.s.s.faculty.FacultyServiceImpl : 开始获取学院 金斯顿艺术学院 (ID: 533) 的专业列表
2026-01-12 15:41:55.669 INFO  [http-nio-8080-exec-4] c.s.s.faculty.FacultyServiceImpl : 开始获取学院 创意产业商学院 (ID: 215) 的专业列表
2026-01-12 15:41:55.669 INFO  [http-nio-8080-exec-1] c.s.s.faculty.FacultyServiceImpl : 找到 4 个学院
2026-01-12 15:41:55.670 INFO  [http-nio-8080-exec-1] c.s.s.faculty.FacultyServiceImpl : 开始获取学院 健康、心理和社会关怀学院 (ID: 548) 的专业列表
2026-01-12 15:41:55.670 INFO  [http-nio-8080-exec-7] c.s.s.faculty.FacultyServiceImpl : 学院 文理学院 有 0 个专业
2026-01-12 15:41:55.670 INFO  [http-nio-8080-exec-7] c.s.s.faculty.FacultyServiceImpl : 开始获取学院 设计、创意和数字产业学院 (ID: 700) 的专业列表
2026-01-12 15:41:55.671 INFO  [http-nio-8080-exec-10] c.s.s.faculty.FacultyServiceImpl : 学院 媒体、传播与文化研究 有 0 个专业
2026-01-12 15:41:55.671 INFO  [http-nio-8080-exec-10] c.s.s.faculty.FacultyServiceImpl : 开始获取学院 心理学 (ID: 500) 的专业列表
2026-01-12 15:41:55.671 INFO  [http-nio-8080-exec-1] c.s.s.faculty.FacultyServiceImpl : 学院 健康、心理和社会关怀学院 有 0 个专业
2026-01-12 15:41:55.671 INFO  [http-nio-8080-exec-7] c.s.s.faculty.FacultyServiceImpl : 学院 设计、创意和数字产业学院 有 0 个专业
2026-01-12 15:41:55.672 INFO  [http-nio-8080-exec-1] c.s.s.faculty.FacultyServiceImpl : 开始获取学院 商法、法律和社会科学学院 (ID: 549) 的专业列表
2026-01-12 15:41:55.672 INFO  [http-nio-8080-exec-5] c.s.s.faculty.FacultyServiceImpl : 学院 理学院 有 0 个专业
2026-01-12 15:41:55.672 INFO  [http-nio-8080-exec-5] c.s.service.schools.SchoolController : 成功获取到院校 51 的 3 个学院
2026-01-12 15:41:55.672 INFO  [http-nio-8080-exec-7] c.s.service.schools.SchoolController : 成功获取到院校 110 的 3 个学院
2026-01-12 15:41:55.672 INFO  [http-nio-8080-exec-4] c.s.s.faculty.FacultyServiceImpl : 学院 创意产业商学院 有 0 个专业
2026-01-12 15:41:55.672 INFO  [http-nio-8080-exec-3] c.s.s.faculty.FacultyServiceImpl : 学院 金斯顿艺术学院 有 0 个专业
2026-01-12 15:41:55.672 INFO  [http-nio-8080-exec-3] c.s.service.schools.SchoolController : 成功获取到院校 80 的 5 个学院
2026-01-12 15:41:55.672 INFO  [http-nio-8080-exec-4] c.s.s.faculty.FacultyServiceImpl : 开始获取学院 游戏与创意技术学院 (ID: 216) 的专业列表
2026-01-12 15:41:55.673 INFO  [http-nio-8080-exec-10] c.s.s.faculty.FacultyServiceImpl : 学院 心理学 有 0 个专业
2026-01-12 15:41:55.673 INFO  [http-nio-8080-exec-10] c.s.s.faculty.FacultyServiceImpl : 开始获取学院 戏剧与表演研究 (ID: 501) 的专业列表
2026-01-12 15:41:55.673 INFO  [http-nio-8080-exec-4] c.s.s.faculty.FacultyServiceImpl : 学院 游戏与创意技术学院 有 0 个专业
2026-01-12 15:41:55.673 INFO  [http-nio-8080-exec-4] c.s.s.faculty.FacultyServiceImpl : 开始获取学院 电影、媒体与表演艺术学院 (ID: 217) 的专业列表
2026-01-12 15:41:55.673 INFO  [http-nio-8080-exec-1] c.s.s.faculty.FacultyServiceImpl : 学院 商法、法律和社会科学学院 有 0 个专业
2026-01-12 15:41:55.673 INFO  [http-nio-8080-exec-1] c.s.s.faculty.FacultyServiceImpl : 开始获取学院 科学与工程学院 (ID: 550) 的专业列表
2026-01-12 15:41:55.673 INFO  [http-nio-8080-exec-10] c.s.s.faculty.FacultyServiceImpl : 学院 戏剧与表演研究 有 0 个专业
2026-01-12 15:41:55.673 INFO  [http-nio-8080-exec-10] c.s.s.faculty.FacultyServiceImpl : 开始获取学院 战略传播学院 (ID: 502) 的专业列表
2026-01-12 15:41:55.682 INFO  [http-nio-8080-exec-1] c.s.s.faculty.FacultyServiceImpl : 学院 科学与工程学院 有 0 个专业
2026-01-12 15:41:55.683 INFO  [http-nio-8080-exec-1] c.s.s.faculty.FacultyServiceImpl : 开始获取学院 艺术、人文和教育学院 (ID: 551) 的专业列表
2026-01-12 15:41:55.683 INFO  [http-nio-8080-exec-10] c.s.s.faculty.FacultyServiceImpl : 学院 战略传播学院 有 0 个专业
2026-01-12 15:41:55.683 INFO  [http-nio-8080-exec-10] c.s.s.faculty.FacultyServiceImpl : 开始获取学院 社会学 (ID: 503) 的专业列表
2026-01-12 15:41:55.683 INFO  [http-nio-8080-exec-4] c.s.s.faculty.FacultyServiceImpl : 学院 电影、媒体与表演艺术学院 有 0 个专业
2026-01-12 15:41:55.683 INFO  [http-nio-8080-exec-4] c.s.s.faculty.FacultyServiceImpl : 开始获取学院 艺术、建筑与设计学院 (ID: 218) 的专业列表
2026-01-12 15:41:55.684 INFO  [http-nio-8080-exec-1] c.s.s.faculty.FacultyServiceImpl : 学院 艺术、人文和教育学院 有 0 个专业
2026-01-12 15:41:55.684 INFO  [http-nio-8080-exec-1] c.s.service.schools.SchoolController : 成功获取到院校 97 的 4 个学院
2026-01-12 15:41:55.684 INFO  [http-nio-8080-exec-10] c.s.s.faculty.FacultyServiceImpl : 学院 社会学 有 0 个专业
2026-01-12 15:41:55.684 INFO  [http-nio-8080-exec-4] c.s.s.faculty.FacultyServiceImpl : 学院 艺术、建筑与设计学院 有 0 个专业
2026-01-12 15:41:55.684 INFO  [http-nio-8080-exec-10] c.s.s.faculty.FacultyServiceImpl : 开始获取学院 管理与文化学院 (ID: 504) 的专业列表
2026-01-12 15:41:55.684 INFO  [http-nio-8080-exec-4] c.s.service.schools.SchoolController : 成功获取到院校 49 的 5 个学院
2026-01-12 15:41:55.685 INFO  [http-nio-8080-exec-10] c.s.s.faculty.FacultyServiceImpl : 学院 管理与文化学院 有 0 个专业
2026-01-12 15:41:55.686 INFO  [http-nio-8080-exec-10] c.s.s.faculty.FacultyServiceImpl : 开始获取学院 艺术史 (ID: 505) 的专业列表
2026-01-12 15:41:55.687 INFO  [http-nio-8080-exec-10] c.s.s.faculty.FacultyServiceImpl : 学院 艺术史 有 0 个专业
2026-01-12 15:41:55.687 INFO  [http-nio-8080-exec-10] c.s.s.faculty.FacultyServiceImpl : 开始获取学院 计算机科学 (ID: 506) 的专业列表
2026-01-12 15:41:55.688 INFO  [http-nio-8080-exec-10] c.s.s.faculty.FacultyServiceImpl : 学院 计算机科学 有 0 个专业
2026-01-12 15:41:55.688 INFO  [http-nio-8080-exec-10] c.s.s.faculty.FacultyServiceImpl : 开始获取学院 设计学 (ID: 507) 的专业列表
2026-01-12 15:41:55.691 INFO  [http-nio-8080-exec-10] c.s.s.faculty.FacultyServiceImpl : 学院 设计学 有 0 个专业
2026-01-12 15:41:55.691 INFO  [http-nio-8080-exec-10] c.s.s.faculty.FacultyServiceImpl : 开始获取学院 音乐学 (ID: 508) 的专业列表
2026-01-12 15:41:55.692 INFO  [http-nio-8080-exec-10] c.s.s.faculty.FacultyServiceImpl : 学院 音乐学 有 0 个专业
2026-01-12 15:41:55.692 INFO  [http-nio-8080-exec-10] c.s.service.schools.SchoolController : 成功获取到院校 74 的 13 个学院
2026-01-12 15:41:56.417 INFO  [http-nio-8080-exec-3] c.s.s.a.ApplicationSchoolController : Received request for applications with userId: null, studentId: null, country: null
2026-01-12 15:41:56.418 INFO  [http-nio-8080-exec-3] c.s.s.a.ApplicationSchoolServiceImpl : Getting submitted applications for userId: null, studentId: null, country: null
2026-01-12 15:41:56.418 INFO  [http-nio-8080-exec-3] c.s.s.a.ApplicationSchoolServiceImpl : Admin view: Querying all applications without filters
2026-01-12 15:41:56.425 INFO  [http-nio-8080-exec-3] c.s.s.a.ApplicationSchoolServiceImpl : Admin view: Found 30 applications
2026-01-12 15:41:56.425 INFO  [http-nio-8080-exec-3] c.s.s.a.ApplicationSchoolServiceImpl : Application found - ID: 118, StudentID: 123162, StudentName: cxw, SchoolName: 牛津大学
2026-01-12 15:41:56.425 INFO  [http-nio-8080-exec-3] c.s.s.a.ApplicationSchoolServiceImpl : Application found - ID: 115, StudentID: 123157, StudentName: test3, SchoolName: 牛津大学
2026-01-12 15:41:56.425 INFO  [http-nio-8080-exec-3] c.s.s.a.ApplicationSchoolServiceImpl : Application found - ID: 114, StudentID: 123156, StudentName: test2, SchoolName: 牛津大学
2026-01-12 15:41:56.425 INFO  [http-nio-8080-exec-3] c.s.s.a.ApplicationSchoolServiceImpl : Application found - ID: 110, StudentID: 123155, StudentName: 畅, SchoolName: 牛津大学
2026-01-12 15:41:56.425 INFO  [http-nio-8080-exec-3] c.s.s.a.ApplicationSchoolServiceImpl : Application found - ID: 109, StudentID: 123154, StudentName: the shy, SchoolName: 牛津大学
2026-01-12 15:41:56.425 INFO  [http-nio-8080-exec-3] c.s.s.a.ApplicationSchoolServiceImpl : Application found - ID: 55, StudentID: 123143, StudentName: chen, SchoolName: 斯坦福大学
2026-01-12 15:41:56.425 INFO  [http-nio-8080-exec-3] c.s.s.a.ApplicationSchoolServiceImpl : Application found - ID: 54, StudentID: 123143, StudentName: chen, SchoolName: 牛津大学
2026-01-12 15:41:56.425 INFO  [http-nio-8080-exec-3] c.s.s.a.ApplicationSchoolServiceImpl : Application found - ID: 47, StudentID: 123141, StudentName: cs, SchoolName: 爱丁堡大学
2026-01-12 15:41:56.425 INFO  [http-nio-8080-exec-3] c.s.s.a.ApplicationSchoolServiceImpl : Application found - ID: 46, StudentID: 123141, StudentName: cs, SchoolName: 新加坡国立大学
2026-01-12 15:41:56.425 INFO  [http-nio-8080-exec-3] c.s.s.a.ApplicationSchoolServiceImpl : Application found - ID: 45, StudentID: 123141, StudentName: cs, SchoolName: 斯坦福大学
2026-01-12 15:41:56.425 INFO  [http-nio-8080-exec-3] c.s.s.a.ApplicationSchoolServiceImpl : Application found - ID: 41, StudentID: 123138, StudentName: wseq, SchoolName: 杜伦大学
2026-01-12 15:41:56.425 INFO  [http-nio-8080-exec-3] c.s.s.a.ApplicationSchoolServiceImpl : Application found - ID: 32, StudentID: 123136, StudentName: 大毛, SchoolName: 斯坦福大学
2026-01-12 15:41:56.425 INFO  [http-nio-8080-exec-3] c.s.s.a.ApplicationSchoolServiceImpl : Application found - ID: 31, StudentID: 123136, StudentName: 大毛, SchoolName: 澳大利亚国立大学
2026-01-12 15:41:56.425 INFO  [http-nio-8080-exec-3] c.s.s.a.ApplicationSchoolServiceImpl : Application found - ID: 30, StudentID: 123136, StudentName: 大毛, SchoolName: 新加坡国立大学
2026-01-12 15:41:56.425 INFO  [http-nio-8080-exec-3] c.s.s.a.ApplicationSchoolServiceImpl : Application found - ID: 29, StudentID: 123136, StudentName: 大毛, SchoolName: 斯坦福大学
2026-01-12 15:41:56.425 INFO  [http-nio-8080-exec-3] c.s.s.a.ApplicationSchoolServiceImpl : Application found - ID: 25, StudentID: 123127, StudentName: cxw, SchoolName: 悉尼大学
2026-01-12 15:41:56.425 INFO  [http-nio-8080-exec-3] c.s.s.a.ApplicationSchoolServiceImpl : Application found - ID: 24, StudentID: 123125, StudentName: 轩轩, SchoolName: 悉尼大学
2026-01-12 15:41:56.425 INFO  [http-nio-8080-exec-3] c.s.s.a.ApplicationSchoolServiceImpl : Application found - ID: 23, StudentID: 123125, StudentName: 轩轩, SchoolName: 剑桥大学
2026-01-12 15:41:56.425 INFO  [http-nio-8080-exec-3] c.s.s.a.ApplicationSchoolServiceImpl : Application found - ID: 22, StudentID: 123125, StudentName: 轩轩, SchoolName: 香港大学
2026-01-12 15:41:56.425 INFO  [http-nio-8080-exec-3] c.s.s.a.ApplicationSchoolServiceImpl : Application found - ID: 21, StudentID: 123125, StudentName: 轩轩, SchoolName: 剑桥大学
2026-01-12 15:41:56.425 INFO  [http-nio-8080-exec-3] c.s.s.a.ApplicationSchoolServiceImpl : Application found - ID: 20, StudentID: 123125, StudentName: 轩轩, SchoolName: 香港科技大学
2026-01-12 15:41:56.425 INFO  [http-nio-8080-exec-3] c.s.s.a.ApplicationSchoolServiceImpl : Application found - ID: 19, StudentID: 123127, StudentName: cxw, SchoolName: 墨尔本大学
2026-01-12 15:41:56.425 INFO  [http-nio-8080-exec-3] c.s.s.a.ApplicationSchoolServiceImpl : Application found - ID: 18, StudentID: 123127, StudentName: cxw, SchoolName: 香港科技大学
2026-01-12 15:41:56.425 INFO  [http-nio-8080-exec-3] c.s.s.a.ApplicationSchoolServiceImpl : Application found - ID: 17, StudentID: 123127, StudentName: cxw, SchoolName: 悉尼大学
2026-01-12 15:41:56.425 INFO  [http-nio-8080-exec-3] c.s.s.a.ApplicationSchoolServiceImpl : Application found - ID: 16, StudentID: 123125, StudentName: 轩轩, SchoolName: 牛津大学
2026-01-12 15:41:56.425 INFO  [http-nio-8080-exec-3] c.s.s.a.ApplicationSchoolServiceImpl : Application found - ID: 15, StudentID: 123125, StudentName: 轩轩, SchoolName: 剑桥大学
2026-01-12 15:41:56.425 INFO  [http-nio-8080-exec-3] c.s.s.a.ApplicationSchoolServiceImpl : Application found - ID: 14, StudentID: 123125, StudentName: 轩轩, SchoolName: 剑桥大学
2026-01-12 15:41:56.425 INFO  [http-nio-8080-exec-3] c.s.s.a.ApplicationSchoolServiceImpl : Application found - ID: 8, StudentID: 3, StudentName: 张四, SchoolName: 牛津大学
2026-01-12 15:41:56.425 INFO  [http-nio-8080-exec-3] c.s.s.a.ApplicationSchoolServiceImpl : Application found - ID: 7, StudentID: 3, StudentName: 张四, SchoolName: 斯坦福大学
2026-01-12 15:41:56.425 INFO  [http-nio-8080-exec-3] c.s.s.a.ApplicationSchoolServiceImpl : Application found - ID: 6, StudentID: 3, StudentName: 张四, SchoolName: 悉尼大学
2026-01-12 15:41:56.425 INFO  [http-nio-8080-exec-3] c.s.s.a.ApplicationSchoolController : Found 30 applications
2026-01-12 15:43:04.212 INFO  [http-nio-8080-exec-6] c.s.s.adminuser.AdminUserServiceImpl : 总用户数: 5
2026-01-12 15:43:04.225 INFO  [http-nio-8080-exec-6] c.s.s.adminuser.AdminUserServiceImpl : 活跃用户数: 5, 未激活用户数: 0
2026-01-12 15:43:04.232 INFO  [http-nio-8080-exec-6] c.s.s.adminuser.AdminUserServiceImpl : 数据库中存在的所有角色: [consultant, superAdmin]
2026-01-12 15:43:04.232 INFO  [http-nio-8080-exec-6] c.s.s.adminuser.AdminUserServiceImpl : 开始检查角色数量分布...
2026-01-12 15:43:04.234 INFO  [http-nio-8080-exec-6] c.s.s.adminuser.AdminUserServiceImpl : 角色 [consultant] 的用户数量: 4
2026-01-12 15:43:04.235 INFO  [http-nio-8080-exec-6] c.s.s.adminuser.AdminUserServiceImpl : 角色 [superAdmin] 的用户数量: 1
2026-01-12 15:43:04.235 INFO  [http-nio-8080-exec-6] c.s.s.adminuser.AdminUserServiceImpl : 开始按角色统计用户数量...
2026-01-12 15:43:04.236 INFO  [http-nio-8080-exec-6] c.s.s.adminuser.AdminUserServiceImpl : 超级管理员用户数: 1
2026-01-12 15:43:04.237 INFO  [http-nio-8080-exec-6] c.s.s.adminuser.AdminUserServiceImpl : 普通管理员用户数: 0
2026-01-12 15:43:04.237 INFO  [http-nio-8080-exec-6] c.s.s.adminuser.AdminUserServiceImpl : 咨询顾问用户数: 4
2026-01-12 15:43:04.238 INFO  [http-nio-8080-exec-6] c.s.s.adminuser.AdminUserServiceImpl : 财务人员用户数: 0
2026-01-12 15:43:04.239 INFO  [http-nio-8080-exec-6] c.s.s.adminuser.AdminUserServiceImpl : 数据分析师用户数: 0
2026-01-12 15:43:04.249 INFO  [http-nio-8080-exec-6] c.s.s.adminuser.AdminUserServiceImpl : 最近一周活跃用户数: 0
2026-01-12 15:43:04.249 INFO  [http-nio-8080-exec-6] c.s.s.adminuser.AdminUserServiceImpl : 角色统计完成 - 超级管理员: 1, 普通管理员: 0, 咨询顾问: 4, 财务人员: 0, 数据分析师: 0
2026-01-12 15:43:04.250 INFO  [http-nio-8080-exec-6] c.s.s.adminuser.AdminUserServiceImpl : 最终统计结果: StatisticsDTO(totalUsers=5, activeUsers=5, adminUsers=0, superAdminUsers=1, normalAdminUsers=0, consultantUsers=4, financialUsers=0, dataAnalystUsers=0, inactiveUsers=0, teacherUsers=0)
2026-01-12 15:43:04.252 INFO  [http-nio-8080-exec-6] c.s.s.adminuser.AdminUserController : 返回统计数据: {totalUsers=5, activeUsers=5, inactiveUsers=0, superAdminUsers=1, normalAdminUsers=0, consultantUsers=4, financialUsers=0, dataAnalystUsers=0}
2026-01-12 15:43:07.656 INFO  [http-nio-8080-exec-9] com.study.service.log.LogController : 获取日志类型选项
2026-01-12 15:43:07.656 INFO  [http-nio-8080-exec-1] com.study.service.log.LogController : 获取系统模块选项
2026-01-12 15:43:07.713 INFO  [http-nio-8080-exec-7] com.study.service.log.LogController : 查询日志列表，参数: LogQueryParams(pageNum=1, pageSize=10, operType=null, operName=null, title=null, status=null, beginTime=null, endTime=null, studentId=null, pageModule=null, logType=null, modules=null)
2026-01-12 15:43:07.753 INFO  [http-nio-8080-exec-7] com.study.service.log.LogAspect : 操作执行时间: 59ms
2026-01-12 15:43:09.986 INFO  [http-nio-8080-exec-5] com.study.service.log.LogController : 查询日志列表，参数: LogQueryParams(pageNum=1, pageSize=10, operType=null, operName=null, title=null, status=null, beginTime=null, endTime=null, studentId=null, pageModule=null, logType=null, modules=null)
2026-01-12 15:43:09.999 INFO  [http-nio-8080-exec-5] com.study.service.log.LogAspect : 操作执行时间: 14ms
2026-01-12 17:46:50.981 INFO  [http-nio-8080-exec-4] c.s.service.login.LoginController : 记录来源页面：/login | SessionID：779C79459A243E7EE5A7699CB960ACB5
2026-01-12 17:47:07.169 INFO  [http-nio-8080-exec-8] c.s.service.login.LoginController : 注册请求，用户名: test6，邮箱: 1231d@163.com
2026-01-12 17:47:07.225 INFO  [http-nio-8080-exec-8] c.s.service.login.LoginServiceImpl : 开始创建新用户，用户名: test6, 邮箱: 1231d@163.com
2026-01-12 17:47:07.319 INFO  [http-nio-8080-exec-8] c.s.service.login.LoginServiceImpl : 准备插入用户，设置的email值: 1231d@163.com
2026-01-12 17:47:07.349 INFO  [http-nio-8080-exec-8] c.s.service.login.LoginServiceImpl : 用户保存结果: 1, 用户ID: 47, 保存后的email: 1231d@163.com
2026-01-12 17:47:07.351 INFO  [http-nio-8080-exec-8] c.s.service.login.LoginServiceImpl : 返回最终用户数据，ID: 47, 用户名: test6, 邮箱: 1231d@163.com
2026-01-12 17:47:07.359 INFO  [http-nio-8080-exec-8] c.s.service.login.LoginController : 注册成功，用户ID: 47, 用户名: test6, 邮箱: 1231d@163.com
2026-01-12 17:47:08.388 INFO  [http-nio-8080-exec-10] c.s.service.login.LoginController : 登录请求到达，用户名：test6
2026-01-12 17:47:08.519 INFO  [http-nio-8080-exec-10] c.s.service.login.LoginController : 获取到来源页面：/login | SessionID：779C79459A243E7EE5A7699CB960ACB5
2026-01-12 17:47:21.251 INFO  [http-nio-8080-exec-1] c.s.service.schools.SchoolController : 开始获取院校 12 的学院列表
2026-01-12 17:47:21.252 INFO  [http-nio-8080-exec-1] c.s.s.faculty.FacultyServiceImpl : 开始获取院校ID为 12 的学院列表
2026-01-12 17:47:21.264 INFO  [http-nio-8080-exec-1] c.s.s.faculty.FacultyServiceImpl : 找到 5 个学院
2026-01-12 17:47:21.264 INFO  [http-nio-8080-exec-1] c.s.s.faculty.FacultyServiceImpl : 开始获取学院 工程学院 (ID: 35) 的专业列表
2026-01-12 17:47:21.356 INFO  [http-nio-8080-exec-1] c.s.s.faculty.FacultyServiceImpl : 学院 工程学院 有 52 个专业
2026-01-12 17:47:21.358 INFO  [http-nio-8080-exec-1] c.s.s.faculty.FacultyServiceImpl : 开始获取学院 商学院 (ID: 36) 的专业列表
2026-01-12 17:47:21.365 INFO  [http-nio-8080-exec-1] c.s.s.faculty.FacultyServiceImpl : 学院 商学院 有 29 个专业
2026-01-12 17:47:21.365 INFO  [http-nio-8080-exec-1] c.s.s.faculty.FacultyServiceImpl : 开始获取学院 医学院 (ID: 37) 的专业列表
2026-01-12 17:47:21.372 INFO  [http-nio-8080-exec-1] c.s.s.faculty.FacultyServiceImpl : 学院 医学院 有 34 个专业
2026-01-12 17:47:21.372 INFO  [http-nio-8080-exec-1] c.s.s.faculty.FacultyServiceImpl : 开始获取学院 自然科学学院 (ID: 723) 的专业列表
2026-01-12 17:47:21.398 INFO  [http-nio-8080-exec-1] c.s.s.faculty.FacultyServiceImpl : 学院 自然科学学院 有 72 个专业
2026-01-12 17:47:21.398 INFO  [http-nio-8080-exec-1] c.s.s.faculty.FacultyServiceImpl : 开始获取学院 语言、文化和交流中心 (ID: 724) 的专业列表
2026-01-12 17:47:21.399 INFO  [http-nio-8080-exec-1] c.s.s.faculty.FacultyServiceImpl : 学院 语言、文化和交流中心 有 2 个专业
2026-01-12 17:47:21.399 INFO  [http-nio-8080-exec-1] c.s.service.schools.SchoolController : 成功获取到院校 12 的 5 个学院
2026-01-12 17:48:02.030 INFO  [http-nio-8080-exec-10] c.s.s.students.StudentController : 获取用户ID为 47 的学生信息
2026-01-12 17:48:02.035 INFO  [http-nio-8080-exec-10] c.s.s.students.StudentServiceImpl : 获取用户ID为 47 的学生信息
2026-01-12 17:48:02.084 INFO  [http-nio-8080-exec-10] c.s.s.students.StudentServiceImpl : 未找到用户ID为 47 的学生信息
2026-01-12 17:48:02.097 INFO  [http-nio-8080-exec-6] c.s.s.faculty.FacultyServiceImpl : 开始获取院校ID为 152 的学院列表
2026-01-12 17:48:02.102 INFO  [http-nio-8080-exec-6] c.s.s.faculty.FacultyServiceImpl : 找到 0 个学院
2026-01-12 17:48:02.102 INFO  [http-nio-8080-exec-6] c.s.s.faculty.FacultyServiceImpl : 开始获取院校ID为 134 的学院列表
2026-01-12 17:48:02.104 INFO  [http-nio-8080-exec-6] c.s.s.faculty.FacultyServiceImpl : 找到 0 个学院
2026-01-12 17:48:02.104 INFO  [http-nio-8080-exec-6] c.s.s.faculty.FacultyServiceImpl : 开始获取院校ID为 129 的学院列表
2026-01-12 17:48:02.105 INFO  [http-nio-8080-exec-6] c.s.s.faculty.FacultyServiceImpl : 找到 0 个学院
2026-01-12 17:48:02.105 INFO  [http-nio-8080-exec-6] c.s.s.faculty.FacultyServiceImpl : 开始获取院校ID为 61 的学院列表
2026-01-12 17:48:02.109 INFO  [http-nio-8080-exec-6] c.s.s.faculty.FacultyServiceImpl : 找到 15 个学院
2026-01-12 17:48:02.109 INFO  [http-nio-8080-exec-6] c.s.s.faculty.FacultyServiceImpl : 开始获取学院 东亚语言文化系 (ID: 640) 的专业列表
2026-01-12 17:48:02.110 INFO  [http-nio-8080-exec-6] c.s.s.faculty.FacultyServiceImpl : 学院 东亚语言文化系 有 0 个专业
2026-01-12 17:48:02.110 INFO  [http-nio-8080-exec-6] c.s.s.faculty.FacultyServiceImpl : 开始获取学院 人类学与社会学系 (ID: 641) 的专业列表
2026-01-12 17:48:02.110 INFO  [http-nio-8080-exec-6] c.s.s.faculty.FacultyServiceImpl : 学院 人类学与社会学系 有 0 个专业
2026-01-12 17:48:02.110 INFO  [http-nio-8080-exec-6] c.s.s.faculty.FacultyServiceImpl : 开始获取学院 全球媒体与传播中心 (ID: 642) 的专业列表
2026-01-12 17:48:02.111 INFO  [http-nio-8080-exec-6] c.s.s.faculty.FacultyServiceImpl : 学院 全球媒体与传播中心 有 0 个专业
2026-01-12 17:48:02.111 INFO  [http-nio-8080-exec-6] c.s.s.faculty.FacultyServiceImpl : 开始获取学院 历史、宗教与哲学学院 (ID: 643) 的专业列表
2026-01-12 17:48:02.111 INFO  [http-nio-8080-exec-6] c.s.s.faculty.FacultyServiceImpl : 学院 历史、宗教与哲学学院 有 0 个专业
2026-01-12 17:48:02.111 INFO  [http-nio-8080-exec-6] c.s.s.faculty.FacultyServiceImpl : 开始获取学院 发展研究系 (ID: 644) 的专业列表
2026-01-12 17:48:02.111 INFO  [http-nio-8080-exec-6] c.s.s.faculty.FacultyServiceImpl : 学院 发展研究系 有 0 个专业
2026-01-12 17:48:02.111 INFO  [http-nio-8080-exec-6] c.s.s.faculty.FacultyServiceImpl : 开始获取学院 国际研究与外交中心 (ID: 645) 的专业列表
2026-01-12 17:48:02.112 INFO  [http-nio-8080-exec-6] c.s.s.faculty.FacultyServiceImpl : 学院 国际研究与外交中心 有 0 个专业
2026-01-12 17:48:02.112 INFO  [http-nio-8080-exec-6] c.s.s.faculty.FacultyServiceImpl : 开始获取学院 性别研究中心 (ID: 646) 的专业列表
2026-01-12 17:48:02.112 INFO  [http-nio-8080-exec-6] c.s.s.faculty.FacultyServiceImpl : 学院 性别研究中心 有 0 个专业
2026-01-12 17:48:02.112 INFO  [http-nio-8080-exec-6] c.s.s.faculty.FacultyServiceImpl : 开始获取学院 政治与国际研究系 (ID: 647) 的专业列表
2026-01-12 17:48:02.112 INFO  [http-nio-8080-exec-6] c.s.s.faculty.FacultyServiceImpl : 学院 政治与国际研究系 有 0 个专业
2026-01-12 17:48:02.112 INFO  [http-nio-8080-exec-6] c.s.s.faculty.FacultyServiceImpl : 开始获取学院 法学院 (ID: 648) 的专业列表
2026-01-12 17:48:02.113 INFO  [http-nio-8080-exec-6] c.s.s.faculty.FacultyServiceImpl : 学院 法学院 有 0 个专业
2026-01-12 17:48:02.113 INFO  [http-nio-8080-exec-6] c.s.s.faculty.FacultyServiceImpl : 开始获取学院 经济学系 (ID: 649) 的专业列表
2026-01-12 17:48:02.117 INFO  [http-nio-8080-exec-6] c.s.s.faculty.FacultyServiceImpl : 学院 经济学系 有 0 个专业
2026-01-12 17:48:02.117 INFO  [http-nio-8080-exec-6] c.s.s.faculty.FacultyServiceImpl : 开始获取学院 艺术学院 (ID: 650) 的专业列表
2026-01-12 17:48:02.118 INFO  [http-nio-8080-exec-6] c.s.s.faculty.FacultyServiceImpl : 学院 艺术学院 有 0 个专业
2026-01-12 17:48:02.118 INFO  [http-nio-8080-exec-6] c.s.s.faculty.FacultyServiceImpl : 开始获取学院 语言、文化与语言学学院 (ID: 651) 的专业列表
2026-01-12 17:48:02.118 INFO  [http-nio-8080-exec-6] c.s.s.faculty.FacultyServiceImpl : 学院 语言、文化与语言学学院 有 0 个专业
2026-01-12 17:48:02.118 INFO  [http-nio-8080-exec-6] c.s.s.faculty.FacultyServiceImpl : 开始获取学院 近东和中东语言与文化系 (ID: 652) 的专业列表
2026-01-12 17:48:02.119 INFO  [http-nio-8080-exec-6] c.s.s.faculty.FacultyServiceImpl : 学院 近东和中东语言与文化系 有 0 个专业
2026-01-12 17:48:02.119 INFO  [http-nio-8080-exec-6] c.s.s.faculty.FacultyServiceImpl : 开始获取学院 金融与管理学院 (ID: 653) 的专业列表
2026-01-12 17:48:02.119 INFO  [http-nio-8080-exec-6] c.s.s.faculty.FacultyServiceImpl : 学院 金融与管理学院 有 0 个专业
2026-01-12 17:48:02.119 INFO  [http-nio-8080-exec-6] c.s.s.faculty.FacultyServiceImpl : 开始获取学院 非洲语言、文化和文学系 (ID: 654) 的专业列表
2026-01-12 17:48:02.119 INFO  [http-nio-8080-exec-6] c.s.s.faculty.FacultyServiceImpl : 学院 非洲语言、文化和文学系 有 0 个专业
2026-01-12 17:48:02.119 INFO  [http-nio-8080-exec-6] c.s.s.faculty.FacultyServiceImpl : 开始获取院校ID为 150 的学院列表
2026-01-12 17:48:02.122 INFO  [http-nio-8080-exec-6] c.s.s.faculty.FacultyServiceImpl : 找到 0 个学院
2026-01-12 17:48:02.122 INFO  [http-nio-8080-exec-6] c.s.s.faculty.FacultyServiceImpl : 开始获取院校ID为 124 的学院列表
2026-01-12 17:48:02.125 INFO  [http-nio-8080-exec-6] c.s.s.faculty.FacultyServiceImpl : 找到 0 个学院
2026-01-12 17:48:02.125 INFO  [http-nio-8080-exec-6] c.s.s.faculty.FacultyServiceImpl : 开始获取院校ID为 137 的学院列表
2026-01-12 17:48:02.126 INFO  [http-nio-8080-exec-6] c.s.s.faculty.FacultyServiceImpl : 找到 0 个学院
2026-01-12 17:48:02.126 INFO  [http-nio-8080-exec-6] c.s.s.faculty.FacultyServiceImpl : 开始获取院校ID为 121 的学院列表
2026-01-12 17:48:02.127 INFO  [http-nio-8080-exec-6] c.s.s.faculty.FacultyServiceImpl : 找到 0 个学院
2026-01-12 17:48:02.127 INFO  [http-nio-8080-exec-6] c.s.s.faculty.FacultyServiceImpl : 开始获取院校ID为 135 的学院列表
2026-01-12 17:48:02.128 INFO  [http-nio-8080-exec-6] c.s.s.faculty.FacultyServiceImpl : 找到 0 个学院
2026-01-12 17:48:02.128 INFO  [http-nio-8080-exec-6] c.s.s.faculty.FacultyServiceImpl : 开始获取院校ID为 149 的学院列表
2026-01-12 17:48:02.129 INFO  [http-nio-8080-exec-6] c.s.s.faculty.FacultyServiceImpl : 找到 0 个学院
2026-01-12 17:48:02.129 INFO  [http-nio-8080-exec-6] c.s.s.faculty.FacultyServiceImpl : 开始获取院校ID为 143 的学院列表
2026-01-12 17:48:02.129 INFO  [http-nio-8080-exec-6] c.s.s.faculty.FacultyServiceImpl : 找到 0 个学院
2026-01-12 17:48:02.129 INFO  [http-nio-8080-exec-6] c.s.s.faculty.FacultyServiceImpl : 开始获取院校ID为 136 的学院列表
2026-01-12 17:48:02.130 INFO  [http-nio-8080-exec-6] c.s.s.faculty.FacultyServiceImpl : 找到 0 个学院
2026-01-12 17:48:02.130 INFO  [http-nio-8080-exec-6] c.s.s.faculty.FacultyServiceImpl : 开始获取院校ID为 138 的学院列表
2026-01-12 17:48:02.131 INFO  [http-nio-8080-exec-6] c.s.s.faculty.FacultyServiceImpl : 找到 0 个学院
2026-01-12 17:48:02.131 INFO  [http-nio-8080-exec-6] c.s.s.faculty.FacultyServiceImpl : 开始获取院校ID为 146 的学院列表
2026-01-12 17:48:02.132 INFO  [http-nio-8080-exec-6] c.s.s.faculty.FacultyServiceImpl : 找到 0 个学院
2026-01-12 17:48:02.132 INFO  [http-nio-8080-exec-6] c.s.s.faculty.FacultyServiceImpl : 开始获取院校ID为 147 的学院列表
2026-01-12 17:48:02.132 INFO  [http-nio-8080-exec-6] c.s.s.faculty.FacultyServiceImpl : 找到 0 个学院
2026-01-12 17:48:02.132 INFO  [http-nio-8080-exec-6] c.s.s.faculty.FacultyServiceImpl : 开始获取院校ID为 139 的学院列表
2026-01-12 17:48:02.134 INFO  [http-nio-8080-exec-6] c.s.s.faculty.FacultyServiceImpl : 找到 0 个学院
2026-01-12 17:48:02.134 INFO  [http-nio-8080-exec-6] c.s.s.faculty.FacultyServiceImpl : 开始获取院校ID为 153 的学院列表
2026-01-12 17:48:02.135 INFO  [http-nio-8080-exec-6] c.s.s.faculty.FacultyServiceImpl : 找到 0 个学院
2026-01-12 17:48:02.135 INFO  [http-nio-8080-exec-6] c.s.s.faculty.FacultyServiceImpl : 开始获取院校ID为 140 的学院列表
2026-01-12 17:48:02.136 INFO  [http-nio-8080-exec-6] c.s.s.faculty.FacultyServiceImpl : 找到 0 个学院
2026-01-12 17:48:02.136 INFO  [http-nio-8080-exec-6] c.s.s.faculty.FacultyServiceImpl : 开始获取院校ID为 131 的学院列表
2026-01-12 17:48:02.137 INFO  [http-nio-8080-exec-6] c.s.s.faculty.FacultyServiceImpl : 找到 0 个学院
2026-01-12 17:48:02.137 INFO  [http-nio-8080-exec-6] c.s.s.faculty.FacultyServiceImpl : 开始获取院校ID为 154 的学院列表
2026-01-12 17:48:02.138 INFO  [http-nio-8080-exec-6] c.s.s.faculty.FacultyServiceImpl : 找到 0 个学院
2026-01-12 17:48:02.138 INFO  [http-nio-8080-exec-6] c.s.s.faculty.FacultyServiceImpl : 开始获取院校ID为 151 的学院列表
2026-01-12 17:48:02.139 INFO  [http-nio-8080-exec-6] c.s.s.faculty.FacultyServiceImpl : 找到 0 个学院
2026-01-12 17:48:02.139 INFO  [http-nio-8080-exec-6] c.s.s.faculty.FacultyServiceImpl : 开始获取院校ID为 133 的学院列表
2026-01-12 17:48:02.140 INFO  [http-nio-8080-exec-6] c.s.s.faculty.FacultyServiceImpl : 找到 0 个学院
2026-01-12 17:48:02.140 INFO  [http-nio-8080-exec-6] c.s.s.faculty.FacultyServiceImpl : 开始获取院校ID为 123 的学院列表
2026-01-12 17:48:02.141 INFO  [http-nio-8080-exec-6] c.s.s.faculty.FacultyServiceImpl : 找到 0 个学院
2026-01-12 17:48:02.141 INFO  [http-nio-8080-exec-6] c.s.s.faculty.FacultyServiceImpl : 开始获取院校ID为 125 的学院列表
2026-01-12 17:48:02.141 INFO  [http-nio-8080-exec-6] c.s.s.faculty.FacultyServiceImpl : 找到 0 个学院
2026-01-12 17:48:02.141 INFO  [http-nio-8080-exec-6] c.s.s.faculty.FacultyServiceImpl : 开始获取院校ID为 126 的学院列表
2026-01-12 17:48:02.142 INFO  [http-nio-8080-exec-6] c.s.s.faculty.FacultyServiceImpl : 找到 0 个学院
2026-01-12 17:48:02.142 INFO  [http-nio-8080-exec-6] c.s.s.faculty.FacultyServiceImpl : 开始获取院校ID为 145 的学院列表
2026-01-12 17:48:02.143 INFO  [http-nio-8080-exec-6] c.s.s.faculty.FacultyServiceImpl : 找到 0 个学院
2026-01-12 17:48:02.143 INFO  [http-nio-8080-exec-6] c.s.s.faculty.FacultyServiceImpl : 开始获取院校ID为 128 的学院列表
2026-01-12 17:48:02.144 INFO  [http-nio-8080-exec-6] c.s.s.faculty.FacultyServiceImpl : 找到 0 个学院
2026-01-12 17:48:02.144 INFO  [http-nio-8080-exec-6] c.s.s.faculty.FacultyServiceImpl : 开始获取院校ID为 148 的学院列表
2026-01-12 17:48:02.145 INFO  [http-nio-8080-exec-6] c.s.s.faculty.FacultyServiceImpl : 找到 0 个学院
2026-01-12 17:48:02.145 INFO  [http-nio-8080-exec-6] c.s.s.faculty.FacultyServiceImpl : 开始获取院校ID为 122 的学院列表
2026-01-12 17:48:02.146 INFO  [http-nio-8080-exec-6] c.s.s.faculty.FacultyServiceImpl : 找到 0 个学院
2026-01-12 17:48:02.146 INFO  [http-nio-8080-exec-6] c.s.s.faculty.FacultyServiceImpl : 开始获取院校ID为 144 的学院列表
2026-01-12 17:48:02.147 INFO  [http-nio-8080-exec-6] c.s.s.faculty.FacultyServiceImpl : 找到 0 个学院
2026-01-12 17:48:02.147 INFO  [http-nio-8080-exec-6] c.s.s.faculty.FacultyServiceImpl : 开始获取院校ID为 158 的学院列表
2026-01-12 17:48:02.147 INFO  [http-nio-8080-exec-6] c.s.s.faculty.FacultyServiceImpl : 找到 0 个学院
2026-01-12 17:48:02.147 INFO  [http-nio-8080-exec-6] c.s.s.faculty.FacultyServiceImpl : 开始获取院校ID为 141 的学院列表
2026-01-12 17:48:02.148 INFO  [http-nio-8080-exec-6] c.s.s.faculty.FacultyServiceImpl : 找到 0 个学院
2026-01-12 17:48:02.148 INFO  [http-nio-8080-exec-6] c.s.s.faculty.FacultyServiceImpl : 开始获取院校ID为 156 的学院列表
2026-01-12 17:48:02.149 INFO  [http-nio-8080-exec-6] c.s.s.faculty.FacultyServiceImpl : 找到 0 个学院
2026-01-12 17:48:02.149 INFO  [http-nio-8080-exec-6] c.s.s.faculty.FacultyServiceImpl : 开始获取院校ID为 157 的学院列表
2026-01-12 17:48:02.150 INFO  [http-nio-8080-exec-6] c.s.s.faculty.FacultyServiceImpl : 找到 0 个学院
2026-01-12 17:48:02.150 INFO  [http-nio-8080-exec-6] c.s.s.faculty.FacultyServiceImpl : 开始获取院校ID为 127 的学院列表
2026-01-12 17:48:02.150 INFO  [http-nio-8080-exec-6] c.s.s.faculty.FacultyServiceImpl : 找到 0 个学院
2026-01-12 17:48:02.150 INFO  [http-nio-8080-exec-6] c.s.s.faculty.FacultyServiceImpl : 开始获取院校ID为 132 的学院列表
2026-01-12 17:48:02.151 INFO  [http-nio-8080-exec-6] c.s.s.faculty.FacultyServiceImpl : 找到 0 个学院
2026-01-12 17:48:02.151 INFO  [http-nio-8080-exec-6] c.s.s.faculty.FacultyServiceImpl : 开始获取院校ID为 155 的学院列表
2026-01-12 17:48:02.152 INFO  [http-nio-8080-exec-6] c.s.s.faculty.FacultyServiceImpl : 找到 0 个学院
2026-01-12 17:48:02.152 INFO  [http-nio-8080-exec-6] c.s.s.faculty.FacultyServiceImpl : 开始获取院校ID为 142 的学院列表
2026-01-12 17:48:02.153 INFO  [http-nio-8080-exec-6] c.s.s.faculty.FacultyServiceImpl : 找到 0 个学院
2026-01-12 17:48:02.153 INFO  [http-nio-8080-exec-6] c.s.s.faculty.FacultyServiceImpl : 开始获取院校ID为 130 的学院列表
2026-01-12 17:48:02.153 INFO  [http-nio-8080-exec-6] c.s.s.faculty.FacultyServiceImpl : 找到 0 个学院
2026-01-12 17:48:02.153 INFO  [http-nio-8080-exec-6] c.s.s.faculty.FacultyServiceImpl : 开始获取院校ID为 70 的学院列表
2026-01-12 17:48:02.155 INFO  [http-nio-8080-exec-6] c.s.s.faculty.FacultyServiceImpl : 找到 7 个学院
2026-01-12 17:48:02.155 INFO  [http-nio-8080-exec-6] c.s.s.faculty.FacultyServiceImpl : 开始获取学院 UAL创意计算学院 (ID: 471) 的专业列表
2026-01-12 17:48:02.155 INFO  [http-nio-8080-exec-6] c.s.s.faculty.FacultyServiceImpl : 学院 UAL创意计算学院 有 0 个专业
2026-01-12 17:48:02.156 INFO  [http-nio-8080-exec-6] c.s.s.faculty.FacultyServiceImpl : 开始获取学院 中央圣马丁学院 (ID: 472) 的专业列表
2026-01-12 17:48:02.156 INFO  [http-nio-8080-exec-6] c.s.s.faculty.FacultyServiceImpl : 学院 中央圣马丁学院 有 0 个专业
2026-01-12 17:48:02.156 INFO  [http-nio-8080-exec-6] c.s.s.faculty.FacultyServiceImpl : 开始获取学院 伦敦传媒学院 (ID: 473) 的专业列表
2026-01-12 17:48:02.156 INFO  [http-nio-8080-exec-6] c.s.s.faculty.FacultyServiceImpl : 学院 伦敦传媒学院 有 0 个专业
2026-01-12 17:48:02.156 INFO  [http-nio-8080-exec-6] c.s.s.faculty.FacultyServiceImpl : 开始获取学院 伦敦时装学院 (ID: 474) 的专业列表
2026-01-12 17:48:02.157 INFO  [http-nio-8080-exec-6] c.s.s.faculty.FacultyServiceImpl : 学院 伦敦时装学院 有 0 个专业
2026-01-12 17:48:02.157 INFO  [http-nio-8080-exec-6] c.s.s.faculty.FacultyServiceImpl : 开始获取学院 切尔西艺术学院 (ID: 475) 的专业列表
2026-01-12 17:48:02.157 INFO  [http-nio-8080-exec-6] c.s.s.faculty.FacultyServiceImpl : 学院 切尔西艺术学院 有 0 个专业
2026-01-12 17:48:02.157 INFO  [http-nio-8080-exec-6] c.s.s.faculty.FacultyServiceImpl : 开始获取学院 坎伯韦尔艺术学院 (ID: 476) 的专业列表
2026-01-12 17:48:02.157 INFO  [http-nio-8080-exec-6] c.s.s.faculty.FacultyServiceImpl : 学院 坎伯韦尔艺术学院 有 0 个专业
2026-01-12 17:48:02.157 INFO  [http-nio-8080-exec-6] c.s.s.faculty.FacultyServiceImpl : 开始获取学院 温布尔登艺术学院 (ID: 477) 的专业列表
2026-01-12 17:48:02.157 INFO  [http-nio-8080-exec-6] c.s.s.faculty.FacultyServiceImpl : 学院 温布尔登艺术学院 有 0 个专业
2026-01-12 17:48:02.157 INFO  [http-nio-8080-exec-6] c.s.s.faculty.FacultyServiceImpl : 开始获取院校ID为 90 的学院列表
2026-01-12 17:48:02.159 INFO  [http-nio-8080-exec-6] c.s.s.faculty.FacultyServiceImpl : 找到 3 个学院
2026-01-12 17:48:02.159 INFO  [http-nio-8080-exec-6] c.s.s.faculty.FacultyServiceImpl : 开始获取学院 健康、生命科学与教育学院 (ID: 534) 的专业列表
2026-01-12 17:48:02.159 INFO  [http-nio-8080-exec-6] c.s.s.faculty.FacultyServiceImpl : 学院 健康、生命科学与教育学院 有 0 个专业
2026-01-12 17:48:02.159 INFO  [http-nio-8080-exec-6] c.s.s.faculty.FacultyServiceImpl : 开始获取学院 数学 (ID: 535) 的专业列表
2026-01-12 17:48:02.160 INFO  [http-nio-8080-exec-6] c.s.s.faculty.FacultyServiceImpl : 学院 数学 有 0 个专业
2026-01-12 17:48:02.160 INFO  [http-nio-8080-exec-6] c.s.s.faculty.FacultyServiceImpl : 开始获取学院 工程、数学和可持续发展学院 (ID: 536) 的专业列表
2026-01-12 17:48:02.160 INFO  [http-nio-8080-exec-6] c.s.s.faculty.FacultyServiceImpl : 学院 工程、数学和可持续发展学院 有 0 个专业
2026-01-12 17:48:02.160 INFO  [http-nio-8080-exec-6] c.s.s.faculty.FacultyServiceImpl : 开始获取院校ID为 112 的学院列表
2026-01-12 17:48:02.161 INFO  [http-nio-8080-exec-6] c.s.s.faculty.FacultyServiceImpl : 找到 8 个学院
2026-01-12 17:48:02.161 INFO  [http-nio-8080-exec-6] c.s.s.faculty.FacultyServiceImpl : 开始获取学院 创新与技术学院 (ID: 578) 的专业列表
2026-01-12 17:48:02.161 INFO  [http-nio-8080-exec-6] c.s.s.faculty.FacultyServiceImpl : 学院 创新与技术学院 有 0 个专业
2026-01-12 17:48:02.161 INFO  [http-nio-8080-exec-6] c.s.s.faculty.FacultyServiceImpl : 开始获取学院 美术学院 (ID: 579) 的专业列表
2026-01-12 17:48:02.162 INFO  [http-nio-8080-exec-6] c.s.s.faculty.FacultyServiceImpl : 学院 美术学院 有 0 个专业
2026-01-12 17:48:02.162 INFO  [http-nio-8080-exec-6] c.s.s.faculty.FacultyServiceImpl : 开始获取学院 设计学院 (ID: 580) 的专业列表
2026-01-12 17:48:02.162 INFO  [http-nio-8080-exec-6] c.s.s.faculty.FacultyServiceImpl : 学院 设计学院 有 0 个专业
2026-01-12 17:48:02.162 INFO  [http-nio-8080-exec-6] c.s.s.faculty.FacultyServiceImpl : 开始获取学院 麦金托什建筑学院 (ID: 581) 的专业列表
2026-01-12 17:48:02.163 INFO  [http-nio-8080-exec-6] c.s.s.faculty.FacultyServiceImpl : 学院 麦金托什建筑学院 有 0 个专业
2026-01-12 17:48:02.163 INFO  [http-nio-8080-exec-6] c.s.s.faculty.FacultyServiceImpl : 开始获取学院 创新与技术学院 (ID: 701) 的专业列表
2026-01-12 17:48:02.164 INFO  [http-nio-8080-exec-6] c.s.s.faculty.FacultyServiceImpl : 学院 创新与技术学院 有 0 个专业
2026-01-12 17:48:02.164 INFO  [http-nio-8080-exec-6] c.s.s.faculty.FacultyServiceImpl : 开始获取学院 美术学院 (ID: 702) 的专业列表
2026-01-12 17:48:02.165 INFO  [http-nio-8080-exec-6] c.s.s.faculty.FacultyServiceImpl : 学院 美术学院 有 0 个专业
2026-01-12 17:48:02.165 INFO  [http-nio-8080-exec-6] c.s.s.faculty.FacultyServiceImpl : 开始获取学院 设计学院 (ID: 703) 的专业列表
2026-01-12 17:48:02.165 INFO  [http-nio-8080-exec-6] c.s.s.faculty.FacultyServiceImpl : 学院 设计学院 有 0 个专业
2026-01-12 17:48:02.165 INFO  [http-nio-8080-exec-6] c.s.s.faculty.FacultyServiceImpl : 开始获取学院 麦金托什建筑学院 (ID: 704) 的专业列表
2026-01-12 17:48:02.166 INFO  [http-nio-8080-exec-6] c.s.s.faculty.FacultyServiceImpl : 学院 麦金托什建筑学院 有 0 个专业
2026-01-12 17:48:02.166 INFO  [http-nio-8080-exec-6] c.s.s.faculty.FacultyServiceImpl : 开始获取院校ID为 27 的学院列表
2026-01-12 17:48:02.167 INFO  [http-nio-8080-exec-6] c.s.s.faculty.FacultyServiceImpl : 找到 0 个学院
2026-01-12 17:48:02.167 INFO  [http-nio-8080-exec-6] c.s.s.faculty.FacultyServiceImpl : 开始获取院校ID为 12 的学院列表
2026-01-12 17:48:02.168 INFO  [http-nio-8080-exec-6] c.s.s.faculty.FacultyServiceImpl : 找到 5 个学院
2026-01-12 17:48:02.168 INFO  [http-nio-8080-exec-6] c.s.s.faculty.FacultyServiceImpl : 开始获取学院 工程学院 (ID: 35) 的专业列表
2026-01-12 17:48:02.175 INFO  [http-nio-8080-exec-6] c.s.s.faculty.FacultyServiceImpl : 学院 工程学院 有 52 个专业
2026-01-12 17:48:02.175 INFO  [http-nio-8080-exec-6] c.s.s.faculty.FacultyServiceImpl : 开始获取学院 商学院 (ID: 36) 的专业列表
2026-01-12 17:48:02.178 INFO  [http-nio-8080-exec-6] c.s.s.faculty.FacultyServiceImpl : 学院 商学院 有 29 个专业
2026-01-12 17:48:02.178 INFO  [http-nio-8080-exec-6] c.s.s.faculty.FacultyServiceImpl : 开始获取学院 医学院 (ID: 37) 的专业列表
2026-01-12 17:48:02.181 INFO  [http-nio-8080-exec-6] c.s.s.faculty.FacultyServiceImpl : 学院 医学院 有 34 个专业
2026-01-12 17:48:02.181 INFO  [http-nio-8080-exec-6] c.s.s.faculty.FacultyServiceImpl : 开始获取学院 自然科学学院 (ID: 723) 的专业列表
2026-01-12 17:48:02.187 INFO  [http-nio-8080-exec-6] c.s.s.faculty.FacultyServiceImpl : 学院 自然科学学院 有 72 个专业
2026-01-12 17:48:02.187 INFO  [http-nio-8080-exec-6] c.s.s.faculty.FacultyServiceImpl : 开始获取学院 语言、文化和交流中心 (ID: 724) 的专业列表
2026-01-12 17:48:02.188 INFO  [http-nio-8080-exec-6] c.s.s.faculty.FacultyServiceImpl : 学院 语言、文化和交流中心 有 2 个专业
2026-01-12 17:48:02.188 INFO  [http-nio-8080-exec-6] c.s.s.faculty.FacultyServiceImpl : 开始获取院校ID为 2 的学院列表
2026-01-12 17:48:02.189 INFO  [http-nio-8080-exec-6] c.s.s.faculty.FacultyServiceImpl : 找到 3 个学院
2026-01-12 17:48:02.189 INFO  [http-nio-8080-exec-6] c.s.s.faculty.FacultyServiceImpl : 开始获取学院 工程学院 (ID: 10) 的专业列表
2026-01-12 17:48:02.190 INFO  [http-nio-8080-exec-6] c.s.s.faculty.FacultyServiceImpl : 学院 工程学院 有 1 个专业
2026-01-12 17:48:02.190 INFO  [http-nio-8080-exec-6] c.s.s.faculty.FacultyServiceImpl : 开始获取学院 商学院 (ID: 11) 的专业列表
2026-01-12 17:48:02.190 INFO  [http-nio-8080-exec-6] c.s.s.faculty.FacultyServiceImpl : 学院 商学院 有 1 个专业
2026-01-12 17:48:02.190 INFO  [http-nio-8080-exec-6] c.s.s.faculty.FacultyServiceImpl : 开始获取学院 医学院 (ID: 12) 的专业列表
2026-01-12 17:48:02.191 INFO  [http-nio-8080-exec-6] c.s.s.faculty.FacultyServiceImpl : 学院 医学院 有 1 个专业
2026-01-12 17:48:02.191 INFO  [http-nio-8080-exec-6] c.s.s.faculty.FacultyServiceImpl : 开始获取院校ID为 3 的学院列表
2026-01-12 17:48:02.192 INFO  [http-nio-8080-exec-6] c.s.s.faculty.FacultyServiceImpl : 找到 9 个学院
2026-01-12 17:48:02.192 INFO  [http-nio-8080-exec-6] c.s.s.faculty.FacultyServiceImpl : 开始获取学院 人文学院 (ID: 13) 的专业列表
2026-01-12 17:48:02.200 INFO  [http-nio-8080-exec-6] c.s.s.faculty.FacultyServiceImpl : 学院 人文学院 有 92 个专业
2026-01-12 17:48:02.200 INFO  [http-nio-8080-exec-6] c.s.s.faculty.FacultyServiceImpl : 开始获取学院 医学科学部 (ID: 712) 的专业列表
2026-01-12 17:48:02.202 INFO  [http-nio-8080-exec-6] c.s.s.faculty.FacultyServiceImpl : 学院 医学科学部 有 20 个专业
2026-01-12 17:48:02.202 INFO  [http-nio-8080-exec-6] c.s.s.faculty.FacultyServiceImpl : 开始获取学院 地球科学系 (ID: 713) 的专业列表
2026-01-12 17:48:02.203 INFO  [http-nio-8080-exec-6] c.s.s.faculty.FacultyServiceImpl : 学院 地球科学系 有 1 个专业
2026-01-12 17:48:02.203 INFO  [http-nio-8080-exec-6] c.s.s.faculty.FacultyServiceImpl : 开始获取学院 数学、物理和生命科学部 (ID: 714) 的专业列表
2026-01-12 17:48:02.207 INFO  [http-nio-8080-exec-6] c.s.s.faculty.FacultyServiceImpl : 学院 数学、物理和生命科学部 有 28 个专业
2026-01-12 17:48:02.207 INFO  [http-nio-8080-exec-6] c.s.s.faculty.FacultyServiceImpl : 开始获取学院 生物系 (ID: 715) 的专业列表
2026-01-12 17:48:02.208 INFO  [http-nio-8080-exec-6] c.s.s.faculty.FacultyServiceImpl : 学院 生物系 有 1 个专业
2026-01-12 17:48:02.208 INFO  [http-nio-8080-exec-6] c.s.s.faculty.FacultyServiceImpl : 开始获取学院 社会科学部 (ID: 716) 的专业列表
2026-01-12 17:48:02.213 INFO  [http-nio-8080-exec-6] c.s.s.faculty.FacultyServiceImpl : 学院 社会科学部 有 50 个专业
2026-01-12 17:48:02.213 INFO  [http-nio-8080-exec-6] c.s.s.faculty.FacultyServiceImpl : 开始获取学院 经济学院 (ID: 717) 的专业列表
2026-01-12 17:48:02.214 INFO  [http-nio-8080-exec-6] c.s.s.faculty.FacultyServiceImpl : 学院 经济学院 有 4 个专业
2026-01-12 17:48:02.214 INFO  [http-nio-8080-exec-6] c.s.s.faculty.FacultyServiceImpl : 开始获取学院 继续教育学院 (ID: 718) 的专业列表
2026-01-12 17:48:02.215 INFO  [http-nio-8080-exec-6] c.s.s.faculty.FacultyServiceImpl : 学院 继续教育学院 有 2 个专业
2026-01-12 17:48:02.215 INFO  [http-nio-8080-exec-6] c.s.s.faculty.FacultyServiceImpl : 开始获取学院 赛德商学院 (ID: 719) 的专业列表
2026-01-12 17:48:02.216 INFO  [http-nio-8080-exec-6] c.s.s.faculty.FacultyServiceImpl : 学院 赛德商学院 有 4 个专业
2026-01-12 17:48:02.216 INFO  [http-nio-8080-exec-6] c.s.s.faculty.FacultyServiceImpl : 开始获取院校ID为 5 的学院列表
2026-01-12 17:48:02.217 INFO  [http-nio-8080-exec-6] c.s.s.faculty.FacultyServiceImpl : 找到 3 个学院
2026-01-12 17:48:02.217 INFO  [http-nio-8080-exec-6] c.s.s.faculty.FacultyServiceImpl : 开始获取学院 计算机学院 (ID: 17) 的专业列表
2026-01-12 17:48:02.218 INFO  [http-nio-8080-exec-6] c.s.s.faculty.FacultyServiceImpl : 学院 计算机学院 有 1 个专业
2026-01-12 17:48:02.218 INFO  [http-nio-8080-exec-6] c.s.s.faculty.FacultyServiceImpl : 开始获取学院 商学院 (ID: 18) 的专业列表
2026-01-12 17:48:02.218 INFO  [http-nio-8080-exec-6] c.s.s.faculty.FacultyServiceImpl : 学院 商学院 有 1 个专业
2026-01-12 17:48:02.218 INFO  [http-nio-8080-exec-6] c.s.s.faculty.FacultyServiceImpl : 开始获取学院 工程学院 (ID: 19) 的专业列表
2026-01-12 17:48:02.219 INFO  [http-nio-8080-exec-6] c.s.s.faculty.FacultyServiceImpl : 学院 工程学院 有 1 个专业
2026-01-12 17:48:02.219 INFO  [http-nio-8080-exec-6] c.s.s.faculty.FacultyServiceImpl : 开始获取院校ID为 13 的学院列表
2026-01-12 17:48:02.221 INFO  [http-nio-8080-exec-6] c.s.s.faculty.FacultyServiceImpl : 找到 19 个学院
2026-01-12 17:48:02.221 INFO  [http-nio-8080-exec-6] c.s.s.faculty.FacultyServiceImpl : 开始获取学院 工程学院 (ID: 26) 的专业列表
2026-01-12 17:48:02.226 INFO  [http-nio-8080-exec-6] c.s.s.faculty.FacultyServiceImpl : 学院 工程学院 有 57 个专业
2026-01-12 17:48:02.226 INFO  [http-nio-8080-exec-6] c.s.s.faculty.FacultyServiceImpl : 开始获取学院 计算机科学系 (ID: 27) 的专业列表
2026-01-12 17:48:02.228 INFO  [http-nio-8080-exec-6] c.s.s.faculty.FacultyServiceImpl : 学院 计算机科学系 有 18 个专业
2026-01-12 17:48:02.228 INFO  [http-nio-8080-exec-6] c.s.s.faculty.FacultyServiceImpl : 开始获取学院 巴特莱特建筑学院 (ID: 28) 的专业列表
2026-01-12 17:48:02.230 INFO  [http-nio-8080-exec-6] c.s.s.faculty.FacultyServiceImpl : 学院 巴特莱特建筑学院 有 17 个专业
2026-01-12 17:48:02.230 INFO  [http-nio-8080-exec-6] c.s.s.faculty.FacultyServiceImpl : 开始获取学院 UCL管理学院 (ID: 725) 的专业列表
2026-01-12 17:48:02.232 INFO  [http-nio-8080-exec-6] c.s.s.faculty.FacultyServiceImpl : 学院 UCL管理学院 有 10 个专业
2026-01-12 17:48:02.232 INFO  [http-nio-8080-exec-6] c.s.s.faculty.FacultyServiceImpl : 开始获取学院 人口健康科学学院 (ID: 726) 的专业列表
2026-01-12 17:48:02.235 INFO  [http-nio-8080-exec-6] c.s.s.faculty.FacultyServiceImpl : 学院 人口健康科学学院 有 31 个专业
2026-01-12 17:48:02.235 INFO  [http-nio-8080-exec-6] c.s.s.faculty.FacultyServiceImpl : 开始获取学院 全球健康商学院 (ID: 727) 的专业列表
2026-01-12 17:48:02.235 INFO  [http-nio-8080-exec-6] c.s.s.faculty.FacultyServiceImpl : 学院 全球健康商学院 有 5 个专业
2026-01-12 17:48:02.235 INFO  [http-nio-8080-exec-6] c.s.s.faculty.FacultyServiceImpl : 开始获取学院 医学科学系 (ID: 728) 的专业列表
2026-01-12 17:48:02.238 INFO  [http-nio-8080-exec-6] c.s.s.faculty.FacultyServiceImpl : 学院 医学科学系 有 34 个专业
2026-01-12 17:48:02.238 INFO  [http-nio-8080-exec-6] c.s.s.faculty.FacultyServiceImpl : 开始获取学院 巴特莱特可持续建筑学院 (ID: 730) 的专业列表
2026-01-12 17:48:02.240 INFO  [http-nio-8080-exec-6] c.s.s.faculty.FacultyServiceImpl : 学院 巴特莱特可持续建筑学院 有 9 个专业
2026-01-12 17:48:02.240 INFO  [http-nio-8080-exec-6] c.s.s.faculty.FacultyServiceImpl : 开始获取学院 巴特莱特环境、能源和资源学院 (ID: 732) 的专业列表
2026-01-12 17:48:02.241 INFO  [http-nio-8080-exec-6] c.s.s.faculty.FacultyServiceImpl : 学院 巴特莱特环境、能源和资源学院 有 12 个专业
2026-01-12 17:48:02.241 INFO  [http-nio-8080-exec-6] c.s.s.faculty.FacultyServiceImpl : 开始获取学院 建筑环境学院 (ID: 733) 的专业列表
2026-01-12 17:48:02.243 INFO  [http-nio-8080-exec-6] c.s.s.faculty.FacultyServiceImpl : 学院 建筑环境学院 有 23 个专业
2026-01-12 17:48:02.243 INFO  [http-nio-8080-exec-6] c.s.s.faculty.FacultyServiceImpl : 开始获取学院 教育学院 (ID: 734) 的专业列表
2026-01-12 17:48:02.250 INFO  [http-nio-8080-exec-6] c.s.s.faculty.FacultyServiceImpl : 学院 教育学院 有 51 个专业
2026-01-12 17:48:02.250 INFO  [http-nio-8080-exec-6] c.s.s.faculty.FacultyServiceImpl : 开始获取学院 数学与物理科学学院 (ID: 735) 的专业列表
2026-01-12 17:48:02.257 INFO  [http-nio-8080-exec-6] c.s.s.faculty.FacultyServiceImpl : 学院 数学与物理科学学院 有 33 个专业
2026-01-12 17:48:02.257 INFO  [http-nio-8080-exec-6] c.s.s.faculty.FacultyServiceImpl : 开始获取学院 斯莱德美术学院 (ID: 736) 的专业列表
2026-01-12 17:48:02.258 INFO  [http-nio-8080-exec-6] c.s.s.faculty.FacultyServiceImpl : 学院 斯莱德美术学院 有 1 个专业
2026-01-12 17:48:02.258 INFO  [http-nio-8080-exec-6] c.s.s.faculty.FacultyServiceImpl : 开始获取学院 法学院 (ID: 737) 的专业列表
2026-01-12 17:48:02.259 INFO  [http-nio-8080-exec-6] c.s.s.faculty.FacultyServiceImpl : 学院 法学院 有 2 个专业
2026-01-12 17:48:02.259 INFO  [http-nio-8080-exec-6] c.s.s.faculty.FacultyServiceImpl : 开始获取学院 生命科学学院 (ID: 738) 的专业列表
2026-01-12 17:48:02.261 INFO  [http-nio-8080-exec-6] c.s.s.faculty.FacultyServiceImpl : 学院 生命科学学院 有 14 个专业
2026-01-12 17:48:02.261 INFO  [http-nio-8080-exec-6] c.s.s.faculty.FacultyServiceImpl : 开始获取学院 社会和历史科学学院 (ID: 739) 的专业列表
2026-01-12 17:48:02.266 INFO  [http-nio-8080-exec-6] c.s.s.faculty.FacultyServiceImpl : 学院 社会和历史科学学院 有 54 个专业
2026-01-12 17:48:02.266 INFO  [http-nio-8080-exec-6] c.s.s.faculty.FacultyServiceImpl : 开始获取学院 经济学系 (ID: 740) 的专业列表
2026-01-12 17:48:02.267 INFO  [http-nio-8080-exec-6] c.s.s.faculty.FacultyServiceImpl : 学院 经济学系 有 3 个专业
2026-01-12 17:48:02.267 INFO  [http-nio-8080-exec-6] c.s.s.faculty.FacultyServiceImpl : 开始获取学院 脑科学学院 (ID: 741) 的专业列表
2026-01-12 17:48:02.270 INFO  [http-nio-8080-exec-6] c.s.s.faculty.FacultyServiceImpl : 学院 脑科学学院 有 38 个专业
2026-01-12 17:48:02.270 INFO  [http-nio-8080-exec-6] c.s.s.faculty.FacultyServiceImpl : 开始获取学院 艺术和人文学院 (ID: 742) 的专业列表
2026-01-12 17:48:02.275 INFO  [http-nio-8080-exec-6] c.s.s.faculty.FacultyServiceImpl : 学院 艺术和人文学院 有 51 个专业
2026-01-12 17:48:02.275 INFO  [http-nio-8080-exec-6] c.s.s.faculty.FacultyServiceImpl : 开始获取院校ID为 17 的学院列表
2026-01-12 17:48:02.279 INFO  [http-nio-8080-exec-6] c.s.s.faculty.FacultyServiceImpl : 找到 18 个学院
2026-01-12 17:48:02.279 INFO  [http-nio-8080-exec-6] c.s.s.faculty.FacultyServiceImpl : 开始获取学院 自然科学与数学学院 (ID: 53) 的专业列表
2026-01-12 17:48:02.282 INFO  [http-nio-8080-exec-6] c.s.s.faculty.FacultyServiceImpl : 学院 自然科学与数学学院 有 19 个专业
2026-01-12 17:48:02.282 INFO  [http-nio-8080-exec-6] c.s.s.faculty.FacultyServiceImpl : 开始获取学院 商学院 (ID: 54) 的专业列表
2026-01-12 17:48:02.283 INFO  [http-nio-8080-exec-6] c.s.s.faculty.FacultyServiceImpl : 学院 商学院 有 1 个专业
2026-01-12 17:48:02.284 INFO  [http-nio-8080-exec-6] c.s.s.faculty.FacultyServiceImpl : 开始获取学院 生命科学与医学学院 (ID: 55) 的专业列表
2026-01-12 17:48:02.285 INFO  [http-nio-8080-exec-6] c.s.s.faculty.FacultyServiceImpl : 学院 生命科学与医学学院 有 1 个专业
2026-01-12 17:48:02.285 INFO  [http-nio-8080-exec-6] c.s.s.faculty.FacultyServiceImpl : 开始获取学院 TBC (ID: 852) 的专业列表
2026-01-12 17:48:02.286 INFO  [http-nio-8080-exec-6] c.s.s.faculty.FacultyServiceImpl : 学院 TBC 有 0 个专业
2026-01-12 17:48:02.286 INFO  [http-nio-8080-exec-6] c.s.s.faculty.FacultyServiceImpl : 开始获取学院 信息学系 (ID: 853) 的专业列表
2026-01-12 17:48:02.287 INFO  [http-nio-8080-exec-6] c.s.s.faculty.FacultyServiceImpl : 学院 信息学系 有 0 个专业
2026-01-12 17:48:02.287 INFO  [http-nio-8080-exec-6] c.s.s.faculty.FacultyServiceImpl : 开始获取学院 国王商学院 (ID: 854) 的专业列表
2026-01-12 17:48:02.290 INFO  [http-nio-8080-exec-6] c.s.s.faculty.FacultyServiceImpl : 学院 国王商学院 有 15 个专业
2026-01-12 17:48:02.290 INFO  [http-nio-8080-exec-6] c.s.s.faculty.FacultyServiceImpl : 开始获取学院 学术精神病学学院 (ID: 855) 的专业列表
2026-01-12 17:48:02.290 INFO  [http-nio-8080-exec-6] c.s.s.faculty.FacultyServiceImpl : 学院 学术精神病学学院 有 0 个专业
2026-01-12 17:48:02.290 INFO  [http-nio-8080-exec-6] c.s.s.faculty.FacultyServiceImpl : 开始获取学院 工程系 (ID: 856) 的专业列表
2026-01-12 17:48:02.291 INFO  [http-nio-8080-exec-6] c.s.s.faculty.FacultyServiceImpl : 学院 工程系 有 0 个专业
2026-01-12 17:48:02.291 INFO  [http-nio-8080-exec-6] c.s.s.faculty.FacultyServiceImpl : 开始获取学院 弗洛伦斯丁格尔护理、助产和姑息护理学院 (ID: 857) 的专业列表
2026-01-12 17:48:02.292 INFO  [http-nio-8080-exec-6] c.s.s.faculty.FacultyServiceImpl : 学院 弗洛伦斯丁格尔护理、助产和姑息护理学院 有 3 个专业
2026-01-12 17:48:02.292 INFO  [http-nio-8080-exec-6] c.s.s.faculty.FacultyServiceImpl : 开始获取学院 心理健康与心理科学学院 (ID: 858) 的专业列表
2026-01-12 17:48:02.292 INFO  [http-nio-8080-exec-6] c.s.s.faculty.FacultyServiceImpl : 学院 心理健康与心理科学学院 有 0 个专业
2026-01-12 17:48:02.292 INFO  [http-nio-8080-exec-6] c.s.s.faculty.FacultyServiceImpl : 开始获取学院 数学系 (ID: 859) 的专业列表
2026-01-12 17:48:02.293 INFO  [http-nio-8080-exec-6] c.s.s.faculty.FacultyServiceImpl : 学院 数学系 有 0 个专业
2026-01-12 17:48:02.293 INFO  [http-nio-8080-exec-6] c.s.s.faculty.FacultyServiceImpl : 开始获取学院 潘迪生法学院 (ID: 860) 的专业列表
2026-01-12 17:48:02.294 INFO  [http-nio-8080-exec-6] c.s.s.faculty.FacultyServiceImpl : 学院 潘迪生法学院 有 5 个专业
2026-01-12 17:48:02.294 INFO  [http-nio-8080-exec-6] c.s.s.faculty.FacultyServiceImpl : 开始获取学院 牙科、口腔和颅面科学学院 (ID: 861) 的专业列表
2026-01-12 17:48:02.295 INFO  [http-nio-8080-exec-6] c.s.s.faculty.FacultyServiceImpl : 学院 牙科、口腔和颅面科学学院 有 8 个专业
2026-01-12 17:48:02.295 INFO  [http-nio-8080-exec-6] c.s.s.faculty.FacultyServiceImpl : 开始获取学院 物理系 (ID: 862) 的专业列表
2026-01-12 17:48:02.295 INFO  [http-nio-8080-exec-6] c.s.s.faculty.FacultyServiceImpl : 学院 物理系 有 0 个专业
2026-01-12 17:48:02.295 INFO  [http-nio-8080-exec-6] c.s.s.faculty.FacultyServiceImpl : 开始获取学院 生命科学与医学学院 (ID: 863) 的专业列表
2026-01-12 17:48:02.297 INFO  [http-nio-8080-exec-6] c.s.s.faculty.FacultyServiceImpl : 学院 生命科学与医学学院 有 23 个专业
2026-01-12 17:48:02.297 INFO  [http-nio-8080-exec-6] c.s.s.faculty.FacultyServiceImpl : 开始获取学院 社会科学与公共政策学院 (ID: 864) 的专业列表
2026-01-12 17:48:02.301 INFO  [http-nio-8080-exec-6] c.s.s.faculty.FacultyServiceImpl : 学院 社会科学与公共政策学院 有 40 个专业
2026-01-12 17:48:02.301 INFO  [http-nio-8080-exec-6] c.s.s.faculty.FacultyServiceImpl : 开始获取学院 精神病学、心理学和神经科学学院 (ID: 865) 的专业列表
2026-01-12 17:48:02.303 INFO  [http-nio-8080-exec-6] c.s.s.faculty.FacultyServiceImpl : 学院 精神病学、心理学和神经科学学院 有 20 个专业
2026-01-12 17:48:02.303 INFO  [http-nio-8080-exec-6] c.s.s.faculty.FacultyServiceImpl : 开始获取学院 艺术与人文学院 (ID: 866) 的专业列表
2026-01-12 17:48:02.306 INFO  [http-nio-8080-exec-6] c.s.s.faculty.FacultyServiceImpl : 学院 艺术与人文学院 有 27 个专业
2026-01-12 17:48:02.306 INFO  [http-nio-8080-exec-6] c.s.s.faculty.FacultyServiceImpl : 开始获取院校ID为 4 的学院列表
2026-01-12 17:48:02.309 INFO  [http-nio-8080-exec-6] c.s.s.faculty.FacultyServiceImpl : 找到 2 个学院
2026-01-12 17:48:02.309 INFO  [http-nio-8080-exec-6] c.s.s.faculty.FacultyServiceImpl : 开始获取学院 商业与经济学院 (ID: 15) 的专业列表
2026-01-12 17:48:02.309 INFO  [http-nio-8080-exec-6] c.s.s.faculty.FacultyServiceImpl : 学院 商业与经济学院 有 1 个专业
2026-01-12 17:48:02.309 INFO  [http-nio-8080-exec-6] c.s.s.faculty.FacultyServiceImpl : 开始获取学院 计算与工程学院 (ID: 16) 的专业列表
2026-01-12 17:48:02.310 INFO  [http-nio-8080-exec-6] c.s.s.faculty.FacultyServiceImpl : 学院 计算与工程学院 有 1 个专业
2026-01-12 17:48:02.310 INFO  [http-nio-8080-exec-6] c.s.s.faculty.FacultyServiceImpl : 开始获取院校ID为 15 的学院列表
2026-01-12 17:48:02.313 INFO  [http-nio-8080-exec-6] c.s.s.faculty.FacultyServiceImpl : 找到 21 个学院
2026-01-12 17:48:02.313 INFO  [http-nio-8080-exec-6] c.s.s.faculty.FacultyServiceImpl : 开始获取学院 信息学院 (ID: 29) 的专业列表
2026-01-12 17:48:02.315 INFO  [http-nio-8080-exec-6] c.s.s.faculty.FacultyServiceImpl : 学院 信息学院 有 9 个专业
2026-01-12 17:48:02.315 INFO  [http-nio-8080-exec-6] c.s.s.faculty.FacultyServiceImpl : 开始获取学院 商学院 (ID: 30) 的专业列表
2026-01-12 17:48:02.317 INFO  [http-nio-8080-exec-6] c.s.s.faculty.FacultyServiceImpl : 学院 商学院 有 15 个专业
2026-01-12 17:48:02.317 INFO  [http-nio-8080-exec-6] c.s.s.faculty.FacultyServiceImpl : 开始获取学院 工程学院 (ID: 31) 的专业列表
2026-01-12 17:48:02.319 INFO  [http-nio-8080-exec-6] c.s.s.faculty.FacultyServiceImpl : 学院 工程学院 有 9 个专业
2026-01-12 17:48:02.319 INFO  [http-nio-8080-exec-6] c.s.s.faculty.FacultyServiceImpl : 开始获取学院 Moray House教育与体育学院 (ID: 815) 的专业列表
2026-01-12 17:48:02.321 INFO  [http-nio-8080-exec-6] c.s.s.faculty.FacultyServiceImpl : 学院 Moray House教育与体育学院 有 12 个专业
2026-01-12 17:48:02.321 INFO  [http-nio-8080-exec-6] c.s.s.faculty.FacultyServiceImpl : 开始获取学院 化学学院 (ID: 817) 的专业列表
2026-01-12 17:48:02.322 INFO  [http-nio-8080-exec-6] c.s.s.faculty.FacultyServiceImpl : 学院 化学学院 有 3 个专业
2026-01-12 17:48:02.322 INFO  [http-nio-8080-exec-6] c.s.s.faculty.FacultyServiceImpl : 开始获取学院 历史、古典和考古学院 (ID: 818) 的专业列表
2026-01-12 17:48:02.324 INFO  [http-nio-8080-exec-6] c.s.s.faculty.FacultyServiceImpl : 学院 历史、古典和考古学院 有 9 个专业
2026-01-12 17:48:02.324 INFO  [http-nio-8080-exec-6] c.s.s.faculty.FacultyServiceImpl : 开始获取学院 哲学、心理学和语言科学学院 (ID: 819) 的专业列表
2026-01-12 17:48:02.326 INFO  [http-nio-8080-exec-6] c.s.s.faculty.FacultyServiceImpl : 学院 哲学、心理学和语言科学学院 有 14 个专业
2026-01-12 17:48:02.326 INFO  [http-nio-8080-exec-6] c.s.s.faculty.FacultyServiceImpl : 开始获取学院 地质科学学院 (ID: 821) 的专业列表
2026-01-12 17:48:02.328 INFO  [http-nio-8080-exec-6] c.s.s.faculty.FacultyServiceImpl : 学院 地质科学学院 有 10 个专业
2026-01-12 17:48:02.328 INFO  [http-nio-8080-exec-6] c.s.s.faculty.FacultyServiceImpl : 开始获取学院 数学学院 (ID: 823) 的专业列表
2026-01-12 17:48:02.329 INFO  [http-nio-8080-exec-6] c.s.s.faculty.FacultyServiceImpl : 学院 数学学院 有 9 个专业
2026-01-12 17:48:02.330 INFO  [http-nio-8080-exec-6] c.s.s.faculty.FacultyServiceImpl : 开始获取学院 文学、语言和文化学院 (ID: 824) 的专业列表
2026-01-12 17:48:02.331 INFO  [http-nio-8080-exec-6] c.s.s.faculty.FacultyServiceImpl : 学院 文学、语言和文化学院 有 10 个专业
2026-01-12 17:48:02.331 INFO  [http-nio-8080-exec-6] c.s.s.faculty.FacultyServiceImpl : 开始获取学院 爱丁堡医学院 (ID: 825) 的专业列表
2026-01-12 17:48:02.332 INFO  [http-nio-8080-exec-6] c.s.s.faculty.FacultyServiceImpl : 学院 爱丁堡医学院 有 4 个专业
2026-01-12 17:48:02.332 INFO  [http-nio-8080-exec-6] c.s.s.faculty.FacultyServiceImpl : 开始获取学院 爱丁堡未来研究所 (ID: 826) 的专业列表
2026-01-12 17:48:02.333 INFO  [http-nio-8080-exec-6] c.s.s.faculty.FacultyServiceImpl : 学院 爱丁堡未来研究所 有 12 个专业
2026-01-12 17:48:02.333 INFO  [http-nio-8080-exec-6] c.s.s.faculty.FacultyServiceImpl : 开始获取学院 爱丁堡法学院 (ID: 827) 的专业列表
2026-01-12 17:48:02.335 INFO  [http-nio-8080-exec-6] c.s.s.faculty.FacultyServiceImpl : 学院 爱丁堡法学院 有 19 个专业
2026-01-12 17:48:02.335 INFO  [http-nio-8080-exec-6] c.s.s.faculty.FacultyServiceImpl : 开始获取学院 爱丁堡艺术学院 (ID: 828) 的专业列表
2026-01-12 17:48:02.337 INFO  [http-nio-8080-exec-6] c.s.s.faculty.FacultyServiceImpl : 学院 爱丁堡艺术学院 有 25 个专业
2026-01-12 17:48:02.337 INFO  [http-nio-8080-exec-6] c.s.s.faculty.FacultyServiceImpl : 开始获取学院 物理和天文学学院 (ID: 829) 的专业列表
2026-01-12 17:48:02.338 INFO  [http-nio-8080-exec-6] c.s.s.faculty.FacultyServiceImpl : 学院 物理和天文学学院 有 4 个专业
2026-01-12 17:48:02.338 INFO  [http-nio-8080-exec-6] c.s.s.faculty.FacultyServiceImpl : 开始获取学院 生物科学学院 (ID: 830) 的专业列表
2026-01-12 17:48:02.340 INFO  [http-nio-8080-exec-6] c.s.s.faculty.FacultyServiceImpl : 学院 生物科学学院 有 13 个专业
2026-01-12 17:48:02.340 INFO  [http-nio-8080-exec-6] c.s.s.faculty.FacultyServiceImpl : 开始获取学院 皇家（迪克）兽医学院 (ID: 831) 的专业列表
2026-01-12 17:48:02.341 INFO  [http-nio-8080-exec-6] c.s.s.faculty.FacultyServiceImpl : 学院 皇家（迪克）兽医学院 有 1 个专业
2026-01-12 17:48:02.341 INFO  [http-nio-8080-exec-6] c.s.s.faculty.FacultyServiceImpl : 开始获取学院 社会与政治学学院 (ID: 832) 的专业列表
2026-01-12 17:48:02.343 INFO  [http-nio-8080-exec-6] c.s.s.faculty.FacultyServiceImpl : 学院 社会与政治学学院 有 18 个专业
2026-01-12 17:48:02.343 INFO  [http-nio-8080-exec-6] c.s.s.faculty.FacultyServiceImpl : 开始获取学院 社会科学卫生学院 (ID: 833) 的专业列表
2026-01-12 17:48:02.344 INFO  [http-nio-8080-exec-6] c.s.s.faculty.FacultyServiceImpl : 学院 社会科学卫生学院 有 8 个专业
2026-01-12 17:48:02.344 INFO  [http-nio-8080-exec-6] c.s.s.faculty.FacultyServiceImpl : 开始获取学院 神学院 (ID: 834) 的专业列表
2026-01-12 17:48:02.346 INFO  [http-nio-8080-exec-6] c.s.s.faculty.FacultyServiceImpl : 学院 神学院 有 7 个专业
2026-01-12 17:48:02.346 INFO  [http-nio-8080-exec-6] c.s.s.faculty.FacultyServiceImpl : 开始获取学院 经济学院 (ID: 835) 的专业列表
2026-01-12 17:48:02.346 INFO  [http-nio-8080-exec-6] c.s.s.faculty.FacultyServiceImpl : 学院 经济学院 有 4 个专业
2026-01-12 17:48:02.346 INFO  [http-nio-8080-exec-6] c.s.s.faculty.FacultyServiceImpl : 开始获取院校ID为 16 的学院列表
2026-01-12 17:48:02.349 INFO  [http-nio-8080-exec-6] c.s.s.faculty.FacultyServiceImpl : 找到 19 个学院
2026-01-12 17:48:02.349 INFO  [http-nio-8080-exec-6] c.s.s.faculty.FacultyServiceImpl : 开始获取学院 科学与工程学院 (ID: 32) 的专业列表
2026-01-12 17:48:02.350 INFO  [http-nio-8080-exec-6] c.s.s.faculty.FacultyServiceImpl : 学院 科学与工程学院 有 1 个专业
2026-01-12 17:48:02.350 INFO  [http-nio-8080-exec-6] c.s.s.faculty.FacultyServiceImpl : 开始获取学院 商学院 (ID: 33) 的专业列表
2026-01-12 17:48:02.351 INFO  [http-nio-8080-exec-6] c.s.s.faculty.FacultyServiceImpl : 学院 商学院 有 1 个专业
2026-01-12 17:48:02.351 INFO  [http-nio-8080-exec-6] c.s.s.faculty.FacultyServiceImpl : 开始获取学院 计算机科学学院 (ID: 34) 的专业列表
2026-01-12 17:48:02.351 INFO  [http-nio-8080-exec-6] c.s.s.faculty.FacultyServiceImpl : 学院 计算机科学学院 有 1 个专业
2026-01-12 17:48:02.351 INFO  [http-nio-8080-exec-6] c.s.s.faculty.FacultyServiceImpl : 开始获取学院 化学工程和分析科学系 (ID: 836) 的专业列表
2026-01-12 17:48:02.352 INFO  [http-nio-8080-exec-6] c.s.s.faculty.FacultyServiceImpl : 学院 化学工程和分析科学系 有 1 个专业
2026-01-12 17:48:02.352 INFO  [http-nio-8080-exec-6] c.s.s.faculty.FacultyServiceImpl : 开始获取学院 化学工程系 (ID: 837) 的专业列表
2026-01-12 17:48:02.352 INFO  [http-nio-8080-exec-6] c.s.s.faculty.FacultyServiceImpl : 学院 化学工程系 有 2 个专业
2026-01-12 17:48:02.352 INFO  [http-nio-8080-exec-6] c.s.s.faculty.FacultyServiceImpl : 开始获取学院 化学系 (ID: 838) 的专业列表
2026-01-12 17:48:02.353 INFO  [http-nio-8080-exec-6] c.s.s.faculty.FacultyServiceImpl : 学院 化学系 有 1 个专业
2026-01-12 17:48:02.353 INFO  [http-nio-8080-exec-6] c.s.s.faculty.FacultyServiceImpl : 开始获取学院 土木工程与管理系 (ID: 839) 的专业列表
2026-01-12 17:48:02.354 INFO  [http-nio-8080-exec-6] c.s.s.faculty.FacultyServiceImpl : 学院 土木工程与管理系 有 5 个专业
2026-01-12 17:48:02.354 INFO  [http-nio-8080-exec-6] c.s.s.faculty.FacultyServiceImpl : 开始获取学院 地球和环境科学系 (ID: 840) 的专业列表
2026-01-12 17:48:02.355 INFO  [http-nio-8080-exec-6] c.s.s.faculty.FacultyServiceImpl : 学院 地球和环境科学系 有 3 个专业
2026-01-12 17:48:02.355 INFO  [http-nio-8080-exec-6] c.s.s.faculty.FacultyServiceImpl : 开始获取学院 数学系 (ID: 841) 的专业列表
2026-01-12 17:48:02.356 INFO  [http-nio-8080-exec-6] c.s.s.faculty.FacultyServiceImpl : 学院 数学系 有 5 个专业
2026-01-12 17:48:02.356 INFO  [http-nio-8080-exec-6] c.s.s.faculty.FacultyServiceImpl : 开始获取学院 曼彻斯特商学院 (ID: 842) 的专业列表
2026-01-12 17:48:02.358 INFO  [http-nio-8080-exec-6] c.s.s.faculty.FacultyServiceImpl : 学院 曼彻斯特商学院 有 19 个专业
2026-01-12 17:48:02.358 INFO  [http-nio-8080-exec-6] c.s.s.faculty.FacultyServiceImpl : 开始获取学院 机械与航空航天工程系 (ID: 843) 的专业列表
2026-01-12 17:48:02.359 INFO  [http-nio-8080-exec-6] c.s.s.faculty.FacultyServiceImpl : 学院 机械与航空航天工程系 有 4 个专业
2026-01-12 17:48:02.359 INFO  [http-nio-8080-exec-6] c.s.s.faculty.FacultyServiceImpl : 开始获取学院 材料系 (ID: 844) 的专业列表
2026-01-12 17:48:02.360 INFO  [http-nio-8080-exec-6] c.s.s.faculty.FacultyServiceImpl : 学院 材料系 有 9 个专业
2026-01-12 17:48:02.360 INFO  [http-nio-8080-exec-6] c.s.s.faculty.FacultyServiceImpl : 开始获取学院 物理与天文学系 (ID: 845) 的专业列表
2026-01-12 17:48:02.361 INFO  [http-nio-8080-exec-6] c.s.s.faculty.FacultyServiceImpl : 学院 物理与天文学系 有 1 个专业
2026-01-12 17:48:02.361 INFO  [http-nio-8080-exec-6] c.s.s.faculty.FacultyServiceImpl : 开始获取学院 环境、教育和发展学院 (ID: 846) 的专业列表
2026-01-12 17:48:02.365 INFO  [http-nio-8080-exec-6] c.s.s.faculty.FacultyServiceImpl : 学院 环境、教育和发展学院 有 50 个专业
2026-01-12 17:48:02.365 INFO  [http-nio-8080-exec-6] c.s.s.faculty.FacultyServiceImpl : 开始获取学院 生物、医学和健康学院 (ID: 847) 的专业列表
2026-01-12 17:48:02.369 INFO  [http-nio-8080-exec-6] c.s.s.faculty.FacultyServiceImpl : 学院 生物、医学和健康学院 有 52 个专业
2026-01-12 17:48:02.369 INFO  [http-nio-8080-exec-6] c.s.s.faculty.FacultyServiceImpl : 开始获取学院 电气电子工程系 (ID: 848) 的专业列表
2026-01-12 17:48:02.378 INFO  [http-nio-8080-exec-6] c.s.s.faculty.FacultyServiceImpl : 学院 电气电子工程系 有 10 个专业
2026-01-12 17:48:02.378 INFO  [http-nio-8080-exec-6] c.s.s.faculty.FacultyServiceImpl : 开始获取学院 社会科学学院 (ID: 849) 的专业列表
2026-01-12 17:48:02.382 INFO  [http-nio-8080-exec-6] c.s.s.faculty.FacultyServiceImpl : 学院 社会科学学院 有 53 个专业
2026-01-12 17:48:02.382 INFO  [http-nio-8080-exec-6] c.s.s.faculty.FacultyServiceImpl : 开始获取学院 艺术、语言和文化学院 (ID: 850) 的专业列表
2026-01-12 17:48:02.385 INFO  [http-nio-8080-exec-6] c.s.s.faculty.FacultyServiceImpl : 学院 艺术、语言和文化学院 有 30 个专业
2026-01-12 17:48:02.385 INFO  [http-nio-8080-exec-6] c.s.s.faculty.FacultyServiceImpl : 开始获取学院 计算机科学系 (ID: 851) 的专业列表
2026-01-12 17:48:02.386 INFO  [http-nio-8080-exec-6] c.s.s.faculty.FacultyServiceImpl : 学院 计算机科学系 有 4 个专业
2026-01-12 17:48:02.386 INFO  [http-nio-8080-exec-6] c.s.s.faculty.FacultyServiceImpl : 开始获取院校ID为 19 的学院列表
2026-01-12 17:48:02.391 INFO  [http-nio-8080-exec-6] c.s.s.faculty.FacultyServiceImpl : 找到 33 个学院
2026-01-12 17:48:02.391 INFO  [http-nio-8080-exec-6] c.s.s.faculty.FacultyServiceImpl : 开始获取学院 工程学院 (ID: 50) 的专业列表
2026-01-12 17:48:02.392 INFO  [http-nio-8080-exec-6] c.s.s.faculty.FacultyServiceImpl : 学院 工程学院 有 1 个专业
2026-01-12 17:48:02.392 INFO  [http-nio-8080-exec-6] c.s.s.faculty.FacultyServiceImpl : 开始获取学院 计算机科学系 (ID: 51) 的专业列表
2026-01-12 17:48:02.393 INFO  [http-nio-8080-exec-6] c.s.s.faculty.FacultyServiceImpl : 学院 计算机科学系 有 1 个专业
2026-01-12 17:48:02.393 INFO  [http-nio-8080-exec-6] c.s.s.faculty.FacultyServiceImpl : 开始获取学院 管理学院 (ID: 52) 的专业列表
2026-01-12 17:48:02.393 INFO  [http-nio-8080-exec-6] c.s.s.faculty.FacultyServiceImpl : 学院 管理学院 有 1 个专业
2026-01-12 17:48:02.393 INFO  [http-nio-8080-exec-6] c.s.s.faculty.FacultyServiceImpl : 开始获取学院 艺术学院 (ID: 896) 的专业列表
2026-01-12 17:48:02.394 INFO  [http-nio-8080-exec-6] c.s.s.faculty.FacultyServiceImpl : 学院 艺术学院 有 0 个专业
2026-01-12 17:48:02.394 INFO  [http-nio-8080-exec-6] c.s.s.faculty.FacultyServiceImpl : 开始获取学院 生物科学学院 (ID: 897) 的专业列表
2026-01-12 17:48:02.394 INFO  [http-nio-8080-exec-6] c.s.s.faculty.FacultyServiceImpl : 学院 生物科学学院 有 0 个专业
2026-01-12 17:48:02.394 INFO  [http-nio-8080-exec-6] c.s.s.faculty.FacultyServiceImpl : 开始获取学院 工程学院 (ID: 898) 的专业列表
2026-01-12 17:48:02.395 INFO  [http-nio-8080-exec-6] c.s.s.faculty.FacultyServiceImpl : 学院 工程学院 有 0 个专业
2026-01-12 17:48:02.395 INFO  [http-nio-8080-exec-6] c.s.s.faculty.FacultyServiceImpl : 开始获取学院 健康与生命科学院 (ID: 899) 的专业列表
2026-01-12 17:48:02.398 INFO  [http-nio-8080-exec-6] c.s.s.faculty.FacultyServiceImpl : 学院 健康与生命科学院 有 16 个专业
2026-01-12 17:48:02.398 INFO  [http-nio-8080-exec-6] c.s.s.faculty.FacultyServiceImpl : 开始获取学院 布里斯托大学商学院 (ID: 900) 的专业列表
2026-01-12 17:48:02.401 INFO  [http-nio-8080-exec-6] c.s.s.faculty.FacultyServiceImpl : 学院 布里斯托大学商学院 有 22 个专业
2026-01-12 17:48:02.401 INFO  [http-nio-8080-exec-6] c.s.s.faculty.FacultyServiceImpl : 开始获取学院 医学与牙科学院 (ID: 901) 的专业列表
2026-01-12 17:48:02.401 INFO  [http-nio-8080-exec-6] c.s.s.faculty.FacultyServiceImpl : 学院 医学与牙科学院 有 0 个专业
2026-01-12 17:48:02.401 INFO  [http-nio-8080-exec-6] c.s.s.faculty.FacultyServiceImpl : 开始获取学院 科学学院 (ID: 902) 的专业列表
2026-01-12 17:48:02.403 INFO  [http-nio-8080-exec-6] c.s.s.faculty.FacultyServiceImpl : 学院 科学学院 有 0 个专业
2026-01-12 17:48:02.403 INFO  [http-nio-8080-exec-6] c.s.s.faculty.FacultyServiceImpl : 开始获取学院 社会科学与法学院 (ID: 903) 的专业列表
2026-01-12 17:48:02.403 INFO  [http-nio-8080-exec-6] c.s.s.faculty.FacultyServiceImpl : 学院 社会科学与法学院 有 0 个专业
2026-01-12 17:48:02.403 INFO  [http-nio-8080-exec-6] c.s.s.faculty.FacultyServiceImpl : 开始获取学院 兽医科学学院 (ID: 904) 的专业列表
2026-01-12 17:48:02.404 INFO  [http-nio-8080-exec-6] c.s.s.faculty.FacultyServiceImpl : 学院 兽医科学学院 有 0 个专业
2026-01-12 17:48:02.404 INFO  [http-nio-8080-exec-6] c.s.s.faculty.FacultyServiceImpl : 开始获取学院 布里斯托医学院 (ID: 905) 的专业列表
2026-01-12 17:48:02.404 INFO  [http-nio-8080-exec-6] c.s.s.faculty.FacultyServiceImpl : 学院 布里斯托医学院 有 0 个专业
2026-01-12 17:48:02.404 INFO  [http-nio-8080-exec-6] c.s.s.faculty.FacultyServiceImpl : 开始获取学院 布里斯托牙科学院 (ID: 906) 的专业列表
2026-01-12 17:48:02.405 INFO  [http-nio-8080-exec-6] c.s.s.faculty.FacultyServiceImpl : 学院 布里斯托牙科学院 有 0 个专业
2026-01-12 17:48:02.405 INFO  [http-nio-8080-exec-6] c.s.s.faculty.FacultyServiceImpl : 开始获取学院 布里斯托兽医学院 (ID: 907) 的专业列表
2026-01-12 17:48:02.406 INFO  [http-nio-8080-exec-6] c.s.s.faculty.FacultyServiceImpl : 学院 布里斯托兽医学院 有 0 个专业
2026-01-12 17:48:02.406 INFO  [http-nio-8080-exec-6] c.s.s.faculty.FacultyServiceImpl : 开始获取学院 计算机科学系 (ID: 908) 的专业列表
2026-01-12 17:48:02.408 INFO  [http-nio-8080-exec-6] c.s.s.faculty.FacultyServiceImpl : 学院 计算机科学系 有 0 个专业
2026-01-12 17:48:02.408 INFO  [http-nio-8080-exec-6] c.s.s.faculty.FacultyServiceImpl : 开始获取学院 数学系 (ID: 909) 的专业列表
2026-01-12 17:48:02.408 INFO  [http-nio-8080-exec-6] c.s.s.faculty.FacultyServiceImpl : 学院 数学系 有 0 个专业
2026-01-12 17:48:02.408 INFO  [http-nio-8080-exec-6] c.s.s.faculty.FacultyServiceImpl : 开始获取学院 物理系 (ID: 910) 的专业列表
2026-01-12 17:48:02.409 INFO  [http-nio-8080-exec-6] c.s.s.faculty.FacultyServiceImpl : 学院 物理系 有 0 个专业
2026-01-12 17:48:02.409 INFO  [http-nio-8080-exec-6] c.s.s.faculty.FacultyServiceImpl : 开始获取学院 化学系 (ID: 911) 的专业列表
2026-01-12 17:48:02.410 INFO  [http-nio-8080-exec-6] c.s.s.faculty.FacultyServiceImpl : 学院 化学系 有 0 个专业
2026-01-12 17:48:02.410 INFO  [http-nio-8080-exec-6] c.s.s.faculty.FacultyServiceImpl : 开始获取学院 地球科学系 (ID: 912) 的专业列表
2026-01-12 17:48:02.411 INFO  [http-nio-8080-exec-6] c.s.s.faculty.FacultyServiceImpl : 学院 地球科学系 有 0 个专业
2026-01-12 17:48:02.411 INFO  [http-nio-8080-exec-6] c.s.s.faculty.FacultyServiceImpl : 开始获取学院 地理科学系 (ID: 913) 的专业列表
2026-01-12 17:48:02.411 INFO  [http-nio-8080-exec-6] c.s.s.faculty.FacultyServiceImpl : 学院 地理科学系 有 0 个专业
2026-01-12 17:48:02.411 INFO  [http-nio-8080-exec-6] c.s.s.faculty.FacultyServiceImpl : 开始获取学院 心理学系 (ID: 914) 的专业列表
2026-01-12 17:48:02.412 INFO  [http-nio-8080-exec-6] c.s.s.faculty.FacultyServiceImpl : 学院 心理学系 有 0 个专业
2026-01-12 17:48:02.412 INFO  [http-nio-8080-exec-6] c.s.s.faculty.FacultyServiceImpl : 开始获取学院 经济学系 (ID: 915) 的专业列表
2026-01-12 17:48:02.413 INFO  [http-nio-8080-exec-6] c.s.s.faculty.FacultyServiceImpl : 学院 经济学系 有 0 个专业
2026-01-12 17:48:02.413 INFO  [http-nio-8080-exec-6] c.s.s.faculty.FacultyServiceImpl : 开始获取学院 政治学系 (ID: 916) 的专业列表
2026-01-12 17:48:02.413 INFO  [http-nio-8080-exec-6] c.s.s.faculty.FacultyServiceImpl : 学院 政治学系 有 0 个专业
2026-01-12 17:48:02.414 INFO  [http-nio-8080-exec-6] c.s.s.faculty.FacultyServiceImpl : 开始获取学院 社会学系 (ID: 917) 的专业列表
2026-01-12 17:48:02.415 INFO  [http-nio-8080-exec-6] c.s.s.faculty.FacultyServiceImpl : 学院 社会学系 有 0 个专业
2026-01-12 17:48:02.415 INFO  [http-nio-8080-exec-6] c.s.s.faculty.FacultyServiceImpl : 开始获取学院 历史系 (ID: 918) 的专业列表
2026-01-12 17:48:02.415 INFO  [http-nio-8080-exec-6] c.s.s.faculty.FacultyServiceImpl : 学院 历史系 有 0 个专业
2026-01-12 17:48:02.415 INFO  [http-nio-8080-exec-6] c.s.s.faculty.FacultyServiceImpl : 开始获取学院 英语系 (ID: 919) 的专业列表
2026-01-12 17:48:02.416 INFO  [http-nio-8080-exec-6] c.s.s.faculty.FacultyServiceImpl : 学院 英语系 有 0 个专业
2026-01-12 17:48:02.416 INFO  [http-nio-8080-exec-6] c.s.s.faculty.FacultyServiceImpl : 开始获取学院 现代语言系 (ID: 920) 的专业列表
2026-01-12 17:48:02.417 INFO  [http-nio-8080-exec-6] c.s.s.faculty.FacultyServiceImpl : 学院 现代语言系 有 0 个专业
2026-01-12 17:48:02.417 INFO  [http-nio-8080-exec-6] c.s.s.faculty.FacultyServiceImpl : 开始获取学院 哲学系 (ID: 921) 的专业列表
2026-01-12 17:48:02.418 INFO  [http-nio-8080-exec-6] c.s.s.faculty.FacultyServiceImpl : 学院 哲学系 有 0 个专业
2026-01-12 17:48:02.418 INFO  [http-nio-8080-exec-6] c.s.s.faculty.FacultyServiceImpl : 开始获取学院 神学与宗教研究系 (ID: 922) 的专业列表
2026-01-12 17:48:02.419 INFO  [http-nio-8080-exec-6] c.s.s.faculty.FacultyServiceImpl : 学院 神学与宗教研究系 有 0 个专业
2026-01-12 17:48:02.419 INFO  [http-nio-8080-exec-6] c.s.s.faculty.FacultyServiceImpl : 开始获取学院 教育学院 (ID: 923) 的专业列表
2026-01-12 17:48:02.419 INFO  [http-nio-8080-exec-6] c.s.s.faculty.FacultyServiceImpl : 学院 教育学院 有 0 个专业
2026-01-12 17:48:02.419 INFO  [http-nio-8080-exec-6] c.s.s.faculty.FacultyServiceImpl : 开始获取学院 管理学院 (ID: 924) 的专业列表
2026-01-12 17:48:02.420 INFO  [http-nio-8080-exec-6] c.s.s.faculty.FacultyServiceImpl : 学院 管理学院 有 0 个专业
2026-01-12 17:48:02.420 INFO  [http-nio-8080-exec-6] c.s.s.faculty.FacultyServiceImpl : 开始获取学院 法学院 (ID: 925) 的专业列表
2026-01-12 17:48:02.420 INFO  [http-nio-8080-exec-6] c.s.s.faculty.FacultyServiceImpl : 学院 法学院 有 0 个专业
2026-01-12 17:48:02.420 INFO  [http-nio-8080-exec-6] c.s.s.faculty.FacultyServiceImpl : 开始获取院校ID为 14 的学院列表
2026-01-12 17:48:02.423 INFO  [http-nio-8080-exec-6] c.s.s.faculty.FacultyServiceImpl : 找到 24 个学院
2026-01-12 17:48:02.423 INFO  [http-nio-8080-exec-6] c.s.s.faculty.FacultyServiceImpl : 开始获取学院 经济学系 (ID: 38) 的专业列表
2026-01-12 17:48:02.424 INFO  [http-nio-8080-exec-6] c.s.s.faculty.FacultyServiceImpl : 学院 经济学系 有 7 个专业
2026-01-12 17:48:02.424 INFO  [http-nio-8080-exec-6] c.s.s.faculty.FacultyServiceImpl : 开始获取学院 国际关系学系 (ID: 39) 的专业列表
2026-01-12 17:48:02.425 INFO  [http-nio-8080-exec-6] c.s.s.faculty.FacultyServiceImpl : 学院 国际关系学系 有 5 个专业
2026-01-12 17:48:02.425 INFO  [http-nio-8080-exec-6] c.s.s.faculty.FacultyServiceImpl : 开始获取学院 管理学系 (ID: 40) 的专业列表
2026-01-12 17:48:02.426 INFO  [http-nio-8080-exec-6] c.s.s.faculty.FacultyServiceImpl : 学院 管理学系 有 8 个专业
2026-01-12 17:48:02.426 INFO  [http-nio-8080-exec-6] c.s.s.faculty.FacultyServiceImpl : 开始获取学院 LSE法学院 (ID: 791) 的专业列表
2026-01-12 17:48:02.427 INFO  [http-nio-8080-exec-6] c.s.s.faculty.FacultyServiceImpl : 学院 LSE法学院 有 2 个专业
2026-01-12 17:48:02.427 INFO  [http-nio-8080-exec-6] c.s.s.faculty.FacultyServiceImpl : 开始获取学院 人类学系 (ID: 792) 的专业列表
2026-01-12 17:48:02.428 INFO  [http-nio-8080-exec-6] c.s.s.faculty.FacultyServiceImpl : 学院 人类学系 有 5 个专业
2026-01-12 17:48:02.428 INFO  [http-nio-8080-exec-6] c.s.s.faculty.FacultyServiceImpl : 开始获取学院 会计系 (ID: 793) 的专业列表
2026-01-12 17:48:02.429 INFO  [http-nio-8080-exec-6] c.s.s.faculty.FacultyServiceImpl : 学院 会计系 有 3 个专业
2026-01-12 17:48:02.429 INFO  [http-nio-8080-exec-6] c.s.s.faculty.FacultyServiceImpl : 开始获取学院 公共政策学院 (ID: 794) 的专业列表
2026-01-12 17:48:02.430 INFO  [http-nio-8080-exec-6] c.s.s.faculty.FacultyServiceImpl : 学院 公共政策学院 有 6 个专业
2026-01-12 17:48:02.430 INFO  [http-nio-8080-exec-6] c.s.s.faculty.FacultyServiceImpl : 开始获取学院 卫生政策系 (ID: 795) 的专业列表
2026-01-12 17:48:02.430 INFO  [http-nio-8080-exec-6] c.s.s.faculty.FacultyServiceImpl : 学院 卫生政策系 有 5 个专业
2026-01-12 17:48:02.430 INFO  [http-nio-8080-exec-6] c.s.s.faculty.FacultyServiceImpl : 开始获取学院 哲学逻辑与科学方法系 (ID: 796) 的专业列表
2026-01-12 17:48:02.431 INFO  [http-nio-8080-exec-6] c.s.s.faculty.FacultyServiceImpl : 学院 哲学逻辑与科学方法系 有 3 个专业
2026-01-12 17:48:02.431 INFO  [http-nio-8080-exec-6] c.s.s.faculty.FacultyServiceImpl : 开始获取学院 国际历史系 (ID: 798) 的专业列表
2026-01-12 17:48:02.432 INFO  [http-nio-8080-exec-6] c.s.s.faculty.FacultyServiceImpl : 学院 国际历史系 有 8 个专业
2026-01-12 17:48:02.432 INFO  [http-nio-8080-exec-6] c.s.s.faculty.FacultyServiceImpl : 开始获取学院 国际发展系 (ID: 799) 的专业列表
2026-01-12 17:48:02.433 INFO  [http-nio-8080-exec-6] c.s.s.faculty.FacultyServiceImpl : 学院 国际发展系 有 7 个专业
2026-01-12 17:48:02.433 INFO  [http-nio-8080-exec-6] c.s.s.faculty.FacultyServiceImpl : 开始获取学院 地理与环境系 (ID: 800) 的专业列表
2026-01-12 17:48:02.435 INFO  [http-nio-8080-exec-6] c.s.s.faculty.FacultyServiceImpl : 学院 地理与环境系 有 12 个专业
2026-01-12 17:48:02.435 INFO  [http-nio-8080-exec-6] c.s.s.faculty.FacultyServiceImpl : 开始获取学院 媒体与传播系 (ID: 801) 的专业列表
2026-01-12 17:48:02.436 INFO  [http-nio-8080-exec-6] c.s.s.faculty.FacultyServiceImpl : 学院 媒体与传播系 有 11 个专业
2026-01-12 17:48:02.436 INFO  [http-nio-8080-exec-6] c.s.s.faculty.FacultyServiceImpl : 开始获取学院 心理和行为科学系 (ID: 802) 的专业列表
2026-01-12 17:48:02.437 INFO  [http-nio-8080-exec-6] c.s.s.faculty.FacultyServiceImpl : 学院 心理和行为科学系 有 5 个专业
2026-01-12 17:48:02.437 INFO  [http-nio-8080-exec-6] c.s.s.faculty.FacultyServiceImpl : 开始获取学院 性别研究系 (ID: 803) 的专业列表
2026-01-12 17:48:02.439 INFO  [http-nio-8080-exec-6] c.s.s.faculty.FacultyServiceImpl : 学院 性别研究系 有 8 个专业
2026-01-12 17:48:02.439 INFO  [http-nio-8080-exec-6] c.s.s.faculty.FacultyServiceImpl : 开始获取学院 政府系 (ID: 804) 的专业列表
2026-01-12 17:48:02.440 INFO  [http-nio-8080-exec-6] c.s.s.faculty.FacultyServiceImpl : 学院 政府系 有 7 个专业
2026-01-12 17:48:02.440 INFO  [http-nio-8080-exec-6] c.s.s.faculty.FacultyServiceImpl : 开始获取学院 数学系 (ID: 805) 的专业列表
2026-01-12 17:48:02.452 INFO  [http-nio-8080-exec-6] c.s.s.faculty.FacultyServiceImpl : 学院 数学系 有 3 个专业
2026-01-12 17:48:02.452 INFO  [http-nio-8080-exec-6] c.s.s.faculty.FacultyServiceImpl : 开始获取学院 方法学系 (ID: 806) 的专业列表
2026-01-12 17:48:02.454 INFO  [http-nio-8080-exec-6] c.s.s.faculty.FacultyServiceImpl : 学院 方法学系 有 2 个专业
2026-01-12 17:48:02.454 INFO  [http-nio-8080-exec-6] c.s.s.faculty.FacultyServiceImpl : 开始获取学院 欧洲研究所 (ID: 807) 的专业列表
2026-01-12 17:48:02.455 INFO  [http-nio-8080-exec-6] c.s.s.faculty.FacultyServiceImpl : 学院 欧洲研究所 有 8 个专业
2026-01-12 17:48:02.455 INFO  [http-nio-8080-exec-6] c.s.s.faculty.FacultyServiceImpl : 开始获取学院 社会学系 (ID: 808) 的专业列表
2026-01-12 17:48:02.458 INFO  [http-nio-8080-exec-6] c.s.s.faculty.FacultyServiceImpl : 学院 社会学系 有 8 个专业
2026-01-12 17:48:02.458 INFO  [http-nio-8080-exec-6] c.s.s.faculty.FacultyServiceImpl : 开始获取学院 社会政策系 (ID: 809) 的专业列表
2026-01-12 17:48:02.459 INFO  [http-nio-8080-exec-6] c.s.s.faculty.FacultyServiceImpl : 学院 社会政策系 有 8 个专业
2026-01-12 17:48:02.459 INFO  [http-nio-8080-exec-6] c.s.s.faculty.FacultyServiceImpl : 开始获取学院 经济史系 (ID: 811) 的专业列表
2026-01-12 17:48:02.460 INFO  [http-nio-8080-exec-6] c.s.s.faculty.FacultyServiceImpl : 学院 经济史系 有 3 个专业
2026-01-12 17:48:02.460 INFO  [http-nio-8080-exec-6] c.s.s.faculty.FacultyServiceImpl : 开始获取学院 统计学系 (ID: 813) 的专业列表
2026-01-12 17:48:02.461 INFO  [http-nio-8080-exec-6] c.s.s.faculty.FacultyServiceImpl : 学院 统计学系 有 6 个专业
2026-01-12 17:48:02.461 INFO  [http-nio-8080-exec-6] c.s.s.faculty.FacultyServiceImpl : 开始获取学院 金融系 (ID: 814) 的专业列表
2026-01-12 17:48:02.462 INFO  [http-nio-8080-exec-6] c.s.s.faculty.FacultyServiceImpl : 学院 金融系 有 4 个专业
2026-01-12 17:48:02.462 INFO  [http-nio-8080-exec-6] c.s.s.faculty.FacultyServiceImpl : 开始获取院校ID为 18 的学院列表
2026-01-12 17:48:02.465 INFO  [http-nio-8080-exec-6] c.s.s.faculty.FacultyServiceImpl : 找到 32 个学院
2026-01-12 17:48:02.465 INFO  [http-nio-8080-exec-6] c.s.s.faculty.FacultyServiceImpl : 开始获取学院 华威商学院 (ID: 41) 的专业列表
2026-01-12 17:48:02.466 INFO  [http-nio-8080-exec-6] c.s.s.faculty.FacultyServiceImpl : 学院 华威商学院 有 1 个专业
2026-01-12 17:48:02.466 INFO  [http-nio-8080-exec-6] c.s.s.faculty.FacultyServiceImpl : 开始获取学院 制造工程学院 (ID: 42) 的专业列表
2026-01-12 17:48:02.467 INFO  [http-nio-8080-exec-6] c.s.s.faculty.FacultyServiceImpl : 学院 制造工程学院 有 1 个专业
2026-01-12 17:48:02.467 INFO  [http-nio-8080-exec-6] c.s.s.faculty.FacultyServiceImpl : 开始获取学院 计算机科学系 (ID: 43) 的专业列表
2026-01-12 17:48:02.467 INFO  [http-nio-8080-exec-6] c.s.s.faculty.FacultyServiceImpl : 学院 计算机科学系 有 1 个专业
2026-01-12 17:48:02.467 INFO  [http-nio-8080-exec-6] c.s.s.faculty.FacultyServiceImpl : 开始获取学院 全球可持续发展系 (ID: 867) 的专业列表
2026-01-12 17:48:02.468 INFO  [http-nio-8080-exec-6] c.s.s.faculty.FacultyServiceImpl : 学院 全球可持续发展系 有 1 个专业
2026-01-12 17:48:02.468 INFO  [http-nio-8080-exec-6] c.s.s.faculty.FacultyServiceImpl : 开始获取学院 创意艺术、表演和视觉文化学院 (ID: 868) 的专业列表
2026-01-12 17:48:02.468 INFO  [http-nio-8080-exec-6] c.s.s.faculty.FacultyServiceImpl : 学院 创意艺术、表演和视觉文化学院 有 1 个专业
2026-01-12 17:48:02.468 INFO  [http-nio-8080-exec-6] c.s.s.faculty.FacultyServiceImpl : 开始获取学院 化学系 (ID: 869) 的专业列表
2026-01-12 17:48:02.470 INFO  [http-nio-8080-exec-6] c.s.s.faculty.FacultyServiceImpl : 学院 化学系 有 9 个专业
2026-01-12 17:48:02.470 INFO  [http-nio-8080-exec-6] c.s.s.faculty.FacultyServiceImpl : 开始获取学院 华威制造学院 (ID: 870) 的专业列表
2026-01-12 17:48:02.471 INFO  [http-nio-8080-exec-6] c.s.s.faculty.FacultyServiceImpl : 学院 华威制造学院 有 15 个专业
2026-01-12 17:48:02.471 INFO  [http-nio-8080-exec-6] c.s.s.faculty.FacultyServiceImpl : 开始获取学院 华威医学院 (ID: 871) 的专业列表
2026-01-12 17:48:02.472 INFO  [http-nio-8080-exec-6] c.s.s.faculty.FacultyServiceImpl : 学院 华威医学院 有 2 个专业
2026-01-12 17:48:02.472 INFO  [http-nio-8080-exec-6] c.s.s.faculty.FacultyServiceImpl : 开始获取学院 华威商学院 (ID: 872) 的专业列表
2026-01-12 17:48:02.474 INFO  [http-nio-8080-exec-6] c.s.s.faculty.FacultyServiceImpl : 学院 华威商学院 有 16 个专业
2026-01-12 17:48:02.474 INFO  [http-nio-8080-exec-6] c.s.s.faculty.FacultyServiceImpl : 开始获取学院 历史系 (ID: 873) 的专业列表
2026-01-12 17:48:02.475 INFO  [http-nio-8080-exec-6] c.s.s.faculty.FacultyServiceImpl : 学院 历史系 有 1 个专业
2026-01-12 17:48:02.475 INFO  [http-nio-8080-exec-6] c.s.s.faculty.FacultyServiceImpl : 开始获取学院 古典与古代史系 (ID: 874) 的专业列表
2026-01-12 17:48:02.475 INFO  [http-nio-8080-exec-6] c.s.s.faculty.FacultyServiceImpl : 学院 古典与古代史系 有 2 个专业
2026-01-12 17:48:02.475 INFO  [http-nio-8080-exec-6] c.s.s.faculty.FacultyServiceImpl : 开始获取学院 哲学系 (ID: 875) 的专业列表
2026-01-12 17:48:02.476 INFO  [http-nio-8080-exec-6] c.s.s.faculty.FacultyServiceImpl : 学院 哲学系 有 3 个专业
2026-01-12 17:48:02.476 INFO  [http-nio-8080-exec-6] c.s.s.faculty.FacultyServiceImpl : 开始获取学院 工程学院 (ID: 876) 的专业列表
2026-01-12 17:48:02.477 INFO  [http-nio-8080-exec-6] c.s.s.faculty.FacultyServiceImpl : 学院 工程学院 有 12 个专业
2026-01-12 17:48:02.478 INFO  [http-nio-8080-exec-6] c.s.s.faculty.FacultyServiceImpl : 开始获取学院 应用语言学系 (ID: 877) 的专业列表
2026-01-12 17:48:02.478 INFO  [http-nio-8080-exec-6] c.s.s.faculty.FacultyServiceImpl : 学院 应用语言学系 有 2 个专业
2026-01-12 17:48:02.478 INFO  [http-nio-8080-exec-6] c.s.s.faculty.FacultyServiceImpl : 开始获取学院 心理学系 (ID: 878) 的专业列表
2026-01-12 17:48:02.479 INFO  [http-nio-8080-exec-6] c.s.s.faculty.FacultyServiceImpl : 学院 心理学系 有 4 个专业
2026-01-12 17:48:02.479 INFO  [http-nio-8080-exec-6] c.s.s.faculty.FacultyServiceImpl : 开始获取学院 戏剧和表演研究系 (ID: 879) 的专业列表
2026-01-12 17:48:02.479 INFO  [http-nio-8080-exec-6] c.s.s.faculty.FacultyServiceImpl : 学院 戏剧和表演研究系 有 1 个专业
2026-01-12 17:48:02.479 INFO  [http-nio-8080-exec-6] c.s.s.faculty.FacultyServiceImpl : 开始获取学院 政治与国际研究系 (ID: 880) 的专业列表
2026-01-12 17:48:02.480 INFO  [http-nio-8080-exec-6] c.s.s.faculty.FacultyServiceImpl : 学院 政治与国际研究系 有 7 个专业
2026-01-12 17:48:02.480 INFO  [http-nio-8080-exec-6] c.s.s.faculty.FacultyServiceImpl : 开始获取学院 教育研究学系 (ID: 881) 的专业列表
2026-01-12 17:48:02.482 INFO  [http-nio-8080-exec-6] c.s.s.faculty.FacultyServiceImpl : 学院 教育研究学系 有 7 个专业
2026-01-12 17:48:02.482 INFO  [http-nio-8080-exec-6] c.s.s.faculty.FacultyServiceImpl : 开始获取学院 数学系研究所 (ID: 882) 的专业列表
2026-01-12 17:48:02.483 INFO  [http-nio-8080-exec-6] c.s.s.faculty.FacultyServiceImpl : 学院 数学系研究所 有 2 个专业
2026-01-12 17:48:02.483 INFO  [http-nio-8080-exec-6] c.s.s.faculty.FacultyServiceImpl : 开始获取学院 文化和媒体政策研究中心 (ID: 883) 的专业列表
2026-01-12 17:48:02.484 INFO  [http-nio-8080-exec-6] c.s.s.faculty.FacultyServiceImpl : 学院 文化和媒体政策研究中心 有 3 个专业
2026-01-12 17:48:02.484 INFO  [http-nio-8080-exec-6] c.s.s.faculty.FacultyServiceImpl : 开始获取学院 文艺复兴研究中心 (ID: 884) 的专业列表
2026-01-12 17:48:02.484 INFO  [http-nio-8080-exec-6] c.s.s.faculty.FacultyServiceImpl : 学院 文艺复兴研究中心 有 1 个专业
2026-01-12 17:48:02.484 INFO  [http-nio-8080-exec-6] c.s.s.faculty.FacultyServiceImpl : 开始获取学院 法学院 (ID: 885) 的专业列表
2026-01-12 17:48:02.485 INFO  [http-nio-8080-exec-6] c.s.s.faculty.FacultyServiceImpl : 学院 法学院 有 5 个专业
2026-01-12 17:48:02.485 INFO  [http-nio-8080-exec-6] c.s.s.faculty.FacultyServiceImpl : 开始获取学院 现代语言文化学院 (ID: 886) 的专业列表
2026-01-12 17:48:02.486 INFO  [http-nio-8080-exec-6] c.s.s.faculty.FacultyServiceImpl : 学院 现代语言文化学院 有 1 个专业
2026-01-12 17:48:02.486 INFO  [http-nio-8080-exec-6] c.s.s.faculty.FacultyServiceImpl : 开始获取学院 生命科学学院 (ID: 887) 的专业列表
2026-01-12 17:48:02.486 INFO  [http-nio-8080-exec-6] c.s.s.faculty.FacultyServiceImpl : 学院 生命科学学院 有 4 个专业
2026-01-12 17:48:02.486 INFO  [http-nio-8080-exec-6] c.s.s.faculty.FacultyServiceImpl : 开始获取学院 电影和电视研究系 (ID: 888) 的专业列表
2026-01-12 17:48:02.487 INFO  [http-nio-8080-exec-6] c.s.s.faculty.FacultyServiceImpl : 学院 电影和电视研究系 有 2 个专业
2026-01-12 17:48:02.487 INFO  [http-nio-8080-exec-6] c.s.s.faculty.FacultyServiceImpl : 开始获取学院 社会学系 (ID: 889) 的专业列表
2026-01-12 17:48:02.487 INFO  [http-nio-8080-exec-6] c.s.s.faculty.FacultyServiceImpl : 学院 社会学系 有 5 个专业
2026-01-12 17:48:02.487 INFO  [http-nio-8080-exec-6] c.s.s.faculty.FacultyServiceImpl : 开始获取学院 终身学习中心 (ID: 890) 的专业列表
2026-01-12 17:48:02.488 INFO  [http-nio-8080-exec-6] c.s.s.faculty.FacultyServiceImpl : 学院 终身学习中心 有 1 个专业
2026-01-12 17:48:02.488 INFO  [http-nio-8080-exec-6] c.s.s.faculty.FacultyServiceImpl : 开始获取学院 经济学系 (ID: 891) 的专业列表
2026-01-12 17:48:02.491 INFO  [http-nio-8080-exec-6] c.s.s.faculty.FacultyServiceImpl : 学院 经济学系 有 5 个专业
2026-01-12 17:48:02.491 INFO  [http-nio-8080-exec-6] c.s.s.faculty.FacultyServiceImpl : 开始获取学院 统计学系 (ID: 892) 的专业列表
2026-01-12 17:48:02.492 INFO  [http-nio-8080-exec-6] c.s.s.faculty.FacultyServiceImpl : 学院 统计学系 有 1 个专业
2026-01-12 17:48:02.492 INFO  [http-nio-8080-exec-6] c.s.s.faculty.FacultyServiceImpl : 开始获取学院 英语和比较文学研究系 (ID: 893) 的专业列表
2026-01-12 17:48:02.494 INFO  [http-nio-8080-exec-6] c.s.s.faculty.FacultyServiceImpl : 学院 英语和比较文学研究系 有 5 个专业
2026-01-12 17:48:02.494 INFO  [http-nio-8080-exec-6] c.s.s.faculty.FacultyServiceImpl : 开始获取学院 计算机科学系 (ID: 894) 的专业列表
2026-01-12 17:48:02.497 INFO  [http-nio-8080-exec-6] c.s.s.faculty.FacultyServiceImpl : 学院 计算机科学系 有 1 个专业
2026-01-12 17:48:02.497 INFO  [http-nio-8080-exec-6] c.s.s.faculty.FacultyServiceImpl : 开始获取学院 跨学科研究中心 (ID: 895) 的专业列表
2026-01-12 17:48:02.499 INFO  [http-nio-8080-exec-6] c.s.s.faculty.FacultyServiceImpl : 学院 跨学科研究中心 有 4 个专业
2026-01-12 17:48:02.499 INFO  [http-nio-8080-exec-6] c.s.s.faculty.FacultyServiceImpl : 开始获取院校ID为 44 的学院列表
2026-01-12 17:48:02.505 INFO  [http-nio-8080-exec-6] c.s.s.faculty.FacultyServiceImpl : 找到 26 个学院
2026-01-12 17:48:02.505 INFO  [http-nio-8080-exec-6] c.s.s.faculty.FacultyServiceImpl : 开始获取学院 人类大脑健康中心 (ID: 130) 的专业列表
2026-01-12 17:48:02.507 INFO  [http-nio-8080-exec-6] c.s.s.faculty.FacultyServiceImpl : 学院 人类大脑健康中心 有 1 个专业
2026-01-12 17:48:02.507 INFO  [http-nio-8080-exec-6] c.s.s.faculty.FacultyServiceImpl : 开始获取学院 伯明翰医学院 (ID: 131) 的专业列表
2026-01-12 17:48:02.509 INFO  [http-nio-8080-exec-6] c.s.s.faculty.FacultyServiceImpl : 学院 伯明翰医学院 有 21 个专业
2026-01-12 17:48:02.509 INFO  [http-nio-8080-exec-6] c.s.s.faculty.FacultyServiceImpl : 开始获取学院 伯明翰法学院 (ID: 132) 的专业列表
2026-01-12 17:48:02.511 INFO  [http-nio-8080-exec-6] c.s.s.faculty.FacultyServiceImpl : 学院 伯明翰法学院 有 18 个专业
2026-01-12 17:48:02.511 INFO  [http-nio-8080-exec-6] c.s.s.faculty.FacultyServiceImpl : 开始获取学院 体育、运动与康复学院 (ID: 133) 的专业列表
2026-01-12 17:48:02.512 INFO  [http-nio-8080-exec-6] c.s.s.faculty.FacultyServiceImpl : 学院 体育、运动与康复学院 有 7 个专业
2026-01-12 17:48:02.512 INFO  [http-nio-8080-exec-6] c.s.s.faculty.FacultyServiceImpl : 开始获取学院 冶金和材料学院 (ID: 134) 的专业列表
2026-01-12 17:48:02.513 INFO  [http-nio-8080-exec-6] c.s.s.faculty.FacultyServiceImpl : 学院 冶金和材料学院 有 2 个专业
2026-01-12 17:48:02.513 INFO  [http-nio-8080-exec-6] c.s.s.faculty.FacultyServiceImpl : 开始获取学院 化工学院 (ID: 135) 的专业列表
2026-01-12 17:48:02.514 INFO  [http-nio-8080-exec-6] c.s.s.faculty.FacultyServiceImpl : 学院 化工学院 有 1 个专业
2026-01-12 17:48:02.514 INFO  [http-nio-8080-exec-6] c.s.s.faculty.FacultyServiceImpl : 开始获取学院 化工工程学院 (ID: 136) 的专业列表
2026-01-12 17:48:02.515 INFO  [http-nio-8080-exec-6] c.s.s.faculty.FacultyServiceImpl : 学院 化工工程学院 有 5 个专业
2026-01-12 17:48:02.515 INFO  [http-nio-8080-exec-6] c.s.s.faculty.FacultyServiceImpl : 开始获取学院 历史与文化学院 (ID: 137) 的专业列表
2026-01-12 17:48:02.516 INFO  [http-nio-8080-exec-6] c.s.s.faculty.FacultyServiceImpl : 学院 历史与文化学院 有 8 个专业
2026-01-12 17:48:02.516 INFO  [http-nio-8080-exec-6] c.s.s.faculty.FacultyServiceImpl : 开始获取学院 发展科学中心 (ID: 138) 的专业列表
2026-01-12 17:48:02.517 INFO  [http-nio-8080-exec-6] c.s.s.faculty.FacultyServiceImpl : 学院 发展科学中心 有 1 个专业
2026-01-12 17:48:02.517 INFO  [http-nio-8080-exec-6] c.s.s.faculty.FacultyServiceImpl : 开始获取学院 哲学、神学与宗教学院 (ID: 139) 的专业列表
2026-01-12 17:48:02.519 INFO  [http-nio-8080-exec-6] c.s.s.faculty.FacultyServiceImpl : 学院 哲学、神学与宗教学院 有 8 个专业
2026-01-12 17:48:02.519 INFO  [http-nio-8080-exec-6] c.s.s.faculty.FacultyServiceImpl : 开始获取学院 商学院 (ID: 140) 的专业列表
2026-01-12 17:48:02.522 INFO  [http-nio-8080-exec-6] c.s.s.faculty.FacultyServiceImpl : 学院 商学院 有 19 个专业
2026-01-12 17:48:02.522 INFO  [http-nio-8080-exec-6] c.s.s.faculty.FacultyServiceImpl : 开始获取学院 地理、地球和环境学院 (ID: 141) 的专业列表
2026-01-12 17:48:02.523 INFO  [http-nio-8080-exec-6] c.s.s.faculty.FacultyServiceImpl : 学院 地理、地球和环境学院 有 0 个专业
2026-01-12 17:48:02.523 INFO  [http-nio-8080-exec-6] c.s.s.faculty.FacultyServiceImpl : 开始获取学院 工程学院 (ID: 142) 的专业列表
2026-01-12 17:48:02.524 INFO  [http-nio-8080-exec-6] c.s.s.faculty.FacultyServiceImpl : 学院 工程学院 有 0 个专业
2026-01-12 17:48:02.524 INFO  [http-nio-8080-exec-6] c.s.s.faculty.FacultyServiceImpl : 开始获取学院 心理学学院 (ID: 143) 的专业列表
2026-01-12 17:48:02.524 INFO  [http-nio-8080-exec-6] c.s.s.faculty.FacultyServiceImpl : 学院 心理学学院 有 0 个专业
2026-01-12 17:48:02.524 INFO  [http-nio-8080-exec-6] c.s.s.faculty.FacultyServiceImpl : 开始获取学院 护理和助产学院 (ID: 144) 的专业列表
2026-01-12 17:48:02.525 INFO  [http-nio-8080-exec-6] c.s.s.faculty.FacultyServiceImpl : 学院 护理和助产学院 有 0 个专业
2026-01-12 17:48:02.525 INFO  [http-nio-8080-exec-6] c.s.s.faculty.FacultyServiceImpl : 开始获取学院 政府学院 (ID: 145) 的专业列表
2026-01-12 17:48:02.525 INFO  [http-nio-8080-exec-6] c.s.s.faculty.FacultyServiceImpl : 学院 政府学院 有 0 个专业
2026-01-12 17:48:02.525 INFO  [http-nio-8080-exec-6] c.s.s.faculty.FacultyServiceImpl : 开始获取学院 教育学院 (ID: 146) 的专业列表
2026-01-12 17:48:02.526 INFO  [http-nio-8080-exec-6] c.s.s.faculty.FacultyServiceImpl : 学院 教育学院 有 0 个专业
2026-01-12 17:48:02.526 INFO  [http-nio-8080-exec-6] c.s.s.faculty.FacultyServiceImpl : 开始获取学院 数学学院 (ID: 147) 的专业列表
2026-01-12 17:48:02.526 INFO  [http-nio-8080-exec-6] c.s.s.faculty.FacultyServiceImpl : 学院 数学学院 有 0 个专业
2026-01-12 17:48:02.526 INFO  [http-nio-8080-exec-6] c.s.s.faculty.FacultyServiceImpl : 开始获取学院 物理和天文学学院 (ID: 148) 的专业列表
2026-01-12 17:48:02.527 INFO  [http-nio-8080-exec-6] c.s.s.faculty.FacultyServiceImpl : 学院 物理和天文学学院 有 0 个专业
2026-01-12 17:48:02.527 INFO  [http-nio-8080-exec-6] c.s.s.faculty.FacultyServiceImpl : 开始获取学院 生物科学学院 (ID: 149) 的专业列表
2026-01-12 17:48:02.527 INFO  [http-nio-8080-exec-6] c.s.s.faculty.FacultyServiceImpl : 学院 生物科学学院 有 0 个专业
2026-01-12 17:48:02.527 INFO  [http-nio-8080-exec-6] c.s.s.faculty.FacultyServiceImpl : 开始获取学院 社会政策学院 (ID: 150) 的专业列表
2026-01-12 17:48:02.528 INFO  [http-nio-8080-exec-6] c.s.s.faculty.FacultyServiceImpl : 学院 社会政策学院 有 0 个专业
2026-01-12 17:48:02.528 INFO  [http-nio-8080-exec-6] c.s.s.faculty.FacultyServiceImpl : 开始获取学院 英语、戏剧和创意研究学院 (ID: 151) 的专业列表
2026-01-12 17:48:02.528 INFO  [http-nio-8080-exec-6] c.s.s.faculty.FacultyServiceImpl : 学院 英语、戏剧和创意研究学院 有 0 个专业
2026-01-12 17:48:02.528 INFO  [http-nio-8080-exec-6] c.s.s.faculty.FacultyServiceImpl : 开始获取学院 药学院 (ID: 152) 的专业列表
2026-01-12 17:48:02.529 INFO  [http-nio-8080-exec-6] c.s.s.faculty.FacultyServiceImpl : 学院 药学院 有 0 个专业
2026-01-12 17:48:02.529 INFO  [http-nio-8080-exec-6] c.s.s.faculty.FacultyServiceImpl : 开始获取学院 计算机科学学院 (ID: 153) 的专业列表
2026-01-12 17:48:02.529 INFO  [http-nio-8080-exec-6] c.s.s.faculty.FacultyServiceImpl : 学院 计算机科学学院 有 0 个专业
2026-01-12 17:48:02.529 INFO  [http-nio-8080-exec-6] c.s.s.faculty.FacultyServiceImpl : 开始获取学院 语言、文化、艺术史和音乐学院 (ID: 154) 的专业列表
2026-01-12 17:48:02.530 INFO  [http-nio-8080-exec-6] c.s.s.faculty.FacultyServiceImpl : 学院 语言、文化、艺术史和音乐学院 有 0 个专业
2026-01-12 17:48:02.530 INFO  [http-nio-8080-exec-6] c.s.s.faculty.FacultyServiceImpl : 开始获取学院 铁桥遗址中心 (ID: 155) 的专业列表
2026-01-12 17:48:02.530 INFO  [http-nio-8080-exec-6] c.s.s.faculty.FacultyServiceImpl : 学院 铁桥遗址中心 有 0 个专业
2026-01-12 17:48:02.530 INFO  [http-nio-8080-exec-6] c.s.s.faculty.FacultyServiceImpl : 开始获取院校ID为 20 的学院列表
2026-01-12 17:48:02.534 INFO  [http-nio-8080-exec-6] c.s.s.faculty.FacultyServiceImpl : 找到 30 个学院
2026-01-12 17:48:02.534 INFO  [http-nio-8080-exec-6] c.s.s.faculty.FacultyServiceImpl : 开始获取学院 计算机科学学院 (ID: 44) 的专业列表
2026-01-12 17:48:02.535 INFO  [http-nio-8080-exec-6] c.s.s.faculty.FacultyServiceImpl : 学院 计算机科学学院 有 2 个专业
2026-01-12 17:48:02.535 INFO  [http-nio-8080-exec-6] c.s.s.faculty.FacultyServiceImpl : 开始获取学院 亚当·史密斯商学院 (ID: 45) 的专业列表
2026-01-12 17:48:02.535 INFO  [http-nio-8080-exec-6] c.s.s.faculty.FacultyServiceImpl : 学院 亚当·史密斯商学院 有 1 个专业
2026-01-12 17:48:02.535 INFO  [http-nio-8080-exec-6] c.s.s.faculty.FacultyServiceImpl : 开始获取学院 工程学院 (ID: 46) 的专业列表
2026-01-12 17:48:02.536 INFO  [http-nio-8080-exec-6] c.s.s.faculty.FacultyServiceImpl : 学院 工程学院 有 1 个专业
2026-01-12 17:48:02.536 INFO  [http-nio-8080-exec-6] c.s.s.faculty.FacultyServiceImpl : 开始获取学院 分子生物科学学院 (ID: 926) 的专业列表
2026-01-12 17:48:02.538 INFO  [http-nio-8080-exec-6] c.s.s.faculty.FacultyServiceImpl : 学院 分子生物科学学院 有 9 个专业
2026-01-12 17:48:02.538 INFO  [http-nio-8080-exec-6] c.s.s.faculty.FacultyServiceImpl : 开始获取学院 医学、牙科学和护理学学院 (ID: 927) 的专业列表
2026-01-12 17:48:02.539 INFO  [http-nio-8080-exec-6] c.s.s.faculty.FacultyServiceImpl : 学院 医学、牙科学和护理学学院 有 12 个专业
2026-01-12 17:48:02.539 INFO  [http-nio-8080-exec-6] c.s.s.faculty.FacultyServiceImpl : 开始获取学院 心理学和神经科学学院 (ID: 928) 的专业列表
2026-01-12 17:48:02.541 INFO  [http-nio-8080-exec-6] c.s.s.faculty.FacultyServiceImpl : 学院 心理学和神经科学学院 有 4 个专业
2026-01-12 17:48:02.541 INFO  [http-nio-8080-exec-6] c.s.s.faculty.FacultyServiceImpl : 开始获取学院 心血管与代谢健康学院 (ID: 929) 的专业列表
2026-01-12 17:48:02.541 INFO  [http-nio-8080-exec-6] c.s.s.faculty.FacultyServiceImpl : 学院 心血管与代谢健康学院 有 3 个专业
2026-01-12 17:48:02.541 INFO  [http-nio-8080-exec-6] c.s.s.faculty.FacultyServiceImpl : 开始获取学院 亚当·史密斯商学院 (ID: 930) 的专业列表
2026-01-12 17:48:02.545 INFO  [http-nio-8080-exec-6] c.s.s.faculty.FacultyServiceImpl : 学院 亚当·史密斯商学院 有 31 个专业
2026-01-12 17:48:02.545 INFO  [http-nio-8080-exec-6] c.s.s.faculty.FacultyServiceImpl : 开始获取学院 计算机学院 (ID: 931) 的专业列表
2026-01-12 17:48:02.546 INFO  [http-nio-8080-exec-6] c.s.s.faculty.FacultyServiceImpl : 学院 计算机学院 有 6 个专业
2026-01-12 17:48:02.546 INFO  [http-nio-8080-exec-6] c.s.s.faculty.FacultyServiceImpl : 开始获取学院 感染与免疫学院 (ID: 932) 的专业列表
2026-01-12 17:48:02.547 INFO  [http-nio-8080-exec-6] c.s.s.faculty.FacultyServiceImpl : 学院 感染与免疫学院 有 3 个专业
2026-01-12 17:48:02.547 INFO  [http-nio-8080-exec-6] c.s.s.faculty.FacultyServiceImpl : 开始获取学院 批判研究学院 (ID: 933) 的专业列表
2026-01-12 17:48:02.548 INFO  [http-nio-8080-exec-6] c.s.s.faculty.FacultyServiceImpl : 学院 批判研究学院 有 9 个专业
2026-01-12 17:48:02.548 INFO  [http-nio-8080-exec-6] c.s.s.faculty.FacultyServiceImpl : 开始获取学院 数学与统计学院 (ID: 934) 的专业列表
2026-01-12 17:48:02.550 INFO  [http-nio-8080-exec-6] c.s.s.faculty.FacultyServiceImpl : 学院 数学与统计学院 有 4 个专业
2026-01-12 17:48:02.550 INFO  [http-nio-8080-exec-6] c.s.s.faculty.FacultyServiceImpl : 开始获取学院 物理与天文学学院 (ID: 935) 的专业列表
2026-01-12 17:48:02.551 INFO  [http-nio-8080-exec-6] c.s.s.faculty.FacultyServiceImpl : 学院 物理与天文学学院 有 7 个专业
2026-01-12 17:48:02.551 INFO  [http-nio-8080-exec-6] c.s.s.faculty.FacultyServiceImpl : 开始获取学院 化学学院 (ID: 936) 的专业列表
2026-01-12 17:48:02.552 INFO  [http-nio-8080-exec-6] c.s.s.faculty.FacultyServiceImpl : 学院 化学学院 有 2 个专业
2026-01-12 17:48:02.552 INFO  [http-nio-8080-exec-6] c.s.s.faculty.FacultyServiceImpl : 开始获取学院 生物多样性、一体健康和兽医学院 (ID: 937) 的专业列表
2026-01-12 17:48:02.553 INFO  [http-nio-8080-exec-6] c.s.s.faculty.FacultyServiceImpl : 学院 生物多样性、一体健康和兽医学院 有 7 个专业
2026-01-12 17:48:02.553 INFO  [http-nio-8080-exec-6] c.s.s.faculty.FacultyServiceImpl : 开始获取学院 癌症科学学院 (ID: 938) 的专业列表
2026-01-12 17:48:02.553 INFO  [http-nio-8080-exec-6] c.s.s.faculty.FacultyServiceImpl : 学院 癌症科学学院 有 2 个专业
2026-01-12 17:48:02.553 INFO  [http-nio-8080-exec-6] c.s.s.faculty.FacultyServiceImpl : 开始获取学院 社会与环境可持续发展学院 (ID: 939) 的专业列表
2026-01-12 17:48:02.554 INFO  [http-nio-8080-exec-6] c.s.s.faculty.FacultyServiceImpl : 学院 社会与环境可持续发展学院 有 2 个专业
2026-01-12 17:48:02.554 INFO  [http-nio-8080-exec-6] c.s.s.faculty.FacultyServiceImpl : 开始获取学院 詹姆斯-瓦特工程科学学院 (ID: 940) 的专业列表
2026-01-12 17:48:02.558 INFO  [http-nio-8080-exec-6] c.s.s.faculty.FacultyServiceImpl : 学院 詹姆斯-瓦特工程科学学院 有 24 个专业
2026-01-12 17:48:02.558 INFO  [http-nio-8080-exec-6] c.s.s.faculty.FacultyServiceImpl : 开始获取学院 地理与地球科学学院 (ID: 941) 的专业列表
2026-01-12 17:48:02.561 INFO  [http-nio-8080-exec-6] c.s.s.faculty.FacultyServiceImpl : 学院 地理与地球科学学院 有 15 个专业
2026-01-12 17:48:02.561 INFO  [http-nio-8080-exec-6] c.s.s.faculty.FacultyServiceImpl : 开始获取学院 心理学院 (ID: 942) 的专业列表
2026-01-12 17:48:02.562 INFO  [http-nio-8080-exec-6] c.s.s.faculty.FacultyServiceImpl : 学院 心理学院 有 0 个专业
2026-01-12 17:48:02.562 INFO  [http-nio-8080-exec-6] c.s.s.faculty.FacultyServiceImpl : 开始获取学院 教育学院 (ID: 943) 的专业列表
2026-01-12 17:48:02.563 INFO  [http-nio-8080-exec-6] c.s.s.faculty.FacultyServiceImpl : 学院 教育学院 有 13 个专业
2026-01-12 17:48:02.563 INFO  [http-nio-8080-exec-6] c.s.s.faculty.FacultyServiceImpl : 开始获取学院 法学院 (ID: 944) 的专业列表
2026-01-12 17:48:02.565 INFO  [http-nio-8080-exec-6] c.s.s.faculty.FacultyServiceImpl : 学院 法学院 有 11 个专业
2026-01-12 17:48:02.565 INFO  [http-nio-8080-exec-6] c.s.s.faculty.FacultyServiceImpl : 开始获取学院 社会与政治科学学院 (ID: 945) 的专业列表
2026-01-12 17:48:02.568 INFO  [http-nio-8080-exec-6] c.s.s.faculty.FacultyServiceImpl : 学院 社会与政治科学学院 有 26 个专业
2026-01-12 17:48:02.568 INFO  [http-nio-8080-exec-6] c.s.s.faculty.FacultyServiceImpl : 开始获取学院 现代语言与文化学院 (ID: 946) 的专业列表
2026-01-12 17:48:02.569 INFO  [http-nio-8080-exec-6] c.s.s.faculty.FacultyServiceImpl : 学院 现代语言与文化学院 有 2 个专业
2026-01-12 17:48:02.569 INFO  [http-nio-8080-exec-6] c.s.s.faculty.FacultyServiceImpl : 开始获取学院 英语与创意写作学院 (ID: 947) 的专业列表
2026-01-12 17:48:02.570 INFO  [http-nio-8080-exec-6] c.s.s.faculty.FacultyServiceImpl : 学院 英语与创意写作学院 有 0 个专业
2026-01-12 17:48:02.570 INFO  [http-nio-8080-exec-6] c.s.s.faculty.FacultyServiceImpl : 开始获取学院 文化与创意艺术学院 (ID: 948) 的专业列表
2026-01-12 17:48:02.573 INFO  [http-nio-8080-exec-6] c.s.s.faculty.FacultyServiceImpl : 学院 文化与创意艺术学院 有 19 个专业
2026-01-12 17:48:02.573 INFO  [http-nio-8080-exec-6] c.s.s.faculty.FacultyServiceImpl : 开始获取学院 人文学院 (ID: 949) 的专业列表
2026-01-12 17:48:02.576 INFO  [http-nio-8080-exec-6] c.s.s.faculty.FacultyServiceImpl : 学院 人文学院 有 21 个专业
2026-01-12 17:48:02.576 INFO  [http-nio-8080-exec-6] c.s.s.faculty.FacultyServiceImpl : 开始获取学院 历史、艺术史与哲学学院 (ID: 950) 的专业列表
2026-01-12 17:48:02.578 INFO  [http-nio-8080-exec-6] c.s.s.faculty.FacultyServiceImpl : 学院 历史、艺术史与哲学学院 有 0 个专业
2026-01-12 17:48:02.578 INFO  [http-nio-8080-exec-6] c.s.s.faculty.FacultyServiceImpl : 开始获取学院 跨学科研究学院 (ID: 951) 的专业列表
2026-01-12 17:48:02.579 INFO  [http-nio-8080-exec-6] c.s.s.faculty.FacultyServiceImpl : 学院 跨学科研究学院 有 6 个专业
2026-01-12 17:48:02.579 INFO  [http-nio-8080-exec-6] c.s.s.faculty.FacultyServiceImpl : 开始获取学院 健康与福祉学院 (ID: 1104) 的专业列表
2026-01-12 17:48:02.581 INFO  [http-nio-8080-exec-6] c.s.s.faculty.FacultyServiceImpl : 学院 健康与福祉学院 有 5 个专业
2026-01-12 17:48:02.581 INFO  [http-nio-8080-exec-6] c.s.s.faculty.FacultyServiceImpl : 开始获取院校ID为 45 的学院列表
2026-01-12 17:48:02.585 INFO  [http-nio-8080-exec-6] c.s.s.faculty.FacultyServiceImpl : 找到 32 个学院
2026-01-12 17:48:02.585 INFO  [http-nio-8080-exec-6] c.s.s.faculty.FacultyServiceImpl : 开始获取学院 中世纪研究学院 (ID: 156) 的专业列表
2026-01-12 17:48:02.586 INFO  [http-nio-8080-exec-6] c.s.s.faculty.FacultyServiceImpl : 学院 中世纪研究学院 有 1 个专业
2026-01-12 17:48:02.586 INFO  [http-nio-8080-exec-6] c.s.s.faculty.FacultyServiceImpl : 开始获取学院 交通研究所 (ID: 157) 的专业列表
2026-01-12 17:48:02.587 INFO  [http-nio-8080-exec-6] c.s.s.faculty.FacultyServiceImpl : 学院 交通研究所 有 6 个专业
2026-01-12 17:48:02.587 INFO  [http-nio-8080-exec-6] c.s.s.faculty.FacultyServiceImpl : 开始获取学院 利兹商学院 (ID: 158) 的专业列表
2026-01-12 17:48:02.589 INFO  [http-nio-8080-exec-6] c.s.s.faculty.FacultyServiceImpl : 学院 利兹商学院 有 23 个专业
2026-01-12 17:48:02.589 INFO  [http-nio-8080-exec-6] c.s.s.faculty.FacultyServiceImpl : 开始获取学院 化学与工艺工程学院 (ID: 159) 的专业列表
2026-01-12 17:48:02.589 INFO  [http-nio-8080-exec-6] c.s.s.faculty.FacultyServiceImpl : 学院 化学与工艺工程学院 有 3 个专业
2026-01-12 17:48:02.589 INFO  [http-nio-8080-exec-6] c.s.s.faculty.FacultyServiceImpl : 开始获取学院 化学学院 (ID: 160) 的专业列表
2026-01-12 17:48:02.590 INFO  [http-nio-8080-exec-6] c.s.s.faculty.FacultyServiceImpl : 学院 化学学院 有 3 个专业
2026-01-12 17:48:02.590 INFO  [http-nio-8080-exec-6] c.s.s.faculty.FacultyServiceImpl : 开始获取学院 医学院 (ID: 161) 的专业列表
2026-01-12 17:48:02.592 INFO  [http-nio-8080-exec-6] c.s.s.faculty.FacultyServiceImpl : 学院 医学院 有 8 个专业
2026-01-12 17:48:02.592 INFO  [http-nio-8080-exec-6] c.s.s.faculty.FacultyServiceImpl : 开始获取学院 历史学院 (ID: 162) 的专业列表
2026-01-12 17:48:02.592 INFO  [http-nio-8080-exec-6] c.s.s.faculty.FacultyServiceImpl : 学院 历史学院 有 2 个专业
2026-01-12 17:48:02.592 INFO  [http-nio-8080-exec-6] c.s.s.faculty.FacultyServiceImpl : 开始获取学院 哲学、宗教与科学史学院 (ID: 163) 的专业列表
2026-01-12 17:48:02.593 INFO  [http-nio-8080-exec-6] c.s.s.faculty.FacultyServiceImpl : 学院 哲学、宗教与科学史学院 有 2 个专业
2026-01-12 17:48:02.593 INFO  [http-nio-8080-exec-6] c.s.s.faculty.FacultyServiceImpl : 开始获取学院 土木工程学院 (ID: 164) 的专业列表
2026-01-12 17:48:02.594 INFO  [http-nio-8080-exec-6] c.s.s.faculty.FacultyServiceImpl : 学院 土木工程学院 有 10 个专业
2026-01-12 17:48:02.594 INFO  [http-nio-8080-exec-6] c.s.s.faculty.FacultyServiceImpl : 开始获取学院 地球与环境学院 (ID: 165) 的专业列表
2026-01-12 17:48:02.595 INFO  [http-nio-8080-exec-6] c.s.s.faculty.FacultyServiceImpl : 学院 地球与环境学院 有 10 个专业
2026-01-12 17:48:02.595 INFO  [http-nio-8080-exec-6] c.s.s.faculty.FacultyServiceImpl : 开始获取学院 地理学院 (ID: 166) 的专业列表
2026-01-12 17:48:02.596 INFO  [http-nio-8080-exec-6] c.s.s.faculty.FacultyServiceImpl : 学院 地理学院 有 3 个专业
2026-01-12 17:48:02.596 INFO  [http-nio-8080-exec-6] c.s.s.faculty.FacultyServiceImpl : 开始获取学院 媒体与传播学院 (ID: 167) 的专业列表
2026-01-12 17:48:02.597 INFO  [http-nio-8080-exec-6] c.s.s.faculty.FacultyServiceImpl : 学院 媒体与传播学院 有 8 个专业
2026-01-12 17:48:02.597 INFO  [http-nio-8080-exec-6] c.s.s.faculty.FacultyServiceImpl : 开始获取学院 心理学院 (ID: 168) 的专业列表
2026-01-12 17:48:02.597 INFO  [http-nio-8080-exec-6] c.s.s.faculty.FacultyServiceImpl : 学院 心理学院 有 2 个专业
2026-01-12 17:48:02.597 INFO  [http-nio-8080-exec-6] c.s.s.faculty.FacultyServiceImpl : 开始获取学院 政治与国际研究学院 (ID: 169) 的专业列表
2026-01-12 17:48:02.598 INFO  [http-nio-8080-exec-6] c.s.s.faculty.FacultyServiceImpl : 学院 政治与国际研究学院 有 9 个专业
2026-01-12 17:48:02.598 INFO  [http-nio-8080-exec-6] c.s.s.faculty.FacultyServiceImpl : 开始获取学院 教育学院 (ID: 170) 的专业列表
2026-01-12 17:48:02.599 INFO  [http-nio-8080-exec-6] c.s.s.faculty.FacultyServiceImpl : 学院 教育学院 有 5 个专业
2026-01-12 17:48:02.599 INFO  [http-nio-8080-exec-6] c.s.s.faculty.FacultyServiceImpl : 开始获取学院 数学学院 (ID: 171) 的专业列表
2026-01-12 17:48:02.601 INFO  [http-nio-8080-exec-6] c.s.s.faculty.FacultyServiceImpl : 学院 数学学院 有 4 个专业
2026-01-12 17:48:02.601 INFO  [http-nio-8080-exec-6] c.s.s.faculty.FacultyServiceImpl : 开始获取学院 机械工程学院 (ID: 172) 的专业列表
2026-01-12 17:48:02.602 INFO  [http-nio-8080-exec-6] c.s.s.faculty.FacultyServiceImpl : 学院 机械工程学院 有 6 个专业
2026-01-12 17:48:02.602 INFO  [http-nio-8080-exec-6] c.s.s.faculty.FacultyServiceImpl : 开始获取学院 法学院 (ID: 173) 的专业列表
2026-01-12 17:48:02.603 INFO  [http-nio-8080-exec-6] c.s.s.faculty.FacultyServiceImpl : 学院 法学院 有 11 个专业
2026-01-12 17:48:02.603 INFO  [http-nio-8080-exec-6] c.s.s.faculty.FacultyServiceImpl : 开始获取学院 牙科学院 (ID: 174) 的专业列表
2026-01-12 17:48:02.604 INFO  [http-nio-8080-exec-6] c.s.s.faculty.FacultyServiceImpl : 学院 牙科学院 有 3 个专业
2026-01-12 17:48:02.604 INFO  [http-nio-8080-exec-6] c.s.s.faculty.FacultyServiceImpl : 开始获取学院 物理与天文学学院 (ID: 175) 的专业列表
2026-01-12 17:48:02.604 INFO  [http-nio-8080-exec-6] c.s.s.faculty.FacultyServiceImpl : 学院 物理与天文学学院 有 2 个专业
2026-01-12 17:48:02.604 INFO  [http-nio-8080-exec-6] c.s.s.faculty.FacultyServiceImpl : 开始获取学院 生物科学学院 (ID: 176) 的专业列表
2026-01-12 17:48:02.605 INFO  [http-nio-8080-exec-6] c.s.s.faculty.FacultyServiceImpl : 学院 生物科学学院 有 13 个专业
2026-01-12 17:48:02.605 INFO  [http-nio-8080-exec-6] c.s.s.faculty.FacultyServiceImpl : 开始获取学院 电子与电气工程学院 (ID: 177) 的专业列表
2026-01-12 17:48:02.607 INFO  [http-nio-8080-exec-6] c.s.s.faculty.FacultyServiceImpl : 学院 电子与电气工程学院 有 5 个专业
2026-01-12 17:48:02.607 INFO  [http-nio-8080-exec-6] c.s.s.faculty.FacultyServiceImpl : 开始获取学院 社会学与社会政策学院 (ID: 178) 的专业列表
2026-01-12 17:48:02.608 INFO  [http-nio-8080-exec-6] c.s.s.faculty.FacultyServiceImpl : 学院 社会学与社会政策学院 有 4 个专业
2026-01-12 17:48:02.608 INFO  [http-nio-8080-exec-6] c.s.s.faculty.FacultyServiceImpl : 开始获取学院 美术、艺术史与文化研究学院 (ID: 179) 的专业列表
2026-01-12 17:48:02.609 INFO  [http-nio-8080-exec-6] c.s.s.faculty.FacultyServiceImpl : 学院 美术、艺术史与文化研究学院 有 5 个专业
2026-01-12 17:48:02.609 INFO  [http-nio-8080-exec-6] c.s.s.faculty.FacultyServiceImpl : 开始获取学院 英语学院 (ID: 180) 的专业列表
2026-01-12 17:48:02.610 INFO  [http-nio-8080-exec-6] c.s.s.faculty.FacultyServiceImpl : 学院 英语学院 有 4 个专业
2026-01-12 17:48:02.610 INFO  [http-nio-8080-exec-6] c.s.s.faculty.FacultyServiceImpl : 开始获取学院 表演与文化产业学院 (ID: 181) 的专业列表
2026-01-12 17:48:02.611 INFO  [http-nio-8080-exec-6] c.s.s.faculty.FacultyServiceImpl : 学院 表演与文化产业学院 有 6 个专业
2026-01-12 17:48:02.611 INFO  [http-nio-8080-exec-6] c.s.s.faculty.FacultyServiceImpl : 开始获取学院 计算机学院 (ID: 182) 的专业列表
2026-01-12 17:48:02.689 INFO  [http-nio-8080-exec-6] c.s.s.faculty.FacultyServiceImpl : 学院 计算机学院 有 5 个专业
2026-01-12 17:48:02.694 INFO  [http-nio-8080-exec-6] c.s.s.faculty.FacultyServiceImpl : 开始获取学院 设计学院 (ID: 183) 的专业列表
2026-01-12 17:48:02.696 INFO  [http-nio-8080-exec-6] c.s.s.faculty.FacultyServiceImpl : 学院 设计学院 有 6 个专业
2026-01-12 17:48:02.696 INFO  [http-nio-8080-exec-6] c.s.s.faculty.FacultyServiceImpl : 开始获取学院 语言、文化与社会学院 (ID: 184) 的专业列表
2026-01-12 17:48:02.697 INFO  [http-nio-8080-exec-6] c.s.s.faculty.FacultyServiceImpl : 学院 语言、文化与社会学院 有 7 个专业
2026-01-12 17:48:02.697 INFO  [http-nio-8080-exec-6] c.s.s.faculty.FacultyServiceImpl : 开始获取学院 跨学科伦理应用中心 (ID: 185) 的专业列表
2026-01-12 17:48:02.697 INFO  [http-nio-8080-exec-6] c.s.s.faculty.FacultyServiceImpl : 学院 跨学科伦理应用中心 有 1 个专业
2026-01-12 17:48:02.697 INFO  [http-nio-8080-exec-6] c.s.s.faculty.FacultyServiceImpl : 开始获取学院 音乐学院 (ID: 186) 的专业列表
2026-01-12 17:48:02.698 INFO  [http-nio-8080-exec-6] c.s.s.faculty.FacultyServiceImpl : 学院 音乐学院 有 7 个专业
2026-01-12 17:48:02.698 INFO  [http-nio-8080-exec-6] c.s.s.faculty.FacultyServiceImpl : 开始获取学院 食品科学与营养学院 (ID: 187) 的专业列表
2026-01-12 17:48:02.699 INFO  [http-nio-8080-exec-6] c.s.s.faculty.FacultyServiceImpl : 学院 食品科学与营养学院 有 5 个专业
2026-01-12 17:48:02.699 INFO  [http-nio-8080-exec-6] c.s.s.faculty.FacultyServiceImpl : 开始获取院校ID为 43 的学院列表
2026-01-12 17:48:02.702 INFO  [http-nio-8080-exec-6] c.s.s.faculty.FacultyServiceImpl : 找到 10 个学院
2026-01-12 17:48:02.702 INFO  [http-nio-8080-exec-6] c.s.s.faculty.FacultyServiceImpl : 开始获取学院 医学院 (ID: 1053) 的专业列表
2026-01-12 17:48:02.703 INFO  [http-nio-8080-exec-6] c.s.s.faculty.FacultyServiceImpl : 学院 医学院 有 6 个专业
2026-01-12 17:48:02.703 INFO  [http-nio-8080-exec-6] c.s.s.faculty.FacultyServiceImpl : 开始获取学院 南安普顿商学院 (ID: 1054) 的专业列表
2026-01-12 17:48:02.706 INFO  [http-nio-8080-exec-6] c.s.s.faculty.FacultyServiceImpl : 学院 南安普顿商学院 有 28 个专业
2026-01-12 17:48:02.706 INFO  [http-nio-8080-exec-6] c.s.s.faculty.FacultyServiceImpl : 开始获取学院 南安普顿教育学院 (ID: 1055) 的专业列表
2026-01-12 17:48:02.707 INFO  [http-nio-8080-exec-6] c.s.s.faculty.FacultyServiceImpl : 学院 南安普顿教育学院 有 3 个专业
2026-01-12 17:48:02.707 INFO  [http-nio-8080-exec-6] c.s.s.faculty.FacultyServiceImpl : 开始获取学院 南安普顿法学院 (ID: 1056) 的专业列表
2026-01-12 17:48:02.708 INFO  [http-nio-8080-exec-6] c.s.s.faculty.FacultyServiceImpl : 学院 南安普顿法学院 有 4 个专业
2026-01-12 17:48:02.708 INFO  [http-nio-8080-exec-6] c.s.s.faculty.FacultyServiceImpl : 开始获取学院 工程与物理科学学院 (ID: 1057) 的专业列表
2026-01-12 17:48:02.713 INFO  [http-nio-8080-exec-6] c.s.s.faculty.FacultyServiceImpl : 学院 工程与物理科学学院 有 43 个专业
2026-01-12 17:48:02.713 INFO  [http-nio-8080-exec-6] c.s.s.faculty.FacultyServiceImpl : 开始获取学院 数学科学学院 (ID: 1058) 的专业列表
2026-01-12 17:48:02.714 INFO  [http-nio-8080-exec-6] c.s.s.faculty.FacultyServiceImpl : 学院 数学科学学院 有 6 个专业
2026-01-12 17:48:02.714 INFO  [http-nio-8080-exec-6] c.s.s.faculty.FacultyServiceImpl : 开始获取学院 温彻斯特艺术学院 (ID: 1059) 的专业列表
2026-01-12 17:48:02.716 INFO  [http-nio-8080-exec-6] c.s.s.faculty.FacultyServiceImpl : 学院 温彻斯特艺术学院 有 15 个专业
2026-01-12 17:48:02.716 INFO  [http-nio-8080-exec-6] c.s.s.faculty.FacultyServiceImpl : 开始获取学院 环境与生命科学学院 (ID: 1060) 的专业列表
2026-01-12 17:48:02.719 INFO  [http-nio-8080-exec-6] c.s.s.faculty.FacultyServiceImpl : 学院 环境与生命科学学院 有 25 个专业
2026-01-12 17:48:02.719 INFO  [http-nio-8080-exec-6] c.s.s.faculty.FacultyServiceImpl : 开始获取学院 经济、社会和政治科学学院 (ID: 1061) 的专业列表
2026-01-12 17:48:02.721 INFO  [http-nio-8080-exec-6] c.s.s.faculty.FacultyServiceImpl : 学院 经济、社会和政治科学学院 有 15 个专业
2026-01-12 17:48:02.721 INFO  [http-nio-8080-exec-6] c.s.s.faculty.FacultyServiceImpl : 开始获取学院 艺术与人文学院 (ID: 1062) 的专业列表
2026-01-12 17:48:02.724 INFO  [http-nio-8080-exec-6] c.s.s.faculty.FacultyServiceImpl : 学院 艺术与人文学院 有 35 个专业
2026-01-12 17:48:02.724 INFO  [http-nio-8080-exec-6] c.s.s.faculty.FacultyServiceImpl : 开始获取院校ID为 34 的学院列表
2026-01-12 17:48:02.726 INFO  [http-nio-8080-exec-6] c.s.s.faculty.FacultyServiceImpl : 找到 6 个学院
2026-01-12 17:48:02.726 INFO  [http-nio-8080-exec-6] c.s.s.faculty.FacultyServiceImpl : 开始获取学院 健康学院 (ID: 1063) 的专业列表
2026-01-12 17:48:02.728 INFO  [http-nio-8080-exec-6] c.s.s.faculty.FacultyServiceImpl : 学院 健康学院 有 12 个专业
2026-01-12 17:48:02.728 INFO  [http-nio-8080-exec-6] c.s.s.faculty.FacultyServiceImpl : 开始获取学院 工程学院 (ID: 1064) 的专业列表
2026-01-12 17:48:02.731 INFO  [http-nio-8080-exec-6] c.s.s.faculty.FacultyServiceImpl : 学院 工程学院 有 24 个专业
2026-01-12 17:48:02.731 INFO  [http-nio-8080-exec-6] c.s.s.faculty.FacultyServiceImpl : 开始获取学院 理学院 (ID: 1065) 的专业列表
2026-01-12 17:48:02.733 INFO  [http-nio-8080-exec-6] c.s.s.faculty.FacultyServiceImpl : 学院 理学院 有 17 个专业
2026-01-12 17:48:02.733 INFO  [http-nio-8080-exec-6] c.s.s.faculty.FacultyServiceImpl : 开始获取学院 社会科学学院 (ID: 1066) 的专业列表
2026-01-12 17:48:02.736 INFO  [http-nio-8080-exec-6] c.s.s.faculty.FacultyServiceImpl : 学院 社会科学学院 有 32 个专业
2026-01-12 17:48:02.736 INFO  [http-nio-8080-exec-6] c.s.s.faculty.FacultyServiceImpl : 开始获取学院 管理学院 (ID: 1067) 的专业列表
2026-01-12 17:48:02.738 INFO  [http-nio-8080-exec-6] c.s.s.faculty.FacultyServiceImpl : 学院 管理学院 有 13 个专业
2026-01-12 17:48:02.738 INFO  [http-nio-8080-exec-6] c.s.s.faculty.FacultyServiceImpl : 开始获取学院 艺术与人文学院 (ID: 1068) 的专业列表
2026-01-12 17:48:02.742 INFO  [http-nio-8080-exec-6] c.s.s.faculty.FacultyServiceImpl : 学院 艺术与人文学院 有 21 个专业
2026-01-12 17:48:02.742 INFO  [http-nio-8080-exec-6] c.s.s.faculty.FacultyServiceImpl : 开始获取院校ID为 21 的学院列表
2026-01-12 17:48:02.746 INFO  [http-nio-8080-exec-6] c.s.s.faculty.FacultyServiceImpl : 找到 11 个学院
2026-01-12 17:48:02.746 INFO  [http-nio-8080-exec-6] c.s.s.faculty.FacultyServiceImpl : 开始获取学院 商学院 (ID: 47) 的专业列表
2026-01-12 17:48:02.748 INFO  [http-nio-8080-exec-6] c.s.s.faculty.FacultyServiceImpl : 学院 商学院 有 22 个专业
2026-01-12 17:48:02.748 INFO  [http-nio-8080-exec-6] c.s.s.faculty.FacultyServiceImpl : 开始获取学院 计算机科学系 (ID: 48) 的专业列表
2026-01-12 17:48:02.749 INFO  [http-nio-8080-exec-6] c.s.s.faculty.FacultyServiceImpl : 学院 计算机科学系 有 1 个专业
2026-01-12 17:48:02.749 INFO  [http-nio-8080-exec-6] c.s.s.faculty.FacultyServiceImpl : 开始获取学院 工程学院 (ID: 49) 的专业列表
2026-01-12 17:48:02.750 INFO  [http-nio-8080-exec-6] c.s.s.faculty.FacultyServiceImpl : 学院 工程学院 有 7 个专业
2026-01-12 17:48:02.750 INFO  [http-nio-8080-exec-6] c.s.s.faculty.FacultyServiceImpl : 开始获取学院 商学院 (ID: 952) 的专业列表
2026-01-12 17:48:02.750 INFO  [http-nio-8080-exec-6] c.s.s.faculty.FacultyServiceImpl : 学院 商学院 有 0 个专业
2026-01-12 17:48:02.750 INFO  [http-nio-8080-exec-6] c.s.s.faculty.FacultyServiceImpl : 开始获取学院 工程学院 (ID: 953) 的专业列表
2026-01-12 17:48:02.751 INFO  [http-nio-8080-exec-6] c.s.s.faculty.FacultyServiceImpl : 学院 工程学院 有 0 个专业
2026-01-12 17:48:02.751 INFO  [http-nio-8080-exec-6] c.s.s.faculty.FacultyServiceImpl : 开始获取学院 杜伦学术发展中心 (ID: 954) 的专业列表
2026-01-12 17:48:02.751 INFO  [http-nio-8080-exec-6] c.s.s.faculty.FacultyServiceImpl : 学院 杜伦学术发展中心 有 1 个专业
2026-01-12 17:48:02.751 INFO  [http-nio-8080-exec-6] c.s.s.faculty.FacultyServiceImpl : 开始获取学院 杜伦法学院 (ID: 955) 的专业列表
2026-01-12 17:48:02.752 INFO  [http-nio-8080-exec-6] c.s.s.faculty.FacultyServiceImpl : 学院 杜伦法学院 有 10 个专业
2026-01-12 17:48:02.752 INFO  [http-nio-8080-exec-6] c.s.s.faculty.FacultyServiceImpl : 开始获取学院 理学院 (ID: 956) 的专业列表
2026-01-12 17:48:02.754 INFO  [http-nio-8080-exec-6] c.s.s.faculty.FacultyServiceImpl : 学院 理学院 有 19 个专业
2026-01-12 17:48:02.754 INFO  [http-nio-8080-exec-6] c.s.s.faculty.FacultyServiceImpl : 开始获取学院 社会科学与健康学院 (ID: 957) 的专业列表
2026-01-12 17:48:02.757 INFO  [http-nio-8080-exec-6] c.s.s.faculty.FacultyServiceImpl : 学院 社会科学与健康学院 有 33 个专业
2026-01-12 17:48:02.757 INFO  [http-nio-8080-exec-6] c.s.s.faculty.FacultyServiceImpl : 开始获取学院 艺术与人文学院 (ID: 958) 的专业列表
2026-01-12 17:48:02.760 INFO  [http-nio-8080-exec-6] c.s.s.faculty.FacultyServiceImpl : 学院 艺术与人文学院 有 14 个专业
2026-01-12 17:48:02.760 INFO  [http-nio-8080-exec-6] c.s.s.faculty.FacultyServiceImpl : 开始获取学院 克兰默堂 (ID: 1105) 的专业列表
2026-01-12 17:48:02.761 INFO  [http-nio-8080-exec-6] c.s.s.faculty.FacultyServiceImpl : 学院 克兰默堂 有 1 个专业
2026-01-12 17:48:02.761 INFO  [http-nio-8080-exec-6] c.s.s.faculty.FacultyServiceImpl : 开始获取院校ID为 35 的学院列表
2026-01-12 17:48:02.763 INFO  [http-nio-8080-exec-6] c.s.s.faculty.FacultyServiceImpl : 找到 6 个学院
2026-01-12 17:48:02.763 INFO  [http-nio-8080-exec-6] c.s.s.faculty.FacultyServiceImpl : 开始获取学院 医学与健康科学学院 (ID: 978) 的专业列表
2026-01-12 17:48:02.765 INFO  [http-nio-8080-exec-6] c.s.s.faculty.FacultyServiceImpl : 学院 医学与健康科学学院 有 24 个专业
2026-01-12 17:48:02.765 INFO  [http-nio-8080-exec-6] c.s.s.faculty.FacultyServiceImpl : 开始获取学院 商学院 (ID: 979) 的专业列表
2026-01-12 17:48:02.767 INFO  [http-nio-8080-exec-6] c.s.s.faculty.FacultyServiceImpl : 学院 商学院 有 19 个专业
2026-01-12 17:48:02.767 INFO  [http-nio-8080-exec-6] c.s.s.faculty.FacultyServiceImpl : 开始获取学院 工程学院 (ID: 980) 的专业列表
2026-01-12 17:48:02.769 INFO  [http-nio-8080-exec-6] c.s.s.faculty.FacultyServiceImpl : 学院 工程学院 有 25 个专业
2026-01-12 17:48:02.769 INFO  [http-nio-8080-exec-6] c.s.s.faculty.FacultyServiceImpl : 开始获取学院 文学院 (ID: 981) 的专业列表
2026-01-12 17:48:02.770 INFO  [http-nio-8080-exec-6] c.s.s.faculty.FacultyServiceImpl : 学院 文学院 有 13 个专业
2026-01-12 17:48:02.770 INFO  [http-nio-8080-exec-6] c.s.s.faculty.FacultyServiceImpl : 开始获取学院 理学院 (ID: 982) 的专业列表
2026-01-12 17:48:02.773 INFO  [http-nio-8080-exec-6] c.s.s.faculty.FacultyServiceImpl : 学院 理学院 有 21 个专业
2026-01-12 17:48:02.773 INFO  [http-nio-8080-exec-6] c.s.s.faculty.FacultyServiceImpl : 开始获取学院 社会科学学院 (ID: 983) 的专业列表
2026-01-12 17:48:02.885 INFO  [http-nio-8080-exec-6] c.s.s.faculty.FacultyServiceImpl : 学院 社会科学学院 有 30 个专业
2026-01-12 17:48:02.886 INFO  [http-nio-8080-exec-6] c.s.s.faculty.FacultyServiceImpl : 开始获取院校ID为 29 的学院列表
2026-01-12 17:48:02.890 INFO  [http-nio-8080-exec-6] c.s.s.faculty.FacultyServiceImpl : 找到 19 个学院
2026-01-12 17:48:02.890 INFO  [http-nio-8080-exec-6] c.s.s.faculty.FacultyServiceImpl : 开始获取学院 健康科学教育研究所 (ID: 60) 的专业列表
2026-01-12 17:48:02.891 INFO  [http-nio-8080-exec-6] c.s.s.faculty.FacultyServiceImpl : 学院 健康科学教育研究所 有 1 个专业
2026-01-12 17:48:02.891 INFO  [http-nio-8080-exec-6] c.s.s.faculty.FacultyServiceImpl : 开始获取学院 医学研究所 (ID: 61) 的专业列表
2026-01-12 17:48:02.892 INFO  [http-nio-8080-exec-6] c.s.s.faculty.FacultyServiceImpl : 学院 医学研究所 有 5 个专业
2026-01-12 17:48:02.892 INFO  [http-nio-8080-exec-6] c.s.s.faculty.FacultyServiceImpl : 开始获取学院 历史学学院 (ID: 62) 的专业列表
2026-01-12 17:48:02.893 INFO  [http-nio-8080-exec-6] c.s.s.faculty.FacultyServiceImpl : 学院 历史学学院 有 2 个专业
2026-01-12 17:48:02.893 INFO  [http-nio-8080-exec-6] c.s.s.faculty.FacultyServiceImpl : 开始获取学院 地理学学院 (ID: 63) 的专业列表
2026-01-12 17:48:02.894 INFO  [http-nio-8080-exec-6] c.s.s.faculty.FacultyServiceImpl : 学院 地理学学院 有 3 个专业
2026-01-12 17:48:02.894 INFO  [http-nio-8080-exec-6] c.s.s.faculty.FacultyServiceImpl : 开始获取学院 威廉哈威研究院 (ID: 64) 的专业列表
2026-01-12 17:48:02.896 INFO  [http-nio-8080-exec-6] c.s.s.faculty.FacultyServiceImpl : 学院 威廉哈威研究院 有 11 个专业
2026-01-12 17:48:02.896 INFO  [http-nio-8080-exec-6] c.s.s.faculty.FacultyServiceImpl : 开始获取学院 工商管理学院 (ID: 65) 的专业列表
2026-01-12 17:48:02.899 INFO  [http-nio-8080-exec-6] c.s.s.faculty.FacultyServiceImpl : 学院 工商管理学院 有 20 个专业
2026-01-12 17:48:02.899 INFO  [http-nio-8080-exec-6] c.s.s.faculty.FacultyServiceImpl : 开始获取学院 工程与材料科学学院 (ID: 66) 的专业列表
2026-01-12 17:48:02.901 INFO  [http-nio-8080-exec-6] c.s.s.faculty.FacultyServiceImpl : 学院 工程与材料科学学院 有 10 个专业
2026-01-12 17:48:02.901 INFO  [http-nio-8080-exec-6] c.s.s.faculty.FacultyServiceImpl : 开始获取学院 巴特癌症研究所 (ID: 67) 的专业列表
2026-01-12 17:48:02.902 INFO  [http-nio-8080-exec-6] c.s.s.faculty.FacultyServiceImpl : 学院 巴特癌症研究所 有 2 个专业
2026-01-12 17:48:02.902 INFO  [http-nio-8080-exec-6] c.s.s.faculty.FacultyServiceImpl : 开始获取学院 巴黎伦敦大学 (ID: 68) 的专业列表
2026-01-12 17:48:02.902 INFO  [http-nio-8080-exec-6] c.s.s.faculty.FacultyServiceImpl : 学院 巴黎伦敦大学 有 1 个专业
2026-01-12 17:48:02.902 INFO  [http-nio-8080-exec-6] c.s.s.faculty.FacultyServiceImpl : 开始获取学院 政治与国际关系学院 (ID: 69) 的专业列表
2026-01-12 17:48:02.903 INFO  [http-nio-8080-exec-6] c.s.s.faculty.FacultyServiceImpl : 学院 政治与国际关系学院 有 6 个专业
2026-01-12 17:48:02.903 INFO  [http-nio-8080-exec-6] c.s.s.faculty.FacultyServiceImpl : 开始获取学院 数学科学学院 (ID: 70) 的专业列表
2026-01-12 17:48:02.904 INFO  [http-nio-8080-exec-6] c.s.s.faculty.FacultyServiceImpl : 学院 数学科学学院 有 6 个专业
2026-01-12 17:48:02.904 INFO  [http-nio-8080-exec-6] c.s.s.faculty.FacultyServiceImpl : 开始获取学院 沃尔夫森研究所 (ID: 71) 的专业列表
2026-01-12 17:48:02.905 INFO  [http-nio-8080-exec-6] c.s.s.faculty.FacultyServiceImpl : 学院 沃尔夫森研究所 有 8 个专业
2026-01-12 17:48:02.905 INFO  [http-nio-8080-exec-6] c.s.s.faculty.FacultyServiceImpl : 开始获取学院 法学院 (ID: 72) 的专业列表
2026-01-12 17:48:02.908 INFO  [http-nio-8080-exec-6] c.s.s.faculty.FacultyServiceImpl : 学院 法学院 有 28 个专业
2026-01-12 17:48:02.908 INFO  [http-nio-8080-exec-6] c.s.s.faculty.FacultyServiceImpl : 开始获取学院 牙科研究所 (ID: 73) 的专业列表
2026-01-12 17:48:02.910 INFO  [http-nio-8080-exec-6] c.s.s.faculty.FacultyServiceImpl : 学院 牙科研究所 有 6 个专业
2026-01-12 17:48:02.910 INFO  [http-nio-8080-exec-6] c.s.s.faculty.FacultyServiceImpl : 开始获取学院 物理与化学科学学院 (ID: 74) 的专业列表
2026-01-12 17:48:02.911 INFO  [http-nio-8080-exec-6] c.s.s.faculty.FacultyServiceImpl : 学院 物理与化学科学学院 有 4 个专业
2026-01-12 17:48:02.911 INFO  [http-nio-8080-exec-6] c.s.s.faculty.FacultyServiceImpl : 开始获取学院 生物与行为科学学院 (ID: 75) 的专业列表
2026-01-12 17:48:02.912 INFO  [http-nio-8080-exec-6] c.s.s.faculty.FacultyServiceImpl : 学院 生物与行为科学学院 有 8 个专业
2026-01-12 17:48:02.912 INFO  [http-nio-8080-exec-6] c.s.s.faculty.FacultyServiceImpl : 开始获取学院 电子工程与计算机科学学院 (ID: 76) 的专业列表
2026-01-12 17:48:02.914 INFO  [http-nio-8080-exec-6] c.s.s.faculty.FacultyServiceImpl : 学院 电子工程与计算机科学学院 有 12 个专业
2026-01-12 17:48:02.914 INFO  [http-nio-8080-exec-6] c.s.s.faculty.FacultyServiceImpl : 开始获取学院 经济与金融学院 (ID: 77) 的专业列表
2026-01-12 17:48:02.915 INFO  [http-nio-8080-exec-6] c.s.s.faculty.FacultyServiceImpl : 学院 经济与金融学院 有 9 个专业
2026-01-12 17:48:02.915 INFO  [http-nio-8080-exec-6] c.s.s.faculty.FacultyServiceImpl : 开始获取学院 艺术学院 (ID: 78) 的专业列表
2026-01-12 17:48:02.916 INFO  [http-nio-8080-exec-6] c.s.s.faculty.FacultyServiceImpl : 学院 艺术学院 有 10 个专业
2026-01-12 17:48:02.916 INFO  [http-nio-8080-exec-6] c.s.s.faculty.FacultyServiceImpl : 开始获取院校ID为 46 的学院列表
2026-01-12 17:48:02.918 INFO  [http-nio-8080-exec-6] c.s.s.faculty.FacultyServiceImpl : 找到 18 个学院
2026-01-12 17:48:02.918 INFO  [http-nio-8080-exec-6] c.s.s.faculty.FacultyServiceImpl : 开始获取学院 化学学院 (ID: 188) 的专业列表
2026-01-12 17:48:02.919 INFO  [http-nio-8080-exec-6] c.s.s.faculty.FacultyServiceImpl : 学院 化学学院 有 2 个专业
2026-01-12 17:48:02.919 INFO  [http-nio-8080-exec-6] c.s.s.faculty.FacultyServiceImpl : 开始获取学院 历史学院 (ID: 189) 的专业列表
2026-01-12 17:48:02.924 INFO  [http-nio-8080-exec-6] c.s.s.faculty.FacultyServiceImpl : 学院 历史学院 有 8 个专业
2026-01-12 17:48:02.924 INFO  [http-nio-8080-exec-6] c.s.s.faculty.FacultyServiceImpl : 开始获取学院 古典学学院 (ID: 190) 的专业列表
2026-01-12 17:48:02.925 INFO  [http-nio-8080-exec-6] c.s.s.faculty.FacultyServiceImpl : 学院 古典学学院 有 1 个专业
2026-01-12 17:48:02.925 INFO  [http-nio-8080-exec-6] c.s.s.faculty.FacultyServiceImpl : 开始获取学院 哲学、人类学与电影研究学院 (ID: 191) 的专业列表
2026-01-12 17:48:02.926 INFO  [http-nio-8080-exec-6] c.s.s.faculty.FacultyServiceImpl : 学院 哲学、人类学与电影研究学院 有 3 个专业
2026-01-12 17:48:02.926 INFO  [http-nio-8080-exec-6] c.s.s.faculty.FacultyServiceImpl : 开始获取学院 商学院 (ID: 192) 的专业列表
2026-01-12 17:48:02.927 INFO  [http-nio-8080-exec-6] c.s.s.faculty.FacultyServiceImpl : 学院 商学院 有 11 个专业
2026-01-12 17:48:02.927 INFO  [http-nio-8080-exec-6] c.s.s.faculty.FacultyServiceImpl : 开始获取学院 国际关系学院 (ID: 193) 的专业列表
2026-01-12 17:48:02.928 INFO  [http-nio-8080-exec-6] c.s.s.faculty.FacultyServiceImpl : 学院 国际关系学院 有 6 个专业
2026-01-12 17:48:02.928 INFO  [http-nio-8080-exec-6] c.s.s.faculty.FacultyServiceImpl : 开始获取学院 国际教育学院 (ID: 194) 的专业列表
2026-01-12 17:48:02.929 INFO  [http-nio-8080-exec-6] c.s.s.faculty.FacultyServiceImpl : 学院 国际教育学院 有 4 个专业
2026-01-12 17:48:02.929 INFO  [http-nio-8080-exec-6] c.s.s.faculty.FacultyServiceImpl : 开始获取学院 地球和环境科学学院 (ID: 195) 的专业列表
2026-01-12 17:48:02.929 INFO  [http-nio-8080-exec-6] c.s.s.faculty.FacultyServiceImpl : 学院 地球和环境科学学院 有 2 个专业
2026-01-12 17:48:02.929 INFO  [http-nio-8080-exec-6] c.s.s.faculty.FacultyServiceImpl : 开始获取学院 心理学和神经科学学院 (ID: 196) 的专业列表
2026-01-12 17:48:02.930 INFO  [http-nio-8080-exec-6] c.s.s.faculty.FacultyServiceImpl : 学院 心理学和神经科学学院 有 3 个专业
2026-01-12 17:48:02.930 INFO  [http-nio-8080-exec-6] c.s.s.faculty.FacultyServiceImpl : 开始获取学院 数学与统计学院 (ID: 197) 的专业列表
2026-01-12 17:48:02.931 INFO  [http-nio-8080-exec-6] c.s.s.faculty.FacultyServiceImpl : 学院 数学与统计学院 有 5 个专业
2026-01-12 17:48:02.931 INFO  [http-nio-8080-exec-6] c.s.s.faculty.FacultyServiceImpl : 开始获取学院 物理和天文学学院 (ID: 198) 的专业列表
2026-01-12 17:48:02.932 INFO  [http-nio-8080-exec-6] c.s.s.faculty.FacultyServiceImpl : 学院 物理和天文学学院 有 1 个专业
2026-01-12 17:48:02.932 INFO  [http-nio-8080-exec-6] c.s.s.faculty.FacultyServiceImpl : 开始获取学院 现代语言学院 (ID: 199) 的专业列表
2026-01-12 17:48:02.933 INFO  [http-nio-8080-exec-6] c.s.s.faculty.FacultyServiceImpl : 学院 现代语言学院 有 3 个专业
2026-01-12 17:48:02.933 INFO  [http-nio-8080-exec-6] c.s.s.faculty.FacultyServiceImpl : 开始获取学院 生物学学院 (ID: 200) 的专业列表
2026-01-12 17:48:02.934 INFO  [http-nio-8080-exec-6] c.s.s.faculty.FacultyServiceImpl : 学院 生物学学院 有 3 个专业
2026-01-12 17:48:02.934 INFO  [http-nio-8080-exec-6] c.s.s.faculty.FacultyServiceImpl : 开始获取学院 研究生院 (ID: 201) 的专业列表
2026-01-12 17:48:02.935 INFO  [http-nio-8080-exec-6] c.s.s.faculty.FacultyServiceImpl : 学院 研究生院 有 6 个专业
2026-01-12 17:48:02.935 INFO  [http-nio-8080-exec-6] c.s.s.faculty.FacultyServiceImpl : 开始获取学院 神学院 (ID: 202) 的专业列表
2026-01-12 17:48:02.936 INFO  [http-nio-8080-exec-6] c.s.s.faculty.FacultyServiceImpl : 学院 神学院 有 3 个专业
2026-01-12 17:48:02.936 INFO  [http-nio-8080-exec-6] c.s.s.faculty.FacultyServiceImpl : 开始获取学院 艺术史学院 (ID: 203) 的专业列表
2026-01-12 17:48:02.937 INFO  [http-nio-8080-exec-6] c.s.s.faculty.FacultyServiceImpl : 学院 艺术史学院 有 2 个专业
2026-01-12 17:48:02.937 INFO  [http-nio-8080-exec-6] c.s.s.faculty.FacultyServiceImpl : 开始获取学院 英语学院 (ID: 204) 的专业列表
2026-01-12 17:48:02.938 INFO  [http-nio-8080-exec-6] c.s.s.faculty.FacultyServiceImpl : 学院 英语学院 有 7 个专业
2026-01-12 17:48:02.938 INFO  [http-nio-8080-exec-6] c.s.s.faculty.FacultyServiceImpl : 开始获取学院 计算机科学学院 (ID: 205) 的专业列表
2026-01-12 17:48:02.939 INFO  [http-nio-8080-exec-6] c.s.s.faculty.FacultyServiceImpl : 学院 计算机科学学院 有 6 个专业
2026-01-12 17:48:02.939 INFO  [http-nio-8080-exec-6] c.s.s.faculty.FacultyServiceImpl : 开始获取院校ID为 47 的学院列表
2026-01-12 17:48:02.941 INFO  [http-nio-8080-exec-6] c.s.s.faculty.FacultyServiceImpl : 找到 4 个学院
2026-01-12 17:48:02.941 INFO  [http-nio-8080-exec-6] c.s.s.faculty.FacultyServiceImpl : 开始获取学院 人文与社会科学学院 (ID: 206) 的专业列表
2026-01-12 17:48:02.946 INFO  [http-nio-8080-exec-6] c.s.s.faculty.FacultyServiceImpl : 学院 人文与社会科学学院 有 52 个专业
2026-01-12 17:48:02.946 INFO  [http-nio-8080-exec-6] c.s.s.faculty.FacultyServiceImpl : 开始获取学院 工程与设计学院 (ID: 207) 的专业列表
2026-01-12 17:48:02.949 INFO  [http-nio-8080-exec-6] c.s.s.faculty.FacultyServiceImpl : 学院 工程与设计学院 有 15 个专业
2026-01-12 17:48:02.949 INFO  [http-nio-8080-exec-6] c.s.s.faculty.FacultyServiceImpl : 开始获取学院 理学院 (ID: 208) 的专业列表
2026-01-12 17:48:02.951 INFO  [http-nio-8080-exec-6] c.s.s.faculty.FacultyServiceImpl : 学院 理学院 有 23 个专业
2026-01-12 17:48:02.951 INFO  [http-nio-8080-exec-6] c.s.s.faculty.FacultyServiceImpl : 开始获取学院 管理学院 (ID: 209) 的专业列表
2026-01-12 17:48:02.953 INFO  [http-nio-8080-exec-6] c.s.s.faculty.FacultyServiceImpl : 学院 管理学院 有 17 个专业
2026-01-12 17:48:02.953 INFO  [http-nio-8080-exec-6] c.s.s.faculty.FacultyServiceImpl : 开始获取院校ID为 41 的学院列表
2026-01-12 17:48:02.957 INFO  [http-nio-8080-exec-6] c.s.s.faculty.FacultyServiceImpl : 找到 20 个学院
2026-01-12 17:48:02.957 INFO  [http-nio-8080-exec-6] c.s.s.faculty.FacultyServiceImpl : 开始获取学院 医学教育学院 (ID: 1069) 的专业列表
2026-01-12 17:48:02.965 INFO  [http-nio-8080-exec-6] c.s.s.faculty.FacultyServiceImpl : 学院 医学教育学院 有 1 个专业
2026-01-12 17:48:02.965 INFO  [http-nio-8080-exec-6] c.s.s.faculty.FacultyServiceImpl : 开始获取学院 医学院 (ID: 1070) 的专业列表
2026-01-12 17:48:02.965 INFO  [http-nio-8080-exec-6] c.s.s.faculty.FacultyServiceImpl : 学院 医学院 有 1 个专业
2026-01-12 17:48:02.965 INFO  [http-nio-8080-exec-6] c.s.s.faculty.FacultyServiceImpl : 开始获取学院 历史、古典和考古学院和考古学 (ID: 1071) 的专业列表
2026-01-12 17:48:02.966 INFO  [http-nio-8080-exec-6] c.s.s.faculty.FacultyServiceImpl : 学院 历史、古典和考古学院和考古学 有 3 个专业
2026-01-12 17:48:02.966 INFO  [http-nio-8080-exec-6] c.s.s.faculty.FacultyServiceImpl : 开始获取学院 口腔科学学院 (ID: 1072) 的专业列表
2026-01-12 17:48:02.967 INFO  [http-nio-8080-exec-6] c.s.s.faculty.FacultyServiceImpl : 学院 口腔科学学院 有 4 个专业
2026-01-12 17:48:02.967 INFO  [http-nio-8080-exec-6] c.s.s.faculty.FacultyServiceImpl : 开始获取学院 哲理研究 (ID: 1073) 的专业列表
2026-01-12 17:48:02.967 INFO  [http-nio-8080-exec-6] c.s.s.faculty.FacultyServiceImpl : 学院 哲理研究 有 1 个专业
2026-01-12 17:48:02.967 INFO  [http-nio-8080-exec-6] c.s.s.faculty.FacultyServiceImpl : 开始获取学院 商学院 (ID: 1074) 的专业列表
2026-01-12 17:48:02.970 INFO  [http-nio-8080-exec-6] c.s.s.faculty.FacultyServiceImpl : 学院 商学院 有 23 个专业
2026-01-12 17:48:02.970 INFO  [http-nio-8080-exec-6] c.s.s.faculty.FacultyServiceImpl : 开始获取学院 地理政治与社会学学院 (ID: 1075) 的专业列表
2026-01-12 17:48:02.971 INFO  [http-nio-8080-exec-6] c.s.s.faculty.FacultyServiceImpl : 学院 地理政治与社会学学院 有 15 个专业
2026-01-12 17:48:02.971 INFO  [http-nio-8080-exec-6] c.s.s.faculty.FacultyServiceImpl : 开始获取学院 工程学院 (ID: 1076) 的专业列表
2026-01-12 17:48:02.973 INFO  [http-nio-8080-exec-6] c.s.s.faculty.FacultyServiceImpl : 学院 工程学院 有 15 个专业
2026-01-12 17:48:02.973 INFO  [http-nio-8080-exec-6] c.s.s.faculty.FacultyServiceImpl : 开始获取学院 建筑、规划和景观学院 (ID: 1077) 的专业列表
2026-01-12 17:48:02.975 INFO  [http-nio-8080-exec-6] c.s.s.faculty.FacultyServiceImpl : 学院 建筑、规划和景观学院 有 8 个专业
2026-01-12 17:48:02.975 INFO  [http-nio-8080-exec-6] c.s.s.faculty.FacultyServiceImpl : 开始获取学院 心理学学院 (ID: 1078) 的专业列表
2026-01-12 17:48:02.975 INFO  [http-nio-8080-exec-6] c.s.s.faculty.FacultyServiceImpl : 学院 心理学学院 有 2 个专业
2026-01-12 17:48:02.975 INFO  [http-nio-8080-exec-6] c.s.s.faculty.FacultyServiceImpl : 开始获取学院 教育、交流和语言科学学院 (ID: 1079) 的专业列表
2026-01-12 17:48:02.977 INFO  [http-nio-8080-exec-6] c.s.s.faculty.FacultyServiceImpl : 学院 教育、交流和语言科学学院 有 12 个专业
2026-01-12 17:48:02.977 INFO  [http-nio-8080-exec-6] c.s.s.faculty.FacultyServiceImpl : 开始获取学院 数学、统计与物理学院 (ID: 1080) 的专业列表
2026-01-12 17:48:02.978 INFO  [http-nio-8080-exec-6] c.s.s.faculty.FacultyServiceImpl : 学院 数学、统计与物理学院 有 8 个专业
2026-01-12 17:48:02.978 INFO  [http-nio-8080-exec-6] c.s.s.faculty.FacultyServiceImpl : 开始获取学院 法律学院 (ID: 1081) 的专业列表
2026-01-12 17:48:02.979 INFO  [http-nio-8080-exec-6] c.s.s.faculty.FacultyServiceImpl : 学院 法律学院 有 4 个专业
2026-01-12 17:48:02.979 INFO  [http-nio-8080-exec-6] c.s.s.faculty.FacultyServiceImpl : 开始获取学院 现代语言学院 (ID: 1082) 的专业列表
2026-01-12 17:48:02.982 INFO  [http-nio-8080-exec-6] c.s.s.faculty.FacultyServiceImpl : 学院 现代语言学院 有 17 个专业
2026-01-12 17:48:02.982 INFO  [http-nio-8080-exec-6] c.s.s.faculty.FacultyServiceImpl : 开始获取学院 生物学、营养与运动科学学院 (ID: 1083) 的专业列表
2026-01-12 17:48:02.983 INFO  [http-nio-8080-exec-6] c.s.s.faculty.FacultyServiceImpl : 学院 生物学、营养与运动科学学院 有 1 个专业
2026-01-12 17:48:02.983 INFO  [http-nio-8080-exec-6] c.s.s.faculty.FacultyServiceImpl : 开始获取学院 自然与环境科学学院 (ID: 1084) 的专业列表
2026-01-12 17:48:02.985 INFO  [http-nio-8080-exec-6] c.s.s.faculty.FacultyServiceImpl : 学院 自然与环境科学学院 有 7 个专业
2026-01-12 17:48:02.985 INFO  [http-nio-8080-exec-6] c.s.s.faculty.FacultyServiceImpl : 开始获取学院 艺术与文化学院 (ID: 1085) 的专业列表
2026-01-12 17:48:02.988 INFO  [http-nio-8080-exec-6] c.s.s.faculty.FacultyServiceImpl : 学院 艺术与文化学院 有 17 个专业
2026-01-12 17:48:02.988 INFO  [http-nio-8080-exec-6] c.s.s.faculty.FacultyServiceImpl : 开始获取学院 英国文学、语言和语言学学院 (ID: 1086) 的专业列表
2026-01-12 17:48:02.990 INFO  [http-nio-8080-exec-6] c.s.s.faculty.FacultyServiceImpl : 学院 英国文学、语言和语言学学院 有 4 个专业
2026-01-12 17:48:02.990 INFO  [http-nio-8080-exec-6] c.s.s.faculty.FacultyServiceImpl : 开始获取学院 药学院 (ID: 1087) 的专业列表
2026-01-12 17:48:02.990 INFO  [http-nio-8080-exec-6] c.s.s.faculty.FacultyServiceImpl : 学院 药学院 有 1 个专业
2026-01-12 17:48:02.990 INFO  [http-nio-8080-exec-6] c.s.s.faculty.FacultyServiceImpl : 开始获取学院 计算机学院 (ID: 1088) 的专业列表
2026-01-12 17:48:02.992 INFO  [http-nio-8080-exec-6] c.s.s.faculty.FacultyServiceImpl : 学院 计算机学院 有 12 个专业
2026-01-12 17:48:02.992 INFO  [http-nio-8080-exec-6] c.s.s.faculty.FacultyServiceImpl : 开始获取院校ID为 32 的学院列表
2026-01-12 17:48:02.994 INFO  [http-nio-8080-exec-6] c.s.s.faculty.FacultyServiceImpl : 找到 5 个学院
2026-01-12 17:48:02.994 INFO  [http-nio-8080-exec-6] c.s.s.faculty.FacultyServiceImpl : 开始获取学院 人文与社会科学学院 (ID: 1089) 的专业列表
2026-01-12 17:48:03.001 INFO  [http-nio-8080-exec-6] c.s.s.faculty.FacultyServiceImpl : 学院 人文与社会科学学院 有 58 个专业
2026-01-12 17:48:03.001 INFO  [http-nio-8080-exec-6] c.s.s.faculty.FacultyServiceImpl : 开始获取学院 健康与生命科学学院 (ID: 1090) 的专业列表
2026-01-12 17:48:03.004 INFO  [http-nio-8080-exec-6] c.s.s.faculty.FacultyServiceImpl : 学院 健康与生命科学学院 有 33 个专业
2026-01-12 17:48:03.004 INFO  [http-nio-8080-exec-6] c.s.s.faculty.FacultyServiceImpl : 开始获取学院 科学与工程学院 (ID: 1091) 的专业列表
2026-01-12 17:48:03.009 INFO  [http-nio-8080-exec-6] c.s.s.faculty.FacultyServiceImpl : 学院 科学与工程学院 有 35 个专业
2026-01-12 17:48:03.009 INFO  [http-nio-8080-exec-6] c.s.s.faculty.FacultyServiceImpl : 开始获取学院 管理学院 (ID: 1092) 的专业列表
2026-01-12 17:48:03.013 INFO  [http-nio-8080-exec-6] c.s.s.faculty.FacultyServiceImpl : 学院 管理学院 有 30 个专业
2026-01-12 17:48:03.013 INFO  [http-nio-8080-exec-6] c.s.s.faculty.FacultyServiceImpl : 开始获取学院 计算机学院 (ID: 1093) 的专业列表
2026-01-12 17:48:03.015 INFO  [http-nio-8080-exec-6] c.s.s.faculty.FacultyServiceImpl : 学院 计算机学院 有 13 个专业
2026-01-12 17:48:03.015 INFO  [http-nio-8080-exec-6] c.s.s.faculty.FacultyServiceImpl : 开始获取院校ID为 33 的学院列表
2026-01-12 17:48:03.017 INFO  [http-nio-8080-exec-6] c.s.s.faculty.FacultyServiceImpl : 找到 10 个学院
2026-01-12 17:48:03.017 INFO  [http-nio-8080-exec-6] c.s.s.faculty.FacultyServiceImpl : 开始获取学院 商学院 (ID: 1094) 的专业列表
2026-01-12 17:48:03.020 INFO  [http-nio-8080-exec-6] c.s.s.faculty.FacultyServiceImpl : 学院 商学院 有 32 个专业
2026-01-12 17:48:03.020 INFO  [http-nio-8080-exec-6] c.s.s.faculty.FacultyServiceImpl : 开始获取学院 健康与生命科学学院 (ID: 1095) 的专业列表
2026-01-12 17:48:03.024 INFO  [http-nio-8080-exec-6] c.s.s.faculty.FacultyServiceImpl : 学院 健康与生命科学学院 有 18 个专业
2026-01-12 17:48:03.024 INFO  [http-nio-8080-exec-6] c.s.s.faculty.FacultyServiceImpl : 开始获取学院 环境、科学与经济学院 (ID: 1096) 的专业列表
2026-01-12 17:48:03.029 INFO  [http-nio-8080-exec-6] c.s.s.faculty.FacultyServiceImpl : 学院 环境、科学与经济学院 有 48 个专业
2026-01-12 17:48:03.029 INFO  [http-nio-8080-exec-6] c.s.s.faculty.FacultyServiceImpl : 开始获取学院 人文、艺术和社会科学学院 (ID: 1097) 的专业列表
2026-01-12 17:48:03.037 INFO  [http-nio-8080-exec-6] c.s.s.faculty.FacultyServiceImpl : 学院 人文、艺术和社会科学学院 有 70 个专业
2026-01-12 17:48:03.037 INFO  [http-nio-8080-exec-6] c.s.s.faculty.FacultyServiceImpl : 开始获取学院 社会科学与国际研究学院 (ID: 1098) 的专业列表
2026-01-12 17:48:03.038 INFO  [http-nio-8080-exec-6] c.s.s.faculty.FacultyServiceImpl : 学院 社会科学与国际研究学院 有 0 个专业
2026-01-12 17:48:03.038 INFO  [http-nio-8080-exec-6] c.s.s.faculty.FacultyServiceImpl : 开始获取学院 埃克塞特大学医学院 (ID: 1099) 的专业列表
2026-01-12 17:48:03.040 INFO  [http-nio-8080-exec-6] c.s.s.faculty.FacultyServiceImpl : 学院 埃克塞特大学医学院 有 9 个专业
2026-01-12 17:48:03.040 INFO  [http-nio-8080-exec-6] c.s.s.faculty.FacultyServiceImpl : 开始获取学院 教育学院 (ID: 1100) 的专业列表
2026-01-12 17:48:03.040 INFO  [http-nio-8080-exec-6] c.s.s.faculty.FacultyServiceImpl : 学院 教育学院 有 0 个专业
2026-01-12 17:48:03.040 INFO  [http-nio-8080-exec-6] c.s.s.faculty.FacultyServiceImpl : 开始获取学院 法学院 (ID: 1101) 的专业列表
2026-01-12 17:48:03.041 INFO  [http-nio-8080-exec-6] c.s.s.faculty.FacultyServiceImpl : 学院 法学院 有 0 个专业
2026-01-12 17:48:03.041 INFO  [http-nio-8080-exec-6] c.s.s.faculty.FacultyServiceImpl : 开始获取学院 心理学院 (ID: 1102) 的专业列表
2026-01-12 17:48:03.042 INFO  [http-nio-8080-exec-6] c.s.s.faculty.FacultyServiceImpl : 学院 心理学院 有 0 个专业
2026-01-12 17:48:03.042 INFO  [http-nio-8080-exec-6] c.s.s.faculty.FacultyServiceImpl : 开始获取学院 体育与健康科学学院 (ID: 1103) 的专业列表
2026-01-12 17:48:03.045 INFO  [http-nio-8080-exec-6] c.s.s.faculty.FacultyServiceImpl : 学院 体育与健康科学学院 有 0 个专业
2026-01-12 17:48:03.045 INFO  [http-nio-8080-exec-6] c.s.s.faculty.FacultyServiceImpl : 开始获取院校ID为 28 的学院列表
2026-01-12 17:48:03.049 INFO  [http-nio-8080-exec-6] c.s.s.faculty.FacultyServiceImpl : 找到 4 个学院
2026-01-12 17:48:03.050 INFO  [http-nio-8080-exec-6] c.s.s.faculty.FacultyServiceImpl : 开始获取学院 健康与医学学院 (ID: 56) 的专业列表
2026-01-12 17:48:03.051 INFO  [http-nio-8080-exec-6] c.s.s.faculty.FacultyServiceImpl : 学院 健康与医学学院 有 6 个专业
2026-01-12 17:48:03.051 INFO  [http-nio-8080-exec-6] c.s.s.faculty.FacultyServiceImpl : 开始获取学院 人文、艺术和社会科学学院 (ID: 57) 的专业列表
2026-01-12 17:48:03.054 INFO  [http-nio-8080-exec-6] c.s.s.faculty.FacultyServiceImpl : 学院 人文、艺术和社会科学学院 有 18 个专业
2026-01-12 17:48:03.054 INFO  [http-nio-8080-exec-6] c.s.s.faculty.FacultyServiceImpl : 开始获取学院 管理学院 (ID: 58) 的专业列表
2026-01-12 17:48:03.058 INFO  [http-nio-8080-exec-6] c.s.s.faculty.FacultyServiceImpl : 学院 管理学院 有 18 个专业
2026-01-12 17:48:03.058 INFO  [http-nio-8080-exec-6] c.s.s.faculty.FacultyServiceImpl : 开始获取学院 科学技术学院 (ID: 59) 的专业列表
2026-01-12 17:48:03.063 INFO  [http-nio-8080-exec-6] c.s.s.faculty.FacultyServiceImpl : 学院 科学技术学院 有 26 个专业
2026-01-12 17:48:03.063 INFO  [http-nio-8080-exec-6] c.s.s.faculty.FacultyServiceImpl : 开始获取院校ID为 31 的学院列表
2026-01-12 17:48:03.071 INFO  [http-nio-8080-exec-6] c.s.s.faculty.FacultyServiceImpl : 找到 27 个学院
2026-01-12 17:48:03.071 INFO  [http-nio-8080-exec-6] c.s.s.faculty.FacultyServiceImpl : 开始获取学院 中世纪研究中心 (ID: 103) 的专业列表
2026-01-12 17:48:03.073 INFO  [http-nio-8080-exec-6] c.s.s.faculty.FacultyServiceImpl : 学院 中世纪研究中心 有 1 个专业
2026-01-12 17:48:03.073 INFO  [http-nio-8080-exec-6] c.s.s.faculty.FacultyServiceImpl : 开始获取学院 化学系 (ID: 104) 的专业列表
2026-01-12 17:48:03.074 INFO  [http-nio-8080-exec-6] c.s.s.faculty.FacultyServiceImpl : 学院 化学系 有 2 个专业
2026-01-12 17:48:03.074 INFO  [http-nio-8080-exec-6] c.s.s.faculty.FacultyServiceImpl : 开始获取学院 十八世纪研究中心 (ID: 105) 的专业列表
2026-01-12 17:48:03.074 INFO  [http-nio-8080-exec-6] c.s.s.faculty.FacultyServiceImpl : 学院 十八世纪研究中心 有 1 个专业
2026-01-12 17:48:03.074 INFO  [http-nio-8080-exec-6] c.s.s.faculty.FacultyServiceImpl : 开始获取学院 卫生科学系 (ID: 106) 的专业列表
2026-01-12 17:48:03.076 INFO  [http-nio-8080-exec-6] c.s.s.faculty.FacultyServiceImpl : 学院 卫生科学系 有 6 个专业
2026-01-12 17:48:03.076 INFO  [http-nio-8080-exec-6] c.s.s.faculty.FacultyServiceImpl : 开始获取学院 历史学系 (ID: 107) 的专业列表
2026-01-12 17:48:03.083 INFO  [http-nio-8080-exec-6] c.s.s.faculty.FacultyServiceImpl : 学院 历史学系 有 6 个专业
2026-01-12 17:48:03.083 INFO  [http-nio-8080-exec-6] c.s.s.faculty.FacultyServiceImpl : 开始获取学院 哲学系 (ID: 108) 的专业列表
2026-01-12 17:48:03.085 INFO  [http-nio-8080-exec-6] c.s.s.faculty.FacultyServiceImpl : 学院 哲学系 有 4 个专业
2026-01-12 17:48:03.085 INFO  [http-nio-8080-exec-6] c.s.s.faculty.FacultyServiceImpl : 开始获取学院 商业与社学学院 (ID: 109) 的专业列表
2026-01-12 17:48:03.094 INFO  [http-nio-8080-exec-6] c.s.s.faculty.FacultyServiceImpl : 学院 商业与社学学院 有 23 个专业
2026-01-12 17:48:03.094 INFO  [http-nio-8080-exec-6] c.s.s.faculty.FacultyServiceImpl : 开始获取学院 地理与环境学系 (ID: 110) 的专业列表
2026-01-12 17:48:03.096 INFO  [http-nio-8080-exec-6] c.s.s.faculty.FacultyServiceImpl : 学院 地理与环境学系 有 8 个专业
2026-01-12 17:48:03.096 INFO  [http-nio-8080-exec-6] c.s.s.faculty.FacultyServiceImpl : 开始获取学院 妇女研究中心 (ID: 111) 的专业列表
2026-01-12 17:48:03.097 INFO  [http-nio-8080-exec-6] c.s.s.faculty.FacultyServiceImpl : 学院 妇女研究中心 有 2 个专业
2026-01-12 17:48:03.097 INFO  [http-nio-8080-exec-6] c.s.s.faculty.FacultyServiceImpl : 开始获取学院 应用人权中心 (ID: 112) 的专业列表
2026-01-12 17:48:03.097 INFO  [http-nio-8080-exec-6] c.s.s.faculty.FacultyServiceImpl : 学院 应用人权中心 有 1 个专业
2026-01-12 17:48:03.097 INFO  [http-nio-8080-exec-6] c.s.s.faculty.FacultyServiceImpl : 开始获取学院 心理学系 (ID: 113) 的专业列表
2026-01-12 17:48:03.098 INFO  [http-nio-8080-exec-6] c.s.s.faculty.FacultyServiceImpl : 学院 心理学系 有 6 个专业
2026-01-12 17:48:03.098 INFO  [http-nio-8080-exec-6] c.s.s.faculty.FacultyServiceImpl : 开始获取学院 政治与国际关系学院 (ID: 114) 的专业列表
2026-01-12 17:48:03.100 INFO  [http-nio-8080-exec-6] c.s.s.faculty.FacultyServiceImpl : 学院 政治与国际关系学院 有 14 个专业
2026-01-12 17:48:03.100 INFO  [http-nio-8080-exec-6] c.s.s.faculty.FacultyServiceImpl : 开始获取学院 教育系 (ID: 115) 的专业列表
2026-01-12 17:48:03.101 INFO  [http-nio-8080-exec-6] c.s.s.faculty.FacultyServiceImpl : 学院 教育系 有 9 个专业
2026-01-12 17:48:03.101 INFO  [http-nio-8080-exec-6] c.s.s.faculty.FacultyServiceImpl : 开始获取学院 数学系 (ID: 116) 的专业列表
2026-01-12 17:48:03.102 INFO  [http-nio-8080-exec-6] c.s.s.faculty.FacultyServiceImpl : 学院 数学系 有 5 个专业
2026-01-12 17:48:03.102 INFO  [http-nio-8080-exec-6] c.s.s.faculty.FacultyServiceImpl : 开始获取学院 文艺复兴和早期现代研究中心 (ID: 117) 的专业列表
2026-01-12 17:48:03.102 INFO  [http-nio-8080-exec-6] c.s.s.faculty.FacultyServiceImpl : 学院 文艺复兴和早期现代研究中心 有 1 个专业
2026-01-12 17:48:03.102 INFO  [http-nio-8080-exec-6] c.s.s.faculty.FacultyServiceImpl : 开始获取学院 物理、工程与技术学院 (ID: 118) 的专业列表
2026-01-12 17:48:03.104 INFO  [http-nio-8080-exec-6] c.s.s.faculty.FacultyServiceImpl : 学院 物理、工程与技术学院 有 7 个专业
2026-01-12 17:48:03.104 INFO  [http-nio-8080-exec-6] c.s.s.faculty.FacultyServiceImpl : 开始获取学院 生物学系 (ID: 119) 的专业列表
2026-01-12 17:48:03.105 INFO  [http-nio-8080-exec-6] c.s.s.faculty.FacultyServiceImpl : 学院 生物学系 有 6 个专业
2026-01-12 17:48:03.105 INFO  [http-nio-8080-exec-6] c.s.s.faculty.FacultyServiceImpl : 开始获取学院 社会学系 (ID: 120) 的专业列表
2026-01-12 17:48:03.106 INFO  [http-nio-8080-exec-6] c.s.s.faculty.FacultyServiceImpl : 学院 社会学系 有 5 个专业
2026-01-12 17:48:03.106 INFO  [http-nio-8080-exec-6] c.s.s.faculty.FacultyServiceImpl : 开始获取学院 约克法学院 (ID: 121) 的专业列表
2026-01-12 17:48:03.107 INFO  [http-nio-8080-exec-6] c.s.s.faculty.FacultyServiceImpl : 学院 约克法学院 有 10 个专业
2026-01-12 17:48:03.107 INFO  [http-nio-8080-exec-6] c.s.s.faculty.FacultyServiceImpl : 开始获取学院 经济及相关研究系 (ID: 122) 的专业列表
2026-01-12 17:48:03.109 INFO  [http-nio-8080-exec-6] c.s.s.faculty.FacultyServiceImpl : 学院 经济及相关研究系 有 8 个专业
2026-01-12 17:48:03.109 INFO  [http-nio-8080-exec-6] c.s.s.faculty.FacultyServiceImpl : 开始获取学院 考古学系 (ID: 123) 的专业列表
2026-01-12 17:48:03.111 INFO  [http-nio-8080-exec-6] c.s.s.faculty.FacultyServiceImpl : 学院 考古学系 有 22 个专业
2026-01-12 17:48:03.111 INFO  [http-nio-8080-exec-6] c.s.s.faculty.FacultyServiceImpl : 开始获取学院 艺术与创新技术学院 (ID: 124) 的专业列表
2026-01-12 17:48:03.114 INFO  [http-nio-8080-exec-6] c.s.s.faculty.FacultyServiceImpl : 学院 艺术与创新技术学院 有 26 个专业
2026-01-12 17:48:03.114 INFO  [http-nio-8080-exec-6] c.s.s.faculty.FacultyServiceImpl : 开始获取学院 艺术史系 (ID: 125) 的专业列表
2026-01-12 17:48:03.115 INFO  [http-nio-8080-exec-6] c.s.s.faculty.FacultyServiceImpl : 学院 艺术史系 有 7 个专业
2026-01-12 17:48:03.115 INFO  [http-nio-8080-exec-6] c.s.s.faculty.FacultyServiceImpl : 开始获取学院 英语及相关文学系 (ID: 126) 的专业列表
2026-01-12 17:48:03.116 INFO  [http-nio-8080-exec-6] c.s.s.faculty.FacultyServiceImpl : 学院 英语及相关文学系 有 10 个专业
2026-01-12 17:48:03.116 INFO  [http-nio-8080-exec-6] c.s.s.faculty.FacultyServiceImpl : 开始获取学院 计算机学系 (ID: 127) 的专业列表
2026-01-12 17:48:03.118 INFO  [http-nio-8080-exec-6] c.s.s.faculty.FacultyServiceImpl : 学院 计算机学系 有 7 个专业
2026-01-12 17:48:03.118 INFO  [http-nio-8080-exec-6] c.s.s.faculty.FacultyServiceImpl : 开始获取学院 语言和语言科学系 (ID: 128) 的专业列表
2026-01-12 17:48:03.119 INFO  [http-nio-8080-exec-6] c.s.s.faculty.FacultyServiceImpl : 学院 语言和语言科学系 有 7 个专业
2026-01-12 17:48:03.119 INFO  [http-nio-8080-exec-6] c.s.s.faculty.FacultyServiceImpl : 开始获取学院 赫尔约克医学院 (ID: 129) 的专业列表
2026-01-12 17:48:03.120 INFO  [http-nio-8080-exec-6] c.s.s.faculty.FacultyServiceImpl : 学院 赫尔约克医学院 有 4 个专业
2026-01-12 17:48:03.120 INFO  [http-nio-8080-exec-6] c.s.s.faculty.FacultyServiceImpl : 开始获取院校ID为 30 的学院列表
2026-01-12 17:48:03.123 INFO  [http-nio-8080-exec-6] c.s.s.faculty.FacultyServiceImpl : 找到 24 个学院
2026-01-12 17:48:03.123 INFO  [http-nio-8080-exec-6] c.s.s.faculty.FacultyServiceImpl : 开始获取学院 化学学院 (ID: 79) 的专业列表
2026-01-12 17:48:03.125 INFO  [http-nio-8080-exec-6] c.s.s.faculty.FacultyServiceImpl : 学院 化学学院 有 3 个专业
2026-01-12 17:48:03.125 INFO  [http-nio-8080-exec-6] c.s.s.faculty.FacultyServiceImpl : 开始获取学院 医学院 (ID: 80) 的专业列表
2026-01-12 17:48:03.126 INFO  [http-nio-8080-exec-6] c.s.s.faculty.FacultyServiceImpl : 学院 医学院 有 6 个专业
2026-01-12 17:48:03.126 INFO  [http-nio-8080-exec-6] c.s.s.faculty.FacultyServiceImpl : 开始获取学院 医疗保健科学学院 (ID: 81) 的专业列表
2026-01-12 17:48:03.126 INFO  [http-nio-8080-exec-6] c.s.s.faculty.FacultyServiceImpl : 学院 医疗保健科学学院 有 4 个专业
2026-01-12 17:48:03.126 INFO  [http-nio-8080-exec-6] c.s.s.faculty.FacultyServiceImpl : 开始获取学院 历史、考古与宗教学院 (ID: 82) 的专业列表
2026-01-12 17:48:03.127 INFO  [http-nio-8080-exec-6] c.s.s.faculty.FacultyServiceImpl : 学院 历史、考古与宗教学院 有 4 个专业
2026-01-12 17:48:03.127 INFO  [http-nio-8080-exec-6] c.s.s.faculty.FacultyServiceImpl : 开始获取学院 商学院 (ID: 83) 的专业列表
2026-01-12 17:48:03.129 INFO  [http-nio-8080-exec-6] c.s.s.faculty.FacultyServiceImpl : 学院 商学院 有 23 个专业
2026-01-12 17:48:03.129 INFO  [http-nio-8080-exec-6] c.s.s.faculty.FacultyServiceImpl : 开始获取学院 地球与环境科学学院 (ID: 84) 的专业列表
2026-01-12 17:48:03.130 INFO  [http-nio-8080-exec-6] c.s.s.faculty.FacultyServiceImpl : 学院 地球与环境科学学院 有 3 个专业
2026-01-12 17:48:03.130 INFO  [http-nio-8080-exec-6] c.s.s.faculty.FacultyServiceImpl : 开始获取学院 地理与规划学院 (ID: 85) 的专业列表
2026-01-12 17:48:03.131 INFO  [http-nio-8080-exec-6] c.s.s.faculty.FacultyServiceImpl : 学院 地理与规划学院 有 7 个专业
2026-01-12 17:48:03.131 INFO  [http-nio-8080-exec-6] c.s.s.faculty.FacultyServiceImpl : 开始获取学院 威尔士建筑学院 (ID: 86) 的专业列表
2026-01-12 17:48:03.132 INFO  [http-nio-8080-exec-6] c.s.s.faculty.FacultyServiceImpl : 学院 威尔士建筑学院 有 5 个专业
2026-01-12 17:48:03.132 INFO  [http-nio-8080-exec-6] c.s.s.faculty.FacultyServiceImpl : 开始获取学院 威尔士语学院 (ID: 87) 的专业列表
2026-01-12 17:48:03.133 INFO  [http-nio-8080-exec-6] c.s.s.faculty.FacultyServiceImpl : 学院 威尔士语学院 有 1 个专业
2026-01-12 17:48:03.133 INFO  [http-nio-8080-exec-6] c.s.s.faculty.FacultyServiceImpl : 开始获取学院 工程学院 (ID: 88) 的专业列表
2026-01-12 17:48:03.134 INFO  [http-nio-8080-exec-6] c.s.s.faculty.FacultyServiceImpl : 学院 工程学院 有 13 个专业
2026-01-12 17:48:03.134 INFO  [http-nio-8080-exec-6] c.s.s.faculty.FacultyServiceImpl : 开始获取学院 心理学院 (ID: 89) 的专业列表
2026-01-12 17:48:03.135 INFO  [http-nio-8080-exec-6] c.s.s.faculty.FacultyServiceImpl : 学院 心理学院 有 3 个专业
2026-01-12 17:48:03.135 INFO  [http-nio-8080-exec-6] c.s.s.faculty.FacultyServiceImpl : 开始获取学院 数学学院 (ID: 90) 的专业列表
2026-01-12 17:48:03.136 INFO  [http-nio-8080-exec-6] c.s.s.faculty.FacultyServiceImpl : 学院 数学学院 有 4 个专业
2026-01-12 17:48:03.136 INFO  [http-nio-8080-exec-6] c.s.s.faculty.FacultyServiceImpl : 开始获取学院 新闻、媒体与文化学院 (ID: 91) 的专业列表
2026-01-12 17:48:03.137 INFO  [http-nio-8080-exec-6] c.s.s.faculty.FacultyServiceImpl : 学院 新闻、媒体与文化学院 有 11 个专业
2026-01-12 17:48:03.137 INFO  [http-nio-8080-exec-6] c.s.s.faculty.FacultyServiceImpl : 开始获取学院 法律与政治学院 (ID: 92) 的专业列表
2026-01-12 17:48:03.138 INFO  [http-nio-8080-exec-6] c.s.s.faculty.FacultyServiceImpl : 学院 法律与政治学院 有 10 个专业
2026-01-12 17:48:03.138 INFO  [http-nio-8080-exec-6] c.s.s.faculty.FacultyServiceImpl : 开始获取学院 牙科学院 (ID: 93) 的专业列表
2026-01-12 17:48:03.139 INFO  [http-nio-8080-exec-6] c.s.s.faculty.FacultyServiceImpl : 学院 牙科学院 有 5 个专业
2026-01-12 17:48:03.139 INFO  [http-nio-8080-exec-6] c.s.s.faculty.FacultyServiceImpl : 开始获取学院 物理与天文学学院 (ID: 94) 的专业列表
2026-01-12 17:48:03.140 INFO  [http-nio-8080-exec-6] c.s.s.faculty.FacultyServiceImpl : 学院 物理与天文学学院 有 5 个专业
2026-01-12 17:48:03.140 INFO  [http-nio-8080-exec-6] c.s.s.faculty.FacultyServiceImpl : 开始获取学院 现代语言学院 (ID: 95) 的专业列表
2026-01-12 17:48:03.141 INFO  [http-nio-8080-exec-6] c.s.s.faculty.FacultyServiceImpl : 学院 现代语言学院 有 3 个专业
2026-01-12 17:48:03.141 INFO  [http-nio-8080-exec-6] c.s.s.faculty.FacultyServiceImpl : 开始获取学院 生物科学学院 (ID: 96) 的专业列表
2026-01-12 17:48:03.141 INFO  [http-nio-8080-exec-6] c.s.s.faculty.FacultyServiceImpl : 学院 生物科学学院 有 1 个专业
2026-01-12 17:48:03.141 INFO  [http-nio-8080-exec-6] c.s.s.faculty.FacultyServiceImpl : 开始获取学院 社会科学学院 (ID: 97) 的专业列表
2026-01-12 17:48:03.142 INFO  [http-nio-8080-exec-6] c.s.s.faculty.FacultyServiceImpl : 学院 社会科学学院 有 5 个专业
2026-01-12 17:48:03.142 INFO  [http-nio-8080-exec-6] c.s.s.faculty.FacultyServiceImpl : 开始获取学院 英语、传播与哲学学院 (ID: 98) 的专业列表
2026-01-12 17:48:03.143 INFO  [http-nio-8080-exec-6] c.s.s.faculty.FacultyServiceImpl : 学院 英语、传播与哲学学院 有 6 个专业
2026-01-12 17:48:03.143 INFO  [http-nio-8080-exec-6] c.s.s.faculty.FacultyServiceImpl : 开始获取学院 药学学院 (ID: 99) 的专业列表
2026-01-12 17:48:03.144 INFO  [http-nio-8080-exec-6] c.s.s.faculty.FacultyServiceImpl : 学院 药学学院 有 1 个专业
2026-01-12 17:48:03.144 INFO  [http-nio-8080-exec-6] c.s.s.faculty.FacultyServiceImpl : 开始获取学院 视光与视觉科学学院 (ID: 100) 的专业列表
2026-01-12 17:48:03.144 INFO  [http-nio-8080-exec-6] c.s.s.faculty.FacultyServiceImpl : 学院 视光与视觉科学学院 有 1 个专业
2026-01-12 17:48:03.144 INFO  [http-nio-8080-exec-6] c.s.s.faculty.FacultyServiceImpl : 开始获取学院 计算机科学和信息学院 (ID: 101) 的专业列表
2026-01-12 17:48:03.145 INFO  [http-nio-8080-exec-6] c.s.s.faculty.FacultyServiceImpl : 学院 计算机科学和信息学院 有 13 个专业
2026-01-12 17:48:03.145 INFO  [http-nio-8080-exec-6] c.s.s.faculty.FacultyServiceImpl : 开始获取学院 音乐学院 (ID: 102) 的专业列表
2026-01-12 17:48:03.146 INFO  [http-nio-8080-exec-6] c.s.s.faculty.FacultyServiceImpl : 学院 音乐学院 有 1 个专业
2026-01-12 17:48:03.146 INFO  [http-nio-8080-exec-6] c.s.s.faculty.FacultyServiceImpl : 开始获取院校ID为 38 的学院列表
2026-01-12 17:48:03.148 INFO  [http-nio-8080-exec-6] c.s.s.faculty.FacultyServiceImpl : 找到 24 个学院
2026-01-12 17:48:03.149 INFO  [http-nio-8080-exec-6] c.s.s.faculty.FacultyServiceImpl : 开始获取学院 亨利商学院 (ID: 984) 的专业列表
2026-01-12 17:48:03.151 INFO  [http-nio-8080-exec-6] c.s.s.faculty.FacultyServiceImpl : 学院 亨利商学院 有 24 个专业
2026-01-12 17:48:03.151 INFO  [http-nio-8080-exec-6] c.s.s.faculty.FacultyServiceImpl : 开始获取学院 农业、政策与发展学院 (ID: 985) 的专业列表
2026-01-12 17:48:03.152 INFO  [http-nio-8080-exec-6] c.s.s.faculty.FacultyServiceImpl : 学院 农业、政策与发展学院 有 11 个专业
2026-01-12 17:48:03.152 INFO  [http-nio-8080-exec-6] c.s.s.faculty.FacultyServiceImpl : 开始获取学院 建筑管理与工程学院 (ID: 986) 的专业列表
2026-01-12 17:48:03.153 INFO  [http-nio-8080-exec-6] c.s.s.faculty.FacultyServiceImpl : 学院 建筑管理与工程学院 有 7 个专业
2026-01-12 17:48:03.153 INFO  [http-nio-8080-exec-6] c.s.s.faculty.FacultyServiceImpl : 开始获取学院 建筑系 (ID: 987) 的专业列表
2026-01-12 17:48:03.153 INFO  [http-nio-8080-exec-6] c.s.s.faculty.FacultyServiceImpl : 学院 建筑系 有 1 个专业
2026-01-12 17:48:03.153 INFO  [http-nio-8080-exec-6] c.s.s.faculty.FacultyServiceImpl : 开始获取学院 影视系 (ID: 988) 的专业列表
2026-01-12 17:48:03.154 INFO  [http-nio-8080-exec-6] c.s.s.faculty.FacultyServiceImpl : 学院 影视系 有 2 个专业
2026-01-12 17:48:03.154 INFO  [http-nio-8080-exec-6] c.s.s.faculty.FacultyServiceImpl : 开始获取学院 心理与临床语言科学学院 (ID: 989) 的专业列表
2026-01-12 17:48:03.155 INFO  [http-nio-8080-exec-6] c.s.s.faculty.FacultyServiceImpl : 学院 心理与临床语言科学学院 有 6 个专业
2026-01-12 17:48:03.155 INFO  [http-nio-8080-exec-6] c.s.s.faculty.FacultyServiceImpl : 开始获取学院 政治和国际关系系 (ID: 990) 的专业列表
2026-01-12 17:48:03.156 INFO  [http-nio-8080-exec-6] c.s.s.faculty.FacultyServiceImpl : 学院 政治和国际关系系 有 3 个专业
2026-01-12 17:48:03.156 INFO  [http-nio-8080-exec-6] c.s.s.faculty.FacultyServiceImpl : 开始获取学院 教育学院 (ID: 991) 的专业列表
2026-01-12 17:48:03.156 INFO  [http-nio-8080-exec-6] c.s.s.faculty.FacultyServiceImpl : 学院 教育学院 有 1 个专业
2026-01-12 17:48:03.156 INFO  [http-nio-8080-exec-6] c.s.s.faculty.FacultyServiceImpl : 开始获取学院 气象学系 (ID: 992) 的专业列表
2026-01-12 17:48:03.157 INFO  [http-nio-8080-exec-6] c.s.s.faculty.FacultyServiceImpl : 学院 气象学系 有 3 个专业
2026-01-12 17:48:03.157 INFO  [http-nio-8080-exec-6] c.s.s.faculty.FacultyServiceImpl : 开始获取学院 法学院 (ID: 993) 的专业列表
2026-01-12 17:48:03.158 INFO  [http-nio-8080-exec-6] c.s.s.faculty.FacultyServiceImpl : 学院 法学院 有 8 个专业
2026-01-12 17:48:03.158 INFO  [http-nio-8080-exec-6] c.s.s.faculty.FacultyServiceImpl : 开始获取学院 生物科学学院 (ID: 994) 的专业列表
2026-01-12 17:48:03.159 INFO  [http-nio-8080-exec-6] c.s.s.faculty.FacultyServiceImpl : 学院 生物科学学院 有 4 个专业
2026-01-12 17:48:03.159 INFO  [http-nio-8080-exec-6] c.s.s.faculty.FacultyServiceImpl : 开始获取学院 经济系 (ID: 995) 的专业列表
2026-01-12 17:48:03.159 INFO  [http-nio-8080-exec-6] c.s.s.faculty.FacultyServiceImpl : 学院 经济系 有 4 个专业
2026-01-12 17:48:03.159 INFO  [http-nio-8080-exec-6] c.s.s.faculty.FacultyServiceImpl : 开始获取学院 考古学系 (ID: 996) 的专业列表
2026-01-12 17:48:03.160 INFO  [http-nio-8080-exec-6] c.s.s.faculty.FacultyServiceImpl : 学院 考古学系 有 1 个专业
2026-01-12 17:48:03.160 INFO  [http-nio-8080-exec-6] c.s.s.faculty.FacultyServiceImpl : 开始获取学院 艺术与传播设计学院 (ID: 997) 的专业列表
2026-01-12 17:48:03.161 INFO  [http-nio-8080-exec-6] c.s.s.faculty.FacultyServiceImpl : 学院 艺术与传播设计学院 有 5 个专业
2026-01-12 17:48:03.161 INFO  [http-nio-8080-exec-6] c.s.s.faculty.FacultyServiceImpl : 开始获取学院 计算机科学系 (ID: 998) 的专业列表
2026-01-12 17:48:03.161 INFO  [http-nio-8080-exec-6] c.s.s.faculty.FacultyServiceImpl : 学院 计算机科学系 有 2 个专业
2026-01-12 17:48:03.161 INFO  [http-nio-8080-exec-6] c.s.s.faculty.FacultyServiceImpl : 开始获取学院 雷丁艺术学院 (ID: 999) 的专业列表
2026-01-12 17:48:03.161 INFO  [http-nio-8080-exec-6] c.s.s.faculty.FacultyServiceImpl : 学院 雷丁艺术学院 有 1 个专业
2026-01-12 17:48:03.161 INFO  [http-nio-8080-exec-6] c.s.s.faculty.FacultyServiceImpl : 开始获取学院 食品和营养科学系 (ID: 1000) 的专业列表
2026-01-12 17:48:03.162 INFO  [http-nio-8080-exec-6] c.s.s.faculty.FacultyServiceImpl : 学院 食品和营养科学系 有 4 个专业
2026-01-12 17:48:03.162 INFO  [http-nio-8080-exec-6] c.s.s.faculty.FacultyServiceImpl : 开始获取学院 历史系 (ID: 1106) 的专业列表
2026-01-12 17:48:03.162 INFO  [http-nio-8080-exec-6] c.s.s.faculty.FacultyServiceImpl : 学院 历史系 有 1 个专业
2026-01-12 17:48:03.162 INFO  [http-nio-8080-exec-6] c.s.s.faculty.FacultyServiceImpl : 开始获取学院 古典学系 (ID: 1107) 的专业列表
2026-01-12 17:48:03.163 INFO  [http-nio-8080-exec-6] c.s.s.faculty.FacultyServiceImpl : 学院 古典学系 有 1 个专业
2026-01-12 17:48:03.163 INFO  [http-nio-8080-exec-6] c.s.s.faculty.FacultyServiceImpl : 开始获取学院 哲学系 (ID: 1108) 的专业列表
2026-01-12 17:48:03.163 INFO  [http-nio-8080-exec-6] c.s.s.faculty.FacultyServiceImpl : 学院 哲学系 有 1 个专业
2026-01-12 17:48:03.163 INFO  [http-nio-8080-exec-6] c.s.s.faculty.FacultyServiceImpl : 开始获取学院 地理与环境科学系 (ID: 1109) 的专业列表
2026-01-12 17:48:03.164 INFO  [http-nio-8080-exec-6] c.s.s.faculty.FacultyServiceImpl : 学院 地理与环境科学系 有 1 个专业
2026-01-12 17:48:03.164 INFO  [http-nio-8080-exec-6] c.s.s.faculty.FacultyServiceImpl : 开始获取学院 英国文学系 (ID: 1110) 的专业列表
2026-01-12 17:48:03.165 INFO  [http-nio-8080-exec-6] c.s.s.faculty.FacultyServiceImpl : 学院 英国文学系 有 1 个专业
2026-01-12 17:48:03.165 INFO  [http-nio-8080-exec-6] c.s.s.faculty.FacultyServiceImpl : 开始获取学院 英语语言与应用语言学系 (ID: 1111) 的专业列表
2026-01-12 17:48:03.165 INFO  [http-nio-8080-exec-6] c.s.s.faculty.FacultyServiceImpl : 学院 英语语言与应用语言学系 有 2 个专业
2026-01-12 17:48:03.165 INFO  [http-nio-8080-exec-6] c.s.s.faculty.FacultyServiceImpl : 开始获取学院 药学院 (ID: 1112) 的专业列表
2026-01-12 17:48:03.166 INFO  [http-nio-8080-exec-6] c.s.s.faculty.FacultyServiceImpl : 学院 药学院 有 1 个专业
2026-01-12 17:48:03.166 INFO  [http-nio-8080-exec-6] c.s.s.faculty.FacultyServiceImpl : 开始获取院校ID为 63 的学院列表
2026-01-12 17:48:03.168 INFO  [http-nio-8080-exec-6] c.s.s.faculty.FacultyServiceImpl : 找到 16 个学院
2026-01-12 17:48:03.168 INFO  [http-nio-8080-exec-6] c.s.s.faculty.FacultyServiceImpl : 开始获取学院 化学化工学院 (ID: 666) 的专业列表
2026-01-12 17:48:03.169 INFO  [http-nio-8080-exec-6] c.s.s.faculty.FacultyServiceImpl : 学院 化学化工学院 有 7 个专业
2026-01-12 17:48:03.169 INFO  [http-nio-8080-exec-6] c.s.s.faculty.FacultyServiceImpl : 开始获取学院 医学、牙科和生物医学科学学院 (ID: 667) 的专业列表
2026-01-12 17:48:03.172 INFO  [http-nio-8080-exec-6] c.s.s.faculty.FacultyServiceImpl : 学院 医学、牙科和生物医学科学学院 有 5 个专业
2026-01-12 17:48:03.172 INFO  [http-nio-8080-exec-6] c.s.s.faculty.FacultyServiceImpl : 开始获取学院 历史、人类学、哲学和政治学院 (ID: 668) 的专业列表
2026-01-12 17:48:03.174 INFO  [http-nio-8080-exec-6] c.s.s.faculty.FacultyServiceImpl : 学院 历史、人类学、哲学和政治学院 有 13 个专业
2026-01-12 17:48:03.174 INFO  [http-nio-8080-exec-6] c.s.s.faculty.FacultyServiceImpl : 开始获取学院 心理学学院 (ID: 669) 的专业列表
2026-01-12 17:48:03.174 INFO  [http-nio-8080-exec-6] c.s.s.faculty.FacultyServiceImpl : 学院 心理学学院 有 3 个专业
2026-01-12 17:48:03.174 INFO  [http-nio-8080-exec-6] c.s.s.faculty.FacultyServiceImpl : 开始获取学院 护理与助产学院 (ID: 670) 的专业列表
2026-01-12 17:48:03.175 INFO  [http-nio-8080-exec-6] c.s.s.faculty.FacultyServiceImpl : 学院 护理与助产学院 有 3 个专业
2026-01-12 17:48:03.175 INFO  [http-nio-8080-exec-6] c.s.s.faculty.FacultyServiceImpl : 开始获取学院 数学与物理学院 (ID: 671) 的专业列表
2026-01-12 17:48:03.175 INFO  [http-nio-8080-exec-6] c.s.s.faculty.FacultyServiceImpl : 学院 数学与物理学院 有 1 个专业
2026-01-12 17:48:03.175 INFO  [http-nio-8080-exec-6] c.s.s.faculty.FacultyServiceImpl : 开始获取学院 机械与航天工程学院 (ID: 672) 的专业列表
2026-01-12 17:48:03.176 INFO  [http-nio-8080-exec-6] c.s.s.faculty.FacultyServiceImpl : 学院 机械与航天工程学院 有 3 个专业
2026-01-12 17:48:03.176 INFO  [http-nio-8080-exec-6] c.s.s.faculty.FacultyServiceImpl : 开始获取学院 法学院 (ID: 673) 的专业列表
2026-01-12 17:48:03.177 INFO  [http-nio-8080-exec-6] c.s.s.faculty.FacultyServiceImpl : 学院 法学院 有 7 个专业
2026-01-12 17:48:03.177 INFO  [http-nio-8080-exec-6] c.s.s.faculty.FacultyServiceImpl : 开始获取学院 生物科学学院 (ID: 674) 的专业列表
2026-01-12 17:48:03.178 INFO  [http-nio-8080-exec-6] c.s.s.faculty.FacultyServiceImpl : 学院 生物科学学院 有 7 个专业
2026-01-12 17:48:03.178 INFO  [http-nio-8080-exec-6] c.s.s.faculty.FacultyServiceImpl : 开始获取学院 电子、电气工程与计算机科学学院 (ID: 675) 的专业列表
2026-01-12 17:48:03.178 INFO  [http-nio-8080-exec-6] c.s.s.faculty.FacultyServiceImpl : 学院 电子、电气工程与计算机科学学院 有 6 个专业
2026-01-12 17:48:03.178 INFO  [http-nio-8080-exec-6] c.s.s.faculty.FacultyServiceImpl : 开始获取学院 社会科学、教育与社会工作学院 (ID: 676) 的专业列表
2026-01-12 17:48:03.180 INFO  [http-nio-8080-exec-6] c.s.s.faculty.FacultyServiceImpl : 学院 社会科学、教育与社会工作学院 有 16 个专业
2026-01-12 17:48:03.180 INFO  [http-nio-8080-exec-6] c.s.s.faculty.FacultyServiceImpl : 开始获取学院 自然与建环境学院 (ID: 677) 的专业列表
2026-01-12 17:48:03.181 INFO  [http-nio-8080-exec-6] c.s.s.faculty.FacultyServiceImpl : 学院 自然与建环境学院 有 11 个专业
2026-01-12 17:48:03.181 INFO  [http-nio-8080-exec-6] c.s.s.faculty.FacultyServiceImpl : 开始获取学院 艺术、英语和语言学院 (ID: 678) 的专业列表
2026-01-12 17:48:03.183 INFO  [http-nio-8080-exec-6] c.s.s.faculty.FacultyServiceImpl : 学院 艺术、英语和语言学院 有 18 个专业
2026-01-12 17:48:03.183 INFO  [http-nio-8080-exec-6] c.s.s.faculty.FacultyServiceImpl : 开始获取学院 英国女王大学商学院 (ID: 679) 的专业列表
2026-01-12 17:48:03.184 INFO  [http-nio-8080-exec-6] c.s.s.faculty.FacultyServiceImpl : 学院 英国女王大学商学院 有 1 个专业
2026-01-12 17:48:03.184 INFO  [http-nio-8080-exec-6] c.s.s.faculty.FacultyServiceImpl : 开始获取学院 药学院 (ID: 680) 的专业列表
2026-01-12 17:48:03.184 INFO  [http-nio-8080-exec-6] c.s.s.faculty.FacultyServiceImpl : 学院 药学院 有 1 个专业
2026-01-12 17:48:03.184 INFO  [http-nio-8080-exec-6] c.s.s.faculty.FacultyServiceImpl : 开始获取学院 规划与发展学院 (ID: 681) 的专业列表
2026-01-12 17:48:03.185 INFO  [http-nio-8080-exec-6] c.s.s.faculty.FacultyServiceImpl : 学院 规划与发展学院 有 0 个专业
2026-01-12 17:48:03.185 INFO  [http-nio-8080-exec-6] c.s.s.faculty.FacultyServiceImpl : 开始获取院校ID为 42 的学院列表
2026-01-12 17:48:03.188 INFO  [http-nio-8080-exec-6] c.s.s.faculty.FacultyServiceImpl : 找到 26 个学院
2026-01-12 17:48:03.188 INFO  [http-nio-8080-exec-6] c.s.s.faculty.FacultyServiceImpl : 开始获取学院 传播与媒体系 (ID: 1001) 的专业列表
2026-01-12 17:48:03.188 INFO  [http-nio-8080-exec-6] c.s.s.faculty.FacultyServiceImpl : 学院 传播与媒体系 有 2 个专业
2026-01-12 17:48:03.188 INFO  [http-nio-8080-exec-6] c.s.s.faculty.FacultyServiceImpl : 开始获取学院 体育、运动和健康科学系 (ID: 1002) 的专业列表
2026-01-12 17:48:03.190 INFO  [http-nio-8080-exec-6] c.s.s.faculty.FacultyServiceImpl : 学院 体育、运动和健康科学系 有 13 个专业
2026-01-12 17:48:03.190 INFO  [http-nio-8080-exec-6] c.s.s.faculty.FacultyServiceImpl : 开始获取学院 体育事业研究所 (ID: 1003) 的专业列表
2026-01-12 17:48:03.191 INFO  [http-nio-8080-exec-6] c.s.s.faculty.FacultyServiceImpl : 学院 体育事业研究所 有 5 个专业
2026-01-12 17:48:03.191 INFO  [http-nio-8080-exec-6] c.s.s.faculty.FacultyServiceImpl : 开始获取学院 创意未来研究所 (ID: 1004) 的专业列表
2026-01-12 17:48:03.191 INFO  [http-nio-8080-exec-6] c.s.s.faculty.FacultyServiceImpl : 学院 创意未来研究所 有 4 个专业
2026-01-12 17:48:03.191 INFO  [http-nio-8080-exec-6] c.s.s.faculty.FacultyServiceImpl : 开始获取学院 创意艺术系 (ID: 1005) 的专业列表
2026-01-12 17:48:03.192 INFO  [http-nio-8080-exec-6] c.s.s.faculty.FacultyServiceImpl : 学院 创意艺术系 有 2 个专业
2026-01-12 17:48:03.192 INFO  [http-nio-8080-exec-6] c.s.s.faculty.FacultyServiceImpl : 开始获取学院 创新和企业家精神研究所 (ID: 1006) 的专业列表
2026-01-12 17:48:03.193 INFO  [http-nio-8080-exec-6] c.s.s.faculty.FacultyServiceImpl : 学院 创新和企业家精神研究所 有 1 个专业
2026-01-12 17:48:03.193 INFO  [http-nio-8080-exec-6] c.s.s.faculty.FacultyServiceImpl : 开始获取学院 化学工程系 (ID: 1007) 的专业列表
2026-01-12 17:48:03.193 INFO  [http-nio-8080-exec-6] c.s.s.faculty.FacultyServiceImpl : 学院 化学工程系 有 2 个专业
2026-01-12 17:48:03.193 INFO  [http-nio-8080-exec-6] c.s.s.faculty.FacultyServiceImpl : 开始获取学院 化学系 (ID: 1008) 的专业列表
2026-01-12 17:48:03.194 INFO  [http-nio-8080-exec-6] c.s.s.faculty.FacultyServiceImpl : 学院 化学系 有 3 个专业
2026-01-12 17:48:03.194 INFO  [http-nio-8080-exec-6] c.s.s.faculty.FacultyServiceImpl : 开始获取学院 国际关系、政治和历史系 (ID: 1009) 的专业列表
2026-01-12 17:48:03.194 INFO  [http-nio-8080-exec-6] c.s.s.faculty.FacultyServiceImpl : 学院 国际关系、政治和历史系 有 1 个专业
2026-01-12 17:48:03.194 INFO  [http-nio-8080-exec-6] c.s.s.faculty.FacultyServiceImpl : 开始获取学院 国际管理与创业系 (ID: 1010) 的专业列表
2026-01-12 17:48:03.195 INFO  [http-nio-8080-exec-6] c.s.s.faculty.FacultyServiceImpl : 学院 国际管理与创业系 有 6 个专业
2026-01-12 17:48:03.195 INFO  [http-nio-8080-exec-6] c.s.s.faculty.FacultyServiceImpl : 开始获取学院 地理与环境系 (ID: 1011) 的专业列表
2026-01-12 17:48:03.196 INFO  [http-nio-8080-exec-6] c.s.s.faculty.FacultyServiceImpl : 学院 地理与环境系 有 4 个专业
2026-01-12 17:48:03.196 INFO  [http-nio-8080-exec-6] c.s.s.faculty.FacultyServiceImpl : 开始获取学院 外交与国际事务系 (ID: 1012) 的专业列表
2026-01-12 17:48:03.197 INFO  [http-nio-8080-exec-6] c.s.s.faculty.FacultyServiceImpl : 学院 外交与国际事务系 有 7 个专业
2026-01-12 17:48:03.197 INFO  [http-nio-8080-exec-6] c.s.s.faculty.FacultyServiceImpl : 开始获取学院 媒体和创意产业研究所 (ID: 1013) 的专业列表
2026-01-12 17:48:03.197 INFO  [http-nio-8080-exec-6] c.s.s.faculty.FacultyServiceImpl : 学院 媒体和创意产业研究所 有 1 个专业
2026-01-12 17:48:03.197 INFO  [http-nio-8080-exec-6] c.s.s.faculty.FacultyServiceImpl : 开始获取学院 建筑学、建筑和土木工程系 (ID: 1014) 的专业列表
2026-01-12 17:48:03.198 INFO  [http-nio-8080-exec-6] c.s.s.faculty.FacultyServiceImpl : 学院 建筑学、建筑和土木工程系 有 6 个专业
2026-01-12 17:48:03.198 INFO  [http-nio-8080-exec-6] c.s.s.faculty.FacultyServiceImpl : 开始获取学院 拉夫堡商学院 (ID: 1015) 的专业列表
2026-01-12 17:48:03.200 INFO  [http-nio-8080-exec-6] c.s.s.faculty.FacultyServiceImpl : 学院 拉夫堡商学院 有 16 个专业
2026-01-12 17:48:03.200 INFO  [http-nio-8080-exec-6] c.s.s.faculty.FacultyServiceImpl : 开始获取学院 数字技术研究所 (ID: 1016) 的专业列表
2026-01-12 17:48:03.201 INFO  [http-nio-8080-exec-6] c.s.s.faculty.FacultyServiceImpl : 学院 数字技术研究所 有 6 个专业
2026-01-12 17:48:03.201 INFO  [http-nio-8080-exec-6] c.s.s.faculty.FacultyServiceImpl : 开始获取学院 数学科学系 (ID: 1017) 的专业列表
2026-01-12 17:48:03.201 INFO  [http-nio-8080-exec-6] c.s.s.faculty.FacultyServiceImpl : 学院 数学科学系 有 2 个专业
2026-01-12 17:48:03.201 INFO  [http-nio-8080-exec-6] c.s.s.faculty.FacultyServiceImpl : 开始获取学院 机械、电气和制造工程系 (ID: 1018) 的专业列表
2026-01-12 17:48:03.202 INFO  [http-nio-8080-exec-6] c.s.s.faculty.FacultyServiceImpl : 学院 机械、电气和制造工程系 有 6 个专业
2026-01-12 17:48:03.202 INFO  [http-nio-8080-exec-6] c.s.s.faculty.FacultyServiceImpl : 开始获取学院 材料系 (ID: 1019) 的专业列表
2026-01-12 17:48:03.203 INFO  [http-nio-8080-exec-6] c.s.s.faculty.FacultyServiceImpl : 学院 材料系 有 1 个专业
2026-01-12 17:48:03.203 INFO  [http-nio-8080-exec-6] c.s.s.faculty.FacultyServiceImpl : 开始获取学院 法律系 (ID: 1020) 的专业列表
2026-01-12 17:48:03.203 INFO  [http-nio-8080-exec-6] c.s.s.faculty.FacultyServiceImpl : 学院 法律系 有 1 个专业
2026-01-12 17:48:03.203 INFO  [http-nio-8080-exec-6] c.s.s.faculty.FacultyServiceImpl : 开始获取学院 物理系 (ID: 1021) 的专业列表
2026-01-12 17:48:03.204 INFO  [http-nio-8080-exec-6] c.s.s.faculty.FacultyServiceImpl : 学院 物理系 有 1 个专业
2026-01-12 17:48:03.204 INFO  [http-nio-8080-exec-6] c.s.s.faculty.FacultyServiceImpl : 开始获取学院 犯罪学、社会学和社会政策系 (ID: 1022) 的专业列表
2026-01-12 17:48:03.205 INFO  [http-nio-8080-exec-6] c.s.s.faculty.FacultyServiceImpl : 学院 犯罪学、社会学和社会政策系 有 3 个专业
2026-01-12 17:48:03.205 INFO  [http-nio-8080-exec-6] c.s.s.faculty.FacultyServiceImpl : 开始获取学院 航空汽车工程系 (ID: 1023) 的专业列表
2026-01-12 17:48:03.205 INFO  [http-nio-8080-exec-6] c.s.s.faculty.FacultyServiceImpl : 学院 航空汽车工程系 有 1 个专业
2026-01-12 17:48:03.205 INFO  [http-nio-8080-exec-6] c.s.s.faculty.FacultyServiceImpl : 开始获取学院 英语系 (ID: 1024) 的专业列表
2026-01-12 17:48:03.206 INFO  [http-nio-8080-exec-6] c.s.s.faculty.FacultyServiceImpl : 学院 英语系 有 2 个专业
2026-01-12 17:48:03.206 INFO  [http-nio-8080-exec-6] c.s.s.faculty.FacultyServiceImpl : 开始获取学院 计算机科学系 (ID: 1025) 的专业列表
2026-01-12 17:48:03.206 INFO  [http-nio-8080-exec-6] c.s.s.faculty.FacultyServiceImpl : 学院 计算机科学系 有 5 个专业
2026-01-12 17:48:03.206 INFO  [http-nio-8080-exec-6] c.s.s.faculty.FacultyServiceImpl : 开始获取学院 设计系 (ID: 1026) 的专业列表
2026-01-12 17:48:03.207 INFO  [http-nio-8080-exec-6] c.s.s.faculty.FacultyServiceImpl : 学院 设计系 有 4 个专业
2026-01-12 17:48:03.207 INFO  [http-nio-8080-exec-6] c.s.s.faculty.FacultyServiceImpl : 开始获取院校ID为 48 的学院列表
2026-01-12 17:48:03.209 INFO  [http-nio-8080-exec-6] c.s.s.faculty.FacultyServiceImpl : 找到 4 个学院
2026-01-12 17:48:03.209 INFO  [http-nio-8080-exec-6] c.s.s.faculty.FacultyServiceImpl : 开始获取学院 克兰菲尔德国防和安全 (ID: 210) 的专业列表
2026-01-12 17:48:03.209 INFO  [http-nio-8080-exec-6] c.s.s.faculty.FacultyServiceImpl : 学院 克兰菲尔德国防和安全 有 0 个专业
2026-01-12 17:48:03.209 INFO  [http-nio-8080-exec-6] c.s.s.faculty.FacultyServiceImpl : 开始获取学院 水、能源和环境学院 (ID: 211) 的专业列表
2026-01-12 17:48:03.210 INFO  [http-nio-8080-exec-6] c.s.s.faculty.FacultyServiceImpl : 学院 水、能源和环境学院 有 0 个专业
2026-01-12 17:48:03.210 INFO  [http-nio-8080-exec-6] c.s.s.faculty.FacultyServiceImpl : 开始获取学院 管理学院 (ID: 212) 的专业列表
2026-01-12 17:48:03.210 INFO  [http-nio-8080-exec-6] c.s.s.faculty.FacultyServiceImpl : 学院 管理学院 有 0 个专业
2026-01-12 17:48:03.210 INFO  [http-nio-8080-exec-6] c.s.s.faculty.FacultyServiceImpl : 开始获取学院 航空航天、运输和制造学院 (ID: 213) 的专业列表
2026-01-12 17:48:03.211 INFO  [http-nio-8080-exec-6] c.s.s.faculty.FacultyServiceImpl : 学院 航空航天、运输和制造学院 有 0 个专业
2026-01-12 17:48:03.211 INFO  [http-nio-8080-exec-6] c.s.s.faculty.FacultyServiceImpl : 开始获取院校ID为 37 的学院列表
2026-01-12 17:48:03.213 INFO  [http-nio-8080-exec-6] c.s.s.faculty.FacultyServiceImpl : 找到 21 个学院
2026-01-12 17:48:03.213 INFO  [http-nio-8080-exec-6] c.s.s.faculty.FacultyServiceImpl : 开始获取学院 化学与化学工程学院 (ID: 1027) 的专业列表
2026-01-12 17:48:03.214 INFO  [http-nio-8080-exec-6] c.s.s.faculty.FacultyServiceImpl : 学院 化学与化学工程学院 有 4 个专业
2026-01-12 17:48:03.214 INFO  [http-nio-8080-exec-6] c.s.s.faculty.FacultyServiceImpl : 开始获取学院 化学与工艺工程系 (ID: 1028) 的专业列表
2026-01-12 17:48:03.214 INFO  [http-nio-8080-exec-6] c.s.s.faculty.FacultyServiceImpl : 学院 化学与工艺工程系 有 1 个专业
2026-01-12 17:48:03.214 INFO  [http-nio-8080-exec-6] c.s.s.faculty.FacultyServiceImpl : 开始获取学院 古尔福德表演学院 (ID: 1029) 的专业列表
2026-01-12 17:48:03.215 INFO  [http-nio-8080-exec-6] c.s.s.faculty.FacultyServiceImpl : 学院 古尔福德表演学院 有 5 个专业
2026-01-12 17:48:03.215 INFO  [http-nio-8080-exec-6] c.s.s.faculty.FacultyServiceImpl : 开始获取学院 土木与环境工程系 (ID: 1030) 的专业列表
2026-01-12 17:48:03.216 INFO  [http-nio-8080-exec-6] c.s.s.faculty.FacultyServiceImpl : 学院 土木与环境工程系 有 12 个专业
2026-01-12 17:48:03.216 INFO  [http-nio-8080-exec-6] c.s.s.faculty.FacultyServiceImpl : 开始获取学院 心理学学院 (ID: 1031) 的专业列表
2026-01-12 17:48:03.217 INFO  [http-nio-8080-exec-6] c.s.s.faculty.FacultyServiceImpl : 学院 心理学学院 有 6 个专业
2026-01-12 17:48:03.217 INFO  [http-nio-8080-exec-6] c.s.s.faculty.FacultyServiceImpl : 开始获取学院 政治学系 (ID: 1032) 的专业列表
2026-01-12 17:48:03.218 INFO  [http-nio-8080-exec-6] c.s.s.faculty.FacultyServiceImpl : 学院 政治学系 有 3 个专业
2026-01-12 17:48:03.218 INFO  [http-nio-8080-exec-6] c.s.s.faculty.FacultyServiceImpl : 开始获取学院 数学系 (ID: 1033) 的专业列表
2026-01-12 17:48:03.219 INFO  [http-nio-8080-exec-6] c.s.s.faculty.FacultyServiceImpl : 学院 数学系 有 2 个专业
2026-01-12 17:48:03.219 INFO  [http-nio-8080-exec-6] c.s.s.faculty.FacultyServiceImpl : 开始获取学院 文学和语言学院 (ID: 1034) 的专业列表
2026-01-12 17:48:03.220 INFO  [http-nio-8080-exec-6] c.s.s.faculty.FacultyServiceImpl : 学院 文学和语言学院 有 7 个专业
2026-01-12 17:48:03.220 INFO  [http-nio-8080-exec-6] c.s.s.faculty.FacultyServiceImpl : 开始获取学院 法学院 (ID: 1035) 的专业列表
2026-01-12 17:48:03.221 INFO  [http-nio-8080-exec-6] c.s.s.faculty.FacultyServiceImpl : 学院 法学院 有 1 个专业
2026-01-12 17:48:03.221 INFO  [http-nio-8080-exec-6] c.s.s.faculty.FacultyServiceImpl : 开始获取学院 物理系 (ID: 1036) 的专业列表
2026-01-12 17:48:03.222 INFO  [http-nio-8080-exec-6] c.s.s.faculty.FacultyServiceImpl : 学院 物理系 有 4 个专业
2026-01-12 17:48:03.222 INFO  [http-nio-8080-exec-6] c.s.s.faculty.FacultyServiceImpl : 开始获取学院 环境与可持续发展中心 (ID: 1037) 的专业列表
2026-01-12 17:48:03.224 INFO  [http-nio-8080-exec-6] c.s.s.faculty.FacultyServiceImpl : 学院 环境与可持续发展中心 有 8 个专业
2026-01-12 17:48:03.224 INFO  [http-nio-8080-exec-6] c.s.s.faculty.FacultyServiceImpl : 开始获取学院 生物科学和医学学院 (ID: 1038) 的专业列表
2026-01-12 17:48:03.224 INFO  [http-nio-8080-exec-6] c.s.s.faculty.FacultyServiceImpl : 学院 生物科学和医学学院 有 2 个专业
2026-01-12 17:48:03.224 INFO  [http-nio-8080-exec-6] c.s.s.faculty.FacultyServiceImpl : 开始获取学院 电气和电子工程系 (ID: 1039) 的专业列表
2026-01-12 17:48:03.225 INFO  [http-nio-8080-exec-6] c.s.s.faculty.FacultyServiceImpl : 学院 电气和电子工程系 有 8 个专业
2026-01-12 17:48:03.225 INFO  [http-nio-8080-exec-6] c.s.s.faculty.FacultyServiceImpl : 开始获取学院 社会学系 (ID: 1040) 的专业列表
2026-01-12 17:48:03.226 INFO  [http-nio-8080-exec-6] c.s.s.faculty.FacultyServiceImpl : 学院 社会学系 有 1 个专业
2026-01-12 17:48:03.226 INFO  [http-nio-8080-exec-6] c.s.s.faculty.FacultyServiceImpl : 开始获取学院 经济学院 (ID: 1041) 的专业列表
2026-01-12 17:48:03.226 INFO  [http-nio-8080-exec-6] c.s.s.faculty.FacultyServiceImpl : 学院 经济学院 有 2 个专业
2026-01-12 17:48:03.226 INFO  [http-nio-8080-exec-6] c.s.s.faculty.FacultyServiceImpl : 开始获取学院 翻译研究中心 (ID: 1042) 的专业列表
2026-01-12 17:48:03.227 INFO  [http-nio-8080-exec-6] c.s.s.faculty.FacultyServiceImpl : 学院 翻译研究中心 有 2 个专业
2026-01-12 17:48:03.227 INFO  [http-nio-8080-exec-6] c.s.s.faculty.FacultyServiceImpl : 开始获取学院 萨里商学院 (ID: 1043) 的专业列表
2026-01-12 17:48:03.228 INFO  [http-nio-8080-exec-6] c.s.s.faculty.FacultyServiceImpl : 学院 萨里商学院 有 17 个专业
2026-01-12 17:48:03.228 INFO  [http-nio-8080-exec-6] c.s.s.faculty.FacultyServiceImpl : 开始获取学院 视觉、语音和信号处理中心 (ID: 1044) 的专业列表
2026-01-12 17:48:03.229 INFO  [http-nio-8080-exec-6] c.s.s.faculty.FacultyServiceImpl : 学院 视觉、语音和信号处理中心 有 1 个专业
2026-01-12 17:48:03.229 INFO  [http-nio-8080-exec-6] c.s.s.faculty.FacultyServiceImpl : 开始获取学院 计算机科学系 (ID: 1045) 的专业列表
2026-01-12 17:48:03.230 INFO  [http-nio-8080-exec-6] c.s.s.faculty.FacultyServiceImpl : 学院 计算机科学系 有 4 个专业
2026-01-12 17:48:03.230 INFO  [http-nio-8080-exec-6] c.s.s.faculty.FacultyServiceImpl : 开始获取学院 音乐与传媒系 (ID: 1046) 的专业列表
2026-01-12 17:48:03.230 INFO  [http-nio-8080-exec-6] c.s.s.faculty.FacultyServiceImpl : 学院 音乐与传媒系 有 2 个专业
2026-01-12 17:48:03.230 INFO  [http-nio-8080-exec-6] c.s.s.faculty.FacultyServiceImpl : 开始获取学院 酒店和旅游管理学院 (ID: 1113) 的专业列表
2026-01-12 17:48:03.231 INFO  [http-nio-8080-exec-6] c.s.s.faculty.FacultyServiceImpl : 学院 酒店和旅游管理学院 有 5 个专业
2026-01-12 17:48:03.231 INFO  [http-nio-8080-exec-6] c.s.s.faculty.FacultyServiceImpl : 开始获取院校ID为 65 的学院列表
2026-01-12 17:48:03.233 INFO  [http-nio-8080-exec-6] c.s.s.faculty.FacultyServiceImpl : 找到 11 个学院
2026-01-12 17:48:03.233 INFO  [http-nio-8080-exec-6] c.s.s.faculty.FacultyServiceImpl : 开始获取学院 医学、医学科学和营养学院 (ID: 682) 的专业列表
2026-01-12 17:48:03.234 INFO  [http-nio-8080-exec-6] c.s.s.faculty.FacultyServiceImpl : 学院 医学、医学科学和营养学院 有 18 个专业
2026-01-12 17:48:03.234 INFO  [http-nio-8080-exec-6] c.s.s.faculty.FacultyServiceImpl : 开始获取学院 商学院 (ID: 683) 的专业列表
2026-01-12 17:48:03.236 INFO  [http-nio-8080-exec-6] c.s.s.faculty.FacultyServiceImpl : 学院 商学院 有 17 个专业
2026-01-12 17:48:03.236 INFO  [http-nio-8080-exec-6] c.s.s.faculty.FacultyServiceImpl : 开始获取学院 地理科学学院 (ID: 684) 的专业列表
2026-01-12 17:48:03.238 INFO  [http-nio-8080-exec-6] c.s.s.faculty.FacultyServiceImpl : 学院 地理科学学院 有 15 个专业
2026-01-12 17:48:03.238 INFO  [http-nio-8080-exec-6] c.s.s.faculty.FacultyServiceImpl : 开始获取学院 工程学院 (ID: 685) 的专业列表
2026-01-12 17:48:03.240 INFO  [http-nio-8080-exec-6] c.s.s.faculty.FacultyServiceImpl : 学院 工程学院 有 19 个专业
2026-01-12 17:48:03.240 INFO  [http-nio-8080-exec-6] c.s.s.faculty.FacultyServiceImpl : 开始获取学院 心理学院 (ID: 686) 的专业列表
2026-01-12 17:48:03.242 INFO  [http-nio-8080-exec-6] c.s.s.faculty.FacultyServiceImpl : 学院 心理学院 有 22 个专业
2026-01-12 17:48:03.242 INFO  [http-nio-8080-exec-6] c.s.s.faculty.FacultyServiceImpl : 开始获取学院 法学院 (ID: 687) 的专业列表
2026-01-12 17:48:03.243 INFO  [http-nio-8080-exec-6] c.s.s.faculty.FacultyServiceImpl : 学院 法学院 有 2 个专业
2026-01-12 17:48:03.243 INFO  [http-nio-8080-exec-6] c.s.s.faculty.FacultyServiceImpl : 开始获取学院 生物科学学院 (ID: 688) 的专业列表
2026-01-12 17:48:03.245 INFO  [http-nio-8080-exec-6] c.s.s.faculty.FacultyServiceImpl : 学院 生物科学学院 有 20 个专业
2026-01-12 17:48:03.245 INFO  [http-nio-8080-exec-6] c.s.s.faculty.FacultyServiceImpl : 开始获取学院 社会科学学院 (ID: 689) 的专业列表
2026-01-12 17:48:03.246 INFO  [http-nio-8080-exec-6] c.s.s.faculty.FacultyServiceImpl : 学院 社会科学学院 有 5 个专业
2026-01-12 17:48:03.246 INFO  [http-nio-8080-exec-6] c.s.s.faculty.FacultyServiceImpl : 开始获取学院 神学、历史、哲学和艺术史学院 (ID: 690) 的专业列表
2026-01-12 17:48:03.247 INFO  [http-nio-8080-exec-6] c.s.s.faculty.FacultyServiceImpl : 学院 神学、历史、哲学和艺术史学院 有 9 个专业
2026-01-12 17:48:03.247 INFO  [http-nio-8080-exec-6] c.s.s.faculty.FacultyServiceImpl : 开始获取学院 自然与计算科学学院 (ID: 691) 的专业列表
2026-01-12 17:48:03.249 INFO  [http-nio-8080-exec-6] c.s.s.faculty.FacultyServiceImpl : 学院 自然与计算科学学院 有 13 个专业
2026-01-12 17:48:03.249 INFO  [http-nio-8080-exec-6] c.s.s.faculty.FacultyServiceImpl : 开始获取学院 语言、文学、音乐和视觉文化学院 (ID: 692) 的专业列表
2026-01-12 17:48:03.250 INFO  [http-nio-8080-exec-6] c.s.s.faculty.FacultyServiceImpl : 学院 语言、文学、音乐和视觉文化学院 有 0 个专业
2026-01-12 17:48:03.250 INFO  [http-nio-8080-exec-6] c.s.s.faculty.FacultyServiceImpl : 开始获取院校ID为 36 的学院列表
2026-01-12 17:48:03.251 INFO  [http-nio-8080-exec-6] c.s.s.faculty.FacultyServiceImpl : 找到 10 个学院
2026-01-12 17:48:03.251 INFO  [http-nio-8080-exec-6] c.s.s.faculty.FacultyServiceImpl : 开始获取学院 全球研究学院 (ID: 959) 的专业列表
2026-01-12 17:48:03.252 INFO  [http-nio-8080-exec-6] c.s.s.faculty.FacultyServiceImpl : 学院 全球研究学院 有 0 个专业
2026-01-12 17:48:03.252 INFO  [http-nio-8080-exec-6] c.s.s.faculty.FacultyServiceImpl : 开始获取学院 商学院 (ID: 960) 的专业列表
2026-01-12 17:48:03.253 INFO  [http-nio-8080-exec-6] c.s.s.faculty.FacultyServiceImpl : 学院 商学院 有 0 个专业
2026-01-12 17:48:03.253 INFO  [http-nio-8080-exec-6] c.s.s.faculty.FacultyServiceImpl : 开始获取学院 媒体、艺术与人文学院 (ID: 961) 的专业列表
2026-01-12 17:48:03.253 INFO  [http-nio-8080-exec-6] c.s.s.faculty.FacultyServiceImpl : 学院 媒体、艺术与人文学院 有 0 个专业
2026-01-12 17:48:03.253 INFO  [http-nio-8080-exec-6] c.s.s.faculty.FacultyServiceImpl : 开始获取学院 工程与信息学学院 (ID: 962) 的专业列表
2026-01-12 17:48:03.253 INFO  [http-nio-8080-exec-6] c.s.s.faculty.FacultyServiceImpl : 学院 工程与信息学学院 有 0 个专业
2026-01-12 17:48:03.253 INFO  [http-nio-8080-exec-6] c.s.s.faculty.FacultyServiceImpl : 开始获取学院 布莱顿和苏塞克斯医学院 (ID: 963) 的专业列表
2026-01-12 17:48:03.254 INFO  [http-nio-8080-exec-6] c.s.s.faculty.FacultyServiceImpl : 学院 布莱顿和苏塞克斯医学院 有 0 个专业
2026-01-12 17:48:03.254 INFO  [http-nio-8080-exec-6] c.s.s.faculty.FacultyServiceImpl : 开始获取学院 心理学院 (ID: 964) 的专业列表
2026-01-12 17:48:03.254 INFO  [http-nio-8080-exec-6] c.s.s.faculty.FacultyServiceImpl : 学院 心理学院 有 0 个专业
2026-01-12 17:48:03.254 INFO  [http-nio-8080-exec-6] c.s.s.faculty.FacultyServiceImpl : 开始获取学院 教育与社会工作学院 (ID: 965) 的专业列表
2026-01-12 17:48:03.254 INFO  [http-nio-8080-exec-6] c.s.s.faculty.FacultyServiceImpl : 学院 教育与社会工作学院 有 0 个专业
2026-01-12 17:48:03.255 INFO  [http-nio-8080-exec-6] c.s.s.faculty.FacultyServiceImpl : 开始获取学院 数学与物理科学学院 (ID: 966) 的专业列表
2026-01-12 17:48:03.255 INFO  [http-nio-8080-exec-6] c.s.s.faculty.FacultyServiceImpl : 学院 数学与物理科学学院 有 0 个专业
2026-01-12 17:48:03.255 INFO  [http-nio-8080-exec-6] c.s.s.faculty.FacultyServiceImpl : 开始获取学院 法律、政治与社会学学院 (ID: 967) 的专业列表
2026-01-12 17:48:03.255 INFO  [http-nio-8080-exec-6] c.s.s.faculty.FacultyServiceImpl : 学院 法律、政治与社会学学院 有 0 个专业
2026-01-12 17:48:03.256 INFO  [http-nio-8080-exec-6] c.s.s.faculty.FacultyServiceImpl : 开始获取学院 生命科学学院 (ID: 968) 的专业列表
2026-01-12 17:48:03.256 INFO  [http-nio-8080-exec-6] c.s.s.faculty.FacultyServiceImpl : 学院 生命科学学院 有 0 个专业
2026-01-12 17:48:03.256 INFO  [http-nio-8080-exec-6] c.s.s.faculty.FacultyServiceImpl : 开始获取院校ID为 64 的学院列表
2026-01-12 17:48:03.257 INFO  [http-nio-8080-exec-6] c.s.s.faculty.FacultyServiceImpl : 找到 6 个学院
2026-01-12 17:48:03.257 INFO  [http-nio-8080-exec-6] c.s.s.faculty.FacultyServiceImpl : 开始获取学院 商学院 (ID: 362) 的专业列表
2026-01-12 17:48:03.260 INFO  [http-nio-8080-exec-6] c.s.s.faculty.FacultyServiceImpl : 学院 商学院 有 22 个专业
2026-01-12 17:48:03.260 INFO  [http-nio-8080-exec-6] c.s.s.faculty.FacultyServiceImpl : 开始获取学院 工程和物理科学学院 (ID: 363) 的专业列表
2026-01-12 17:48:03.261 INFO  [http-nio-8080-exec-6] c.s.s.faculty.FacultyServiceImpl : 学院 工程和物理科学学院 有 12 个专业
2026-01-12 17:48:03.261 INFO  [http-nio-8080-exec-6] c.s.s.faculty.FacultyServiceImpl : 开始获取学院 能源、地球科学、基础设施与社会学院 (ID: 364) 的专业列表
2026-01-12 17:48:03.264 INFO  [http-nio-8080-exec-6] c.s.s.faculty.FacultyServiceImpl : 学院 能源、地球科学、基础设施与社会学院 有 23 个专业
2026-01-12 17:48:03.264 INFO  [http-nio-8080-exec-6] c.s.s.faculty.FacultyServiceImpl : 开始获取学院 数学与计算机科学学院 (ID: 365) 的专业列表
2026-01-12 17:48:03.266 INFO  [http-nio-8080-exec-6] c.s.s.faculty.FacultyServiceImpl : 学院 数学与计算机科学学院 有 22 个专业
2026-01-12 17:48:03.266 INFO  [http-nio-8080-exec-6] c.s.s.faculty.FacultyServiceImpl : 开始获取学院 社会科学学院 (ID: 366) 的专业列表
2026-01-12 17:48:03.267 INFO  [http-nio-8080-exec-6] c.s.s.faculty.FacultyServiceImpl : 学院 社会科学学院 有 12 个专业
2026-01-12 17:48:03.267 INFO  [http-nio-8080-exec-6] c.s.s.faculty.FacultyServiceImpl : 开始获取学院 纺织与设计学院 (ID: 367) 的专业列表
2026-01-12 17:48:03.268 INFO  [http-nio-8080-exec-6] c.s.s.faculty.FacultyServiceImpl : 学院 纺织与设计学院 有 6 个专业
2026-01-12 17:48:03.268 INFO  [http-nio-8080-exec-6] c.s.s.faculty.FacultyServiceImpl : 开始获取院校ID为 62 的学院列表
2026-01-12 17:48:03.270 INFO  [http-nio-8080-exec-6] c.s.s.faculty.FacultyServiceImpl : 找到 11 个学院
2026-01-12 17:48:03.270 INFO  [http-nio-8080-exec-6] c.s.s.faculty.FacultyServiceImpl : 开始获取学院 健康与社会护理学院 (ID: 655) 的专业列表
2026-01-12 17:48:03.271 INFO  [http-nio-8080-exec-6] c.s.s.faculty.FacultyServiceImpl : 学院 健康与社会护理学院 有 3 个专业
2026-01-12 17:48:03.271 INFO  [http-nio-8080-exec-6] c.s.s.faculty.FacultyServiceImpl : 开始获取学院 医学院 (ID: 656) 的专业列表
2026-01-12 17:48:03.272 INFO  [http-nio-8080-exec-6] c.s.s.faculty.FacultyServiceImpl : 学院 医学院 有 11 个专业
2026-01-12 17:48:03.272 INFO  [http-nio-8080-exec-6] c.s.s.faculty.FacultyServiceImpl : 开始获取学院 工程与应用科学学院 (ID: 657) 的专业列表
2026-01-12 17:48:03.273 INFO  [http-nio-8080-exec-6] c.s.s.faculty.FacultyServiceImpl : 学院 工程与应用科学学院 有 7 个专业
2026-01-12 17:48:03.273 INFO  [http-nio-8080-exec-6] c.s.s.faculty.FacultyServiceImpl : 开始获取学院 心理学学院 (ID: 658) 的专业列表
2026-01-12 17:48:03.274 INFO  [http-nio-8080-exec-6] c.s.s.faculty.FacultyServiceImpl : 学院 心理学学院 有 4 个专业
2026-01-12 17:48:03.274 INFO  [http-nio-8080-exec-6] c.s.s.faculty.FacultyServiceImpl : 开始获取学院 数学与计算机科学学院 (ID: 659) 的专业列表
2026-01-12 17:48:03.276 INFO  [http-nio-8080-exec-6] c.s.s.faculty.FacultyServiceImpl : 学院 数学与计算机科学学院 有 10 个专业
2026-01-12 17:48:03.276 INFO  [http-nio-8080-exec-6] c.s.s.faculty.FacultyServiceImpl : 开始获取学院 文化与传播学院 (ID: 660) 的专业列表
2026-01-12 17:48:03.278 INFO  [http-nio-8080-exec-6] c.s.s.faculty.FacultyServiceImpl : 学院 文化与传播学院 有 19 个专业
2026-01-12 17:48:03.278 INFO  [http-nio-8080-exec-6] c.s.s.faculty.FacultyServiceImpl : 开始获取学院 法学院 (ID: 661) 的专业列表
2026-01-12 17:48:03.279 INFO  [http-nio-8080-exec-6] c.s.s.faculty.FacultyServiceImpl : 学院 法学院 有 11 个专业
2026-01-12 17:48:03.279 INFO  [http-nio-8080-exec-6] c.s.s.faculty.FacultyServiceImpl : 开始获取学院 生物科学、地理和物理学院 (ID: 662) 的专业列表
2026-01-12 17:48:03.280 INFO  [http-nio-8080-exec-6] c.s.s.faculty.FacultyServiceImpl : 学院 生物科学、地理和物理学院 有 5 个专业
2026-01-12 17:48:03.280 INFO  [http-nio-8080-exec-6] c.s.s.faculty.FacultyServiceImpl : 开始获取学院 社会科学学院 (ID: 663) 的专业列表
2026-01-12 17:48:03.282 INFO  [http-nio-8080-exec-6] c.s.s.faculty.FacultyServiceImpl : 学院 社会科学学院 有 16 个专业
2026-01-12 17:48:03.282 INFO  [http-nio-8080-exec-6] c.s.s.faculty.FacultyServiceImpl : 开始获取学院 管理学院 (ID: 664) 的专业列表
2026-01-12 17:48:03.284 INFO  [http-nio-8080-exec-6] c.s.s.faculty.FacultyServiceImpl : 学院 管理学院 有 25 个专业
2026-01-12 17:48:03.284 INFO  [http-nio-8080-exec-6] c.s.s.faculty.FacultyServiceImpl : 开始获取学院 航空航天、土木、电气与机械工程学院 (ID: 665) 的专业列表
2026-01-12 17:48:03.285 INFO  [http-nio-8080-exec-6] c.s.s.faculty.FacultyServiceImpl : 学院 航空航天、土木、电气与机械工程学院 有 19 个专业
2026-01-12 17:48:03.285 INFO  [http-nio-8080-exec-6] c.s.s.faculty.FacultyServiceImpl : 开始获取院校ID为 60 的学院列表
2026-01-12 17:48:03.288 INFO  [http-nio-8080-exec-6] c.s.s.faculty.FacultyServiceImpl : 找到 22 个学院
2026-01-12 17:48:03.288 INFO  [http-nio-8080-exec-6] c.s.s.faculty.FacultyServiceImpl : 开始获取学院 人口健康科学学院 (ID: 268) 的专业列表
2026-01-12 17:48:03.288 INFO  [http-nio-8080-exec-6] c.s.s.faculty.FacultyServiceImpl : 学院 人口健康科学学院 有 1 个专业
2026-01-12 17:48:03.288 INFO  [http-nio-8080-exec-6] c.s.s.faculty.FacultyServiceImpl : 开始获取学院 健康科学系 (ID: 269) 的专业列表
2026-01-12 17:48:03.289 INFO  [http-nio-8080-exec-6] c.s.s.faculty.FacultyServiceImpl : 学院 健康科学系 有 2 个专业
2026-01-12 17:48:03.289 INFO  [http-nio-8080-exec-6] c.s.s.faculty.FacultyServiceImpl : 开始获取学院 医学院 (ID: 270) 的专业列表
2026-01-12 17:48:03.289 INFO  [http-nio-8080-exec-6] c.s.s.faculty.FacultyServiceImpl : 学院 医学院 有 1 个专业
2026-01-12 17:48:03.289 INFO  [http-nio-8080-exec-6] c.s.s.faculty.FacultyServiceImpl : 开始获取学院 博物馆研究学院 (ID: 271) 的专业列表
2026-01-12 17:48:03.290 INFO  [http-nio-8080-exec-6] c.s.s.faculty.FacultyServiceImpl : 学院 博物馆研究学院 有 1 个专业
2026-01-12 17:48:03.290 INFO  [http-nio-8080-exec-6] c.s.s.faculty.FacultyServiceImpl : 开始获取学院 历史学院 (ID: 272) 的专业列表
2026-01-12 17:48:03.291 INFO  [http-nio-8080-exec-6] c.s.s.faculty.FacultyServiceImpl : 学院 历史学院 有 5 个专业
2026-01-12 17:48:03.291 INFO  [http-nio-8080-exec-6] c.s.s.faculty.FacultyServiceImpl : 开始获取学院 商学院 (ID: 273) 的专业列表
2026-01-12 17:48:03.291 INFO  [http-nio-8080-exec-6] c.s.s.faculty.FacultyServiceImpl : 学院 商学院 有 8 个专业
2026-01-12 17:48:03.291 INFO  [http-nio-8080-exec-6] c.s.s.faculty.FacultyServiceImpl : 开始获取学院 地理学院 (ID: 274) 的专业列表
2026-01-12 17:48:03.292 INFO  [http-nio-8080-exec-6] c.s.s.faculty.FacultyServiceImpl : 学院 地理学院 有 4 个专业
2026-01-12 17:48:03.292 INFO  [http-nio-8080-exec-6] c.s.s.faculty.FacultyServiceImpl : 开始获取学院 媒体和传播学院 (ID: 275) 的专业列表
2026-01-12 17:48:03.293 INFO  [http-nio-8080-exec-6] c.s.s.faculty.FacultyServiceImpl : 学院 媒体和传播学院 有 6 个专业
2026-01-12 17:48:03.293 INFO  [http-nio-8080-exec-6] c.s.s.faculty.FacultyServiceImpl : 开始获取学院 工程学院 (ID: 276) 的专业列表
2026-01-12 17:48:03.294 INFO  [http-nio-8080-exec-6] c.s.s.faculty.FacultyServiceImpl : 学院 工程学院 有 16 个专业
2026-01-12 17:48:03.294 INFO  [http-nio-8080-exec-6] c.s.s.faculty.FacultyServiceImpl : 开始获取学院 心理学和视觉科学学院 (ID: 277) 的专业列表
2026-01-12 17:48:03.295 INFO  [http-nio-8080-exec-6] c.s.s.faculty.FacultyServiceImpl : 学院 心理学和视觉科学学院 有 1 个专业
2026-01-12 17:48:03.295 INFO  [http-nio-8080-exec-6] c.s.s.faculty.FacultyServiceImpl : 开始获取学院 政治和国际关系学院 (ID: 278) 的专业列表
2026-01-12 17:48:03.295 INFO  [http-nio-8080-exec-6] c.s.s.faculty.FacultyServiceImpl : 学院 政治和国际关系学院 有 3 个专业
2026-01-12 17:48:03.295 INFO  [http-nio-8080-exec-6] c.s.s.faculty.FacultyServiceImpl : 开始获取学院 教育学院 (ID: 279) 的专业列表
2026-01-12 17:48:03.296 INFO  [http-nio-8080-exec-6] c.s.s.faculty.FacultyServiceImpl : 学院 教育学院 有 1 个专业
2026-01-12 17:48:03.296 INFO  [http-nio-8080-exec-6] c.s.s.faculty.FacultyServiceImpl : 开始获取学院 数学科学学院 (ID: 280) 的专业列表
2026-01-12 17:48:03.296 INFO  [http-nio-8080-exec-6] c.s.s.faculty.FacultyServiceImpl : 学院 数学科学学院 有 1 个专业
2026-01-12 17:48:03.296 INFO  [http-nio-8080-exec-6] c.s.s.faculty.FacultyServiceImpl : 开始获取学院 法学院 (ID: 281) 的专业列表
2026-01-12 17:48:03.297 INFO  [http-nio-8080-exec-6] c.s.s.faculty.FacultyServiceImpl : 学院 法学院 有 7 个专业
2026-01-12 17:48:03.297 INFO  [http-nio-8080-exec-6] c.s.s.faculty.FacultyServiceImpl : 开始获取学院 物理和天文学学院 (ID: 282) 的专业列表
2026-01-12 17:48:03.298 INFO  [http-nio-8080-exec-6] c.s.s.faculty.FacultyServiceImpl : 学院 物理和天文学学院 有 1 个专业
2026-01-12 17:48:03.298 INFO  [http-nio-8080-exec-6] c.s.s.faculty.FacultyServiceImpl : 开始获取学院 犯罪学学院 (ID: 283) 的专业列表
2026-01-12 17:48:03.298 INFO  [http-nio-8080-exec-6] c.s.s.faculty.FacultyServiceImpl : 学院 犯罪学学院 有 2 个专业
2026-01-12 17:48:03.299 INFO  [http-nio-8080-exec-6] c.s.s.faculty.FacultyServiceImpl : 开始获取学院 现代语言学院 (ID: 284) 的专业列表
2026-01-12 17:48:03.300 INFO  [http-nio-8080-exec-6] c.s.s.faculty.FacultyServiceImpl : 学院 现代语言学院 有 2 个专业
2026-01-12 17:48:03.300 INFO  [http-nio-8080-exec-6] c.s.s.faculty.FacultyServiceImpl : 开始获取学院 生物科学学院 (ID: 285) 的专业列表
2026-01-12 17:48:03.301 INFO  [http-nio-8080-exec-6] c.s.s.faculty.FacultyServiceImpl : 学院 生物科学学院 有 7 个专业
2026-01-12 17:48:03.301 INFO  [http-nio-8080-exec-6] c.s.s.faculty.FacultyServiceImpl : 开始获取学院 管理学院 (ID: 286) 的专业列表
2026-01-12 17:48:03.301 INFO  [http-nio-8080-exec-6] c.s.s.faculty.FacultyServiceImpl : 学院 管理学院 有 1 个专业
2026-01-12 17:48:03.301 INFO  [http-nio-8080-exec-6] c.s.s.faculty.FacultyServiceImpl : 开始获取学院 英语学院 (ID: 287) 的专业列表
2026-01-12 17:48:03.302 INFO  [http-nio-8080-exec-6] c.s.s.faculty.FacultyServiceImpl : 学院 英语学院 有 2 个专业
2026-01-12 17:48:03.302 INFO  [http-nio-8080-exec-6] c.s.s.faculty.FacultyServiceImpl : 开始获取学院 计算和数学科学学院 (ID: 288) 的专业列表
2026-01-12 17:48:03.303 INFO  [http-nio-8080-exec-6] c.s.s.faculty.FacultyServiceImpl : 学院 计算和数学科学学院 有 8 个专业
2026-01-12 17:48:03.303 INFO  [http-nio-8080-exec-6] c.s.s.faculty.FacultyServiceImpl : 开始获取学院 计算机学院 (ID: 289) 的专业列表
2026-01-12 17:48:03.304 INFO  [http-nio-8080-exec-6] c.s.s.faculty.FacultyServiceImpl : 学院 计算机学院 有 6 个专业
2026-01-12 17:48:03.304 INFO  [http-nio-8080-exec-6] c.s.s.faculty.FacultyServiceImpl : 开始获取院校ID为 77 的学院列表
2026-01-12 17:48:03.308 INFO  [http-nio-8080-exec-6] c.s.s.faculty.FacultyServiceImpl : 找到 19 个学院
2026-01-12 17:48:03.308 INFO  [http-nio-8080-exec-6] c.s.s.faculty.FacultyServiceImpl : 开始获取学院 体育、教育与健康学院 (ID: 513) 的专业列表
2026-01-12 17:48:03.309 INFO  [http-nio-8080-exec-6] c.s.s.faculty.FacultyServiceImpl : 学院 体育、教育与健康学院 有 5 个专业
2026-01-12 17:48:03.309 INFO  [http-nio-8080-exec-6] c.s.s.faculty.FacultyServiceImpl : 开始获取学院 数学、计算机科学与工程学院 (ID: 514) 的专业列表
2026-01-12 17:48:03.309 INFO  [http-nio-8080-exec-6] c.s.s.faculty.FacultyServiceImpl : 学院 数学、计算机科学与工程学院 有 0 个专业
2026-01-12 17:48:03.309 INFO  [http-nio-8080-exec-6] c.s.s.faculty.FacultyServiceImpl : 开始获取学院 建筑学院 (ID: 515) 的专业列表
2026-01-12 17:48:03.310 INFO  [http-nio-8080-exec-6] c.s.s.faculty.FacultyServiceImpl : 学院 建筑学院 有 6 个专业
2026-01-12 17:48:03.310 INFO  [http-nio-8080-exec-6] c.s.s.faculty.FacultyServiceImpl : 开始获取学院 建筑环境学院 (ID: 516) 的专业列表
2026-01-12 17:48:03.314 INFO  [http-nio-8080-exec-6] c.s.s.faculty.FacultyServiceImpl : 学院 建筑环境学院 有 12 个专业
2026-01-12 17:48:03.314 INFO  [http-nio-8080-exec-6] c.s.s.faculty.FacultyServiceImpl : 开始获取学院 心理学、社会工作与公共卫生学院 (ID: 517) 的专业列表
2026-01-12 17:48:03.317 INFO  [http-nio-8080-exec-6] c.s.s.faculty.FacultyServiceImpl : 学院 心理学、社会工作与公共卫生学院 有 3 个专业
2026-01-12 17:48:03.317 INFO  [http-nio-8080-exec-6] c.s.s.faculty.FacultyServiceImpl : 开始获取学院 人文与社会科学学院 (ID: 518) 的专业列表
2026-01-12 17:48:03.318 INFO  [http-nio-8080-exec-6] c.s.s.faculty.FacultyServiceImpl : 学院 人文与社会科学学院 有 0 个专业
2026-01-12 17:48:03.318 INFO  [http-nio-8080-exec-6] c.s.s.faculty.FacultyServiceImpl : 开始获取学院 商学院 (ID: 519) 的专业列表
2026-01-12 17:48:03.321 INFO  [http-nio-8080-exec-6] c.s.s.faculty.FacultyServiceImpl : 学院 商学院 有 13 个专业
2026-01-12 17:48:03.321 INFO  [http-nio-8080-exec-6] c.s.s.faculty.FacultyServiceImpl : 开始获取学院 生物与医学科学学院 (ID: 520) 的专业列表
2026-01-12 17:48:03.325 INFO  [http-nio-8080-exec-6] c.s.s.faculty.FacultyServiceImpl : 学院 生物与医学科学学院 有 2 个专业
2026-01-12 17:48:03.325 INFO  [http-nio-8080-exec-6] c.s.s.faculty.FacultyServiceImpl : 开始获取学院 法律与社会科学学院 (ID: 521) 的专业列表
2026-01-12 17:48:03.326 INFO  [http-nio-8080-exec-6] c.s.s.faculty.FacultyServiceImpl : 学院 法律与社会科学学院 有 1 个专业
2026-01-12 17:48:03.326 INFO  [http-nio-8080-exec-6] c.s.s.faculty.FacultyServiceImpl : 开始获取学院 应用科学学院 (ID: 522) 的专业列表
2026-01-12 17:48:03.327 INFO  [http-nio-8080-exec-6] c.s.s.faculty.FacultyServiceImpl : 学院 应用科学学院 有 0 个专业
2026-01-12 17:48:03.327 INFO  [http-nio-8080-exec-6] c.s.s.faculty.FacultyServiceImpl : 开始获取学院 艺术学院 (ID: 523) 的专业列表
2026-01-12 17:48:03.328 INFO  [http-nio-8080-exec-6] c.s.s.faculty.FacultyServiceImpl : 学院 艺术学院 有 5 个专业
2026-01-12 17:48:03.328 INFO  [http-nio-8080-exec-6] c.s.s.faculty.FacultyServiceImpl : 开始获取学院 工程、计算机和数学学院 (ID: 1114) 的专业列表
2026-01-12 17:48:03.330 INFO  [http-nio-8080-exec-6] c.s.s.faculty.FacultyServiceImpl : 学院 工程、计算机和数学学院 有 10 个专业
2026-01-12 17:48:03.330 INFO  [http-nio-8080-exec-6] c.s.s.faculty.FacultyServiceImpl : 开始获取学院 心理学，健康与专业发展系 (ID: 1115) 的专业列表
2026-01-12 17:48:03.330 INFO  [http-nio-8080-exec-6] c.s.s.faculty.FacultyServiceImpl : 学院 心理学，健康与专业发展系 有 2 个专业
2026-01-12 17:48:03.330 INFO  [http-nio-8080-exec-6] c.s.s.faculty.FacultyServiceImpl : 开始获取学院 护理和助产士学院 (ID: 1116) 的专业列表
2026-01-12 17:48:03.331 INFO  [http-nio-8080-exec-6] c.s.s.faculty.FacultyServiceImpl : 学院 护理和助产士学院 有 2 个专业
2026-01-12 17:48:03.331 INFO  [http-nio-8080-exec-6] c.s.s.faculty.FacultyServiceImpl : 开始获取学院 教育、人文和语言学院 (ID: 1117) 的专业列表
2026-01-12 17:48:03.331 INFO  [http-nio-8080-exec-6] c.s.s.faculty.FacultyServiceImpl : 学院 教育、人文和语言学院 有 2 个专业
2026-01-12 17:48:03.331 INFO  [http-nio-8080-exec-6] c.s.s.faculty.FacultyServiceImpl : 开始获取学院 法学院 (ID: 1118) 的专业列表
2026-01-12 17:48:03.332 INFO  [http-nio-8080-exec-6] c.s.s.faculty.FacultyServiceImpl : 学院 法学院 有 1 个专业
2026-01-12 17:48:03.332 INFO  [http-nio-8080-exec-6] c.s.s.faculty.FacultyServiceImpl : 开始获取学院 社会科学学院 (ID: 1119) 的专业列表
2026-01-12 17:48:03.333 INFO  [http-nio-8080-exec-6] c.s.s.faculty.FacultyServiceImpl : 学院 社会科学学院 有 1 个专业
2026-01-12 17:48:03.333 INFO  [http-nio-8080-exec-6] c.s.s.faculty.FacultyServiceImpl : 开始获取学院 英语和现代语言系 (ID: 1120) 的专业列表
2026-01-12 17:48:03.333 INFO  [http-nio-8080-exec-6] c.s.s.faculty.FacultyServiceImpl : 学院 英语和现代语言系 有 1 个专业
2026-01-12 17:48:03.333 INFO  [http-nio-8080-exec-6] c.s.s.faculty.FacultyServiceImpl : 开始获取学院 酒店管理硕士 (ID: 1121) 的专业列表
2026-01-12 17:48:03.334 INFO  [http-nio-8080-exec-6] c.s.s.faculty.FacultyServiceImpl : 学院 酒店管理硕士 有 2 个专业
2026-01-12 17:48:03.334 INFO  [http-nio-8080-exec-6] c.s.s.faculty.FacultyServiceImpl : 开始获取院校ID为 39 的学院列表
2026-01-12 17:48:03.336 INFO  [http-nio-8080-exec-6] c.s.s.faculty.FacultyServiceImpl : 找到 5 个学院
2026-01-12 17:48:03.336 INFO  [http-nio-8080-exec-6] c.s.s.faculty.FacultyServiceImpl : 开始获取学院 医学与健康科学学院 (ID: 969) 的专业列表
2026-01-12 17:48:03.337 INFO  [http-nio-8080-exec-6] c.s.s.faculty.FacultyServiceImpl : 学院 医学与健康科学学院 有 0 个专业
2026-01-12 17:48:03.337 INFO  [http-nio-8080-exec-6] c.s.s.faculty.FacultyServiceImpl : 开始获取学院 商学院 (ID: 970) 的专业列表
2026-01-12 17:48:03.338 INFO  [http-nio-8080-exec-6] c.s.s.faculty.FacultyServiceImpl : 学院 商学院 有 0 个专业
2026-01-12 17:48:03.338 INFO  [http-nio-8080-exec-6] c.s.s.faculty.FacultyServiceImpl : 开始获取学院 理学院 (ID: 971) 的专业列表
2026-01-12 17:48:03.340 INFO  [http-nio-8080-exec-6] c.s.s.faculty.FacultyServiceImpl : 学院 理学院 有 0 个专业
2026-01-12 17:48:03.340 INFO  [http-nio-8080-exec-6] c.s.s.faculty.FacultyServiceImpl : 开始获取学院 社会科学学院 (ID: 972) 的专业列表
2026-01-12 17:48:03.341 INFO  [http-nio-8080-exec-6] c.s.s.faculty.FacultyServiceImpl : 学院 社会科学学院 有 0 个专业
2026-01-12 17:48:03.341 INFO  [http-nio-8080-exec-6] c.s.s.faculty.FacultyServiceImpl : 开始获取学院 艺术和人文学院 (ID: 973) 的专业列表
2026-01-12 17:48:03.341 INFO  [http-nio-8080-exec-6] c.s.s.faculty.FacultyServiceImpl : 学院 艺术和人文学院 有 0 个专业
2026-01-12 17:48:03.341 INFO  [http-nio-8080-exec-6] c.s.s.faculty.FacultyServiceImpl : 开始获取院校ID为 52 的学院列表
2026-01-12 17:48:03.343 INFO  [http-nio-8080-exec-6] c.s.s.faculty.FacultyServiceImpl : 找到 8 个学院
2026-01-12 17:48:03.343 INFO  [http-nio-8080-exec-6] c.s.s.faculty.FacultyServiceImpl : 开始获取学院 伯贝克商学院 (ID: 588) 的专业列表
2026-01-12 17:48:03.343 INFO  [http-nio-8080-exec-6] c.s.s.faculty.FacultyServiceImpl : 学院 伯贝克商学院 有 0 个专业
2026-01-12 17:48:03.343 INFO  [http-nio-8080-exec-6] c.s.s.faculty.FacultyServiceImpl : 开始获取学院 伯贝克法学院 (ID: 589) 的专业列表
2026-01-12 17:48:03.344 INFO  [http-nio-8080-exec-6] c.s.s.faculty.FacultyServiceImpl : 学院 伯贝克法学院 有 0 个专业
2026-01-12 17:48:03.344 INFO  [http-nio-8080-exec-6] c.s.s.faculty.FacultyServiceImpl : 开始获取学院 创意艺术、文化与传播学院 (ID: 590) 的专业列表
2026-01-12 17:48:03.345 INFO  [http-nio-8080-exec-6] c.s.s.faculty.FacultyServiceImpl : 学院 创意艺术、文化与传播学院 有 0 个专业
2026-01-12 17:48:03.345 INFO  [http-nio-8080-exec-6] c.s.s.faculty.FacultyServiceImpl : 开始获取学院 历史研究学院 (ID: 591) 的专业列表
2026-01-12 17:48:03.345 INFO  [http-nio-8080-exec-6] c.s.s.faculty.FacultyServiceImpl : 学院 历史研究学院 有 0 个专业
2026-01-12 17:48:03.345 INFO  [http-nio-8080-exec-6] c.s.s.faculty.FacultyServiceImpl : 开始获取学院 心理科学学院 (ID: 592) 的专业列表
2026-01-12 17:48:03.346 INFO  [http-nio-8080-exec-6] c.s.s.faculty.FacultyServiceImpl : 学院 心理科学学院 有 0 个专业
2026-01-12 17:48:03.346 INFO  [http-nio-8080-exec-6] c.s.s.faculty.FacultyServiceImpl : 开始获取学院 社会科学学院 (ID: 593) 的专业列表
2026-01-12 17:48:03.346 INFO  [http-nio-8080-exec-6] c.s.s.faculty.FacultyServiceImpl : 学院 社会科学学院 有 0 个专业
2026-01-12 17:48:03.346 INFO  [http-nio-8080-exec-6] c.s.s.faculty.FacultyServiceImpl : 开始获取学院 自然科学学院 (ID: 594) 的专业列表
2026-01-12 17:48:03.347 INFO  [http-nio-8080-exec-6] c.s.s.faculty.FacultyServiceImpl : 学院 自然科学学院 有 0 个专业
2026-01-12 17:48:03.347 INFO  [http-nio-8080-exec-6] c.s.s.faculty.FacultyServiceImpl : 开始获取学院 计算机与数学科学学院 (ID: 595) 的专业列表
2026-01-12 17:48:03.347 INFO  [http-nio-8080-exec-6] c.s.s.faculty.FacultyServiceImpl : 学院 计算机与数学科学学院 有 0 个专业
2026-01-12 17:48:03.347 INFO  [http-nio-8080-exec-6] c.s.s.faculty.FacultyServiceImpl : 开始获取院校ID为 68 的学院列表
2026-01-12 17:48:03.348 INFO  [http-nio-8080-exec-6] c.s.s.faculty.FacultyServiceImpl : 找到 4 个学院
2026-01-12 17:48:03.348 INFO  [http-nio-8080-exec-6] c.s.s.faculty.FacultyServiceImpl : 开始获取学院 健康与生命科学学院 (ID: 295) 的专业列表
2026-01-12 17:48:03.348 INFO  [http-nio-8080-exec-6] c.s.s.faculty.FacultyServiceImpl : 学院 健康与生命科学学院 有 0 个专业
2026-01-12 17:48:03.348 INFO  [http-nio-8080-exec-6] c.s.s.faculty.FacultyServiceImpl : 开始获取学院 商学院 (ID: 296) 的专业列表
2026-01-12 17:48:03.349 INFO  [http-nio-8080-exec-6] c.s.s.faculty.FacultyServiceImpl : 学院 商学院 有 0 个专业
2026-01-12 17:48:03.349 INFO  [http-nio-8080-exec-6] c.s.s.faculty.FacultyServiceImpl : 开始获取学院 生命与健康科学学院 (ID: 469) 的专业列表
2026-01-12 17:48:03.349 INFO  [http-nio-8080-exec-6] c.s.s.faculty.FacultyServiceImpl : 学院 生命与健康科学学院 有 0 个专业
2026-01-12 17:48:03.349 INFO  [http-nio-8080-exec-6] c.s.s.faculty.FacultyServiceImpl : 开始获取学院 语言与社会科学学院 (ID: 470) 的专业列表
2026-01-12 17:48:03.349 INFO  [http-nio-8080-exec-6] c.s.s.faculty.FacultyServiceImpl : 学院 语言与社会科学学院 有 0 个专业
2026-01-12 17:48:03.349 INFO  [http-nio-8080-exec-6] c.s.s.faculty.FacultyServiceImpl : 开始获取院校ID为 58 的学院列表
2026-01-12 17:48:03.351 INFO  [http-nio-8080-exec-6] c.s.s.faculty.FacultyServiceImpl : 找到 18 个学院
2026-01-12 17:48:03.351 INFO  [http-nio-8080-exec-6] c.s.s.faculty.FacultyServiceImpl : 开始获取学院 中世纪和早期现代研究中心 (ID: 244) 的专业列表
2026-01-12 17:48:03.352 INFO  [http-nio-8080-exec-6] c.s.s.faculty.FacultyServiceImpl : 学院 中世纪和早期现代研究中心 有 0 个专业
2026-01-12 17:48:03.352 INFO  [http-nio-8080-exec-6] c.s.s.faculty.FacultyServiceImpl : 开始获取学院 人文学院 (ID: 245) 的专业列表
2026-01-12 17:48:03.352 INFO  [http-nio-8080-exec-6] c.s.s.faculty.FacultyServiceImpl : 学院 人文学院 有 0 个专业
2026-01-12 17:48:03.352 INFO  [http-nio-8080-exec-6] c.s.s.faculty.FacultyServiceImpl : 开始获取学院 人类学和保护学院 (ID: 246) 的专业列表
2026-01-12 17:48:03.352 INFO  [http-nio-8080-exec-6] c.s.s.faculty.FacultyServiceImpl : 学院 人类学和保护学院 有 0 个专业
2026-01-12 17:48:03.352 INFO  [http-nio-8080-exec-6] c.s.s.faculty.FacultyServiceImpl : 开始获取学院 历史学院 (ID: 247) 的专业列表
2026-01-12 17:48:03.353 INFO  [http-nio-8080-exec-6] c.s.s.faculty.FacultyServiceImpl : 学院 历史学院 有 0 个专业
2026-01-12 17:48:03.353 INFO  [http-nio-8080-exec-6] c.s.s.faculty.FacultyServiceImpl : 开始获取学院 工程学院 (ID: 248) 的专业列表
2026-01-12 17:48:03.353 INFO  [http-nio-8080-exec-6] c.s.s.faculty.FacultyServiceImpl : 学院 工程学院 有 0 个专业
2026-01-12 17:48:03.353 INFO  [http-nio-8080-exec-6] c.s.s.faculty.FacultyServiceImpl : 开始获取学院 心理学学院 (ID: 249) 的专业列表
2026-01-12 17:48:03.353 INFO  [http-nio-8080-exec-6] c.s.s.faculty.FacultyServiceImpl : 学院 心理学学院 有 0 个专业
2026-01-12 17:48:03.353 INFO  [http-nio-8080-exec-6] c.s.s.faculty.FacultyServiceImpl : 开始获取学院 政治和国际关系学院 (ID: 250) 的专业列表
2026-01-12 17:48:03.354 INFO  [http-nio-8080-exec-6] c.s.s.faculty.FacultyServiceImpl : 学院 政治和国际关系学院 有 0 个专业
2026-01-12 17:48:03.354 INFO  [http-nio-8080-exec-6] c.s.s.faculty.FacultyServiceImpl : 开始获取学院 数学、统计和精算科学学院 (ID: 251) 的专业列表
2026-01-12 17:48:03.355 INFO  [http-nio-8080-exec-6] c.s.s.faculty.FacultyServiceImpl : 学院 数学、统计和精算科学学院 有 0 个专业
2026-01-12 17:48:03.355 INFO  [http-nio-8080-exec-6] c.s.s.faculty.FacultyServiceImpl : 开始获取学院 物理科学学院 (ID: 252) 的专业列表
2026-01-12 17:48:03.355 INFO  [http-nio-8080-exec-6] c.s.s.faculty.FacultyServiceImpl : 学院 物理科学学院 有 0 个专业
2026-01-12 17:48:03.355 INFO  [http-nio-8080-exec-6] c.s.s.faculty.FacultyServiceImpl : 开始获取学院 生物科学学院 (ID: 253) 的专业列表
2026-01-12 17:48:03.356 INFO  [http-nio-8080-exec-6] c.s.s.faculty.FacultyServiceImpl : 学院 生物科学学院 有 0 个专业
2026-01-12 17:48:03.356 INFO  [http-nio-8080-exec-6] c.s.s.faculty.FacultyServiceImpl : 开始获取学院 社会政策、社会学和社会研究学院 (ID: 254) 的专业列表
2026-01-12 17:48:03.357 INFO  [http-nio-8080-exec-6] c.s.s.faculty.FacultyServiceImpl : 学院 社会政策、社会学和社会研究学院 有 0 个专业
2026-01-12 17:48:03.357 INFO  [http-nio-8080-exec-6] c.s.s.faculty.FacultyServiceImpl : 开始获取学院 经济学院 (ID: 255) 的专业列表
2026-01-12 17:48:03.357 INFO  [http-nio-8080-exec-6] c.s.s.faculty.FacultyServiceImpl : 学院 经济学院 有 0 个专业
2026-01-12 17:48:03.357 INFO  [http-nio-8080-exec-6] c.s.s.faculty.FacultyServiceImpl : 开始获取学院 肯特商学院 (ID: 256) 的专业列表
2026-01-12 17:48:03.357 INFO  [http-nio-8080-exec-6] c.s.s.faculty.FacultyServiceImpl : 学院 肯特商学院 有 0 个专业
2026-01-12 17:48:03.357 INFO  [http-nio-8080-exec-6] c.s.s.faculty.FacultyServiceImpl : 开始获取学院 肯特大学法学院 (ID: 257) 的专业列表
2026-01-12 17:48:03.358 INFO  [http-nio-8080-exec-6] c.s.s.faculty.FacultyServiceImpl : 学院 肯特大学法学院 有 0 个专业
2026-01-12 17:48:03.358 INFO  [http-nio-8080-exec-6] c.s.s.faculty.FacultyServiceImpl : 开始获取学院 肯特建筑与规划学院 (ID: 258) 的专业列表
2026-01-12 17:48:03.358 INFO  [http-nio-8080-exec-6] c.s.s.faculty.FacultyServiceImpl : 学院 肯特建筑与规划学院 有 0 个专业
2026-01-12 17:48:03.358 INFO  [http-nio-8080-exec-6] c.s.s.faculty.FacultyServiceImpl : 开始获取学院 英语学院 (ID: 259) 的专业列表
2026-01-12 17:48:03.358 INFO  [http-nio-8080-exec-6] c.s.s.faculty.FacultyServiceImpl : 学院 英语学院 有 0 个专业
2026-01-12 17:48:03.358 INFO  [http-nio-8080-exec-6] c.s.s.faculty.FacultyServiceImpl : 开始获取学院 蒂泽中心 (ID: 260) 的专业列表
2026-01-12 17:48:03.359 INFO  [http-nio-8080-exec-6] c.s.s.faculty.FacultyServiceImpl : 学院 蒂泽中心 有 0 个专业
2026-01-12 17:48:03.359 INFO  [http-nio-8080-exec-6] c.s.s.faculty.FacultyServiceImpl : 开始获取学院 计算机学院 (ID: 261) 的专业列表
2026-01-12 17:48:03.359 INFO  [http-nio-8080-exec-6] c.s.s.faculty.FacultyServiceImpl : 学院 计算机学院 有 0 个专业
2026-01-12 17:48:03.359 INFO  [http-nio-8080-exec-6] c.s.s.faculty.FacultyServiceImpl : 开始获取院校ID为 56 的学院列表
2026-01-12 17:48:03.360 INFO  [http-nio-8080-exec-6] c.s.s.faculty.FacultyServiceImpl : 找到 8 个学院
2026-01-12 17:48:03.360 INFO  [http-nio-8080-exec-6] c.s.s.faculty.FacultyServiceImpl : 开始获取学院 人文、社会科学和法律学院 (ID: 236) 的专业列表
2026-01-12 17:48:03.361 INFO  [http-nio-8080-exec-6] c.s.s.faculty.FacultyServiceImpl : 学院 人文、社会科学和法律学院 有 0 个专业
2026-01-12 17:48:03.361 INFO  [http-nio-8080-exec-6] c.s.s.faculty.FacultyServiceImpl : 开始获取学院 健康科学学院 (ID: 237) 的专业列表
2026-01-12 17:48:03.361 INFO  [http-nio-8080-exec-6] c.s.s.faculty.FacultyServiceImpl : 学院 健康科学学院 有 0 个专业
2026-01-12 17:48:03.361 INFO  [http-nio-8080-exec-6] c.s.s.faculty.FacultyServiceImpl : 开始获取学院 医学院 (ID: 238) 的专业列表
2026-01-12 17:48:03.361 INFO  [http-nio-8080-exec-6] c.s.s.faculty.FacultyServiceImpl : 学院 医学院 有 0 个专业
2026-01-12 17:48:03.361 INFO  [http-nio-8080-exec-6] c.s.s.faculty.FacultyServiceImpl : 开始获取学院 商学院 (ID: 239) 的专业列表
2026-01-12 17:48:03.362 INFO  [http-nio-8080-exec-6] c.s.s.faculty.FacultyServiceImpl : 学院 商学院 有 0 个专业
2026-01-12 17:48:03.362 INFO  [http-nio-8080-exec-6] c.s.s.faculty.FacultyServiceImpl : 开始获取学院 牙科学院 (ID: 240) 的专业列表
2026-01-12 17:48:03.362 INFO  [http-nio-8080-exec-6] c.s.s.faculty.FacultyServiceImpl : 学院 牙科学院 有 0 个专业
2026-01-12 17:48:03.362 INFO  [http-nio-8080-exec-6] c.s.s.faculty.FacultyServiceImpl : 开始获取学院 生命科学学院 (ID: 241) 的专业列表
2026-01-12 17:48:03.362 INFO  [http-nio-8080-exec-6] c.s.s.faculty.FacultyServiceImpl : 学院 生命科学学院 有 0 个专业
2026-01-12 17:48:03.362 INFO  [http-nio-8080-exec-6] c.s.s.faculty.FacultyServiceImpl : 开始获取学院 科学和工程学院 (ID: 242) 的专业列表
2026-01-12 17:48:03.363 INFO  [http-nio-8080-exec-6] c.s.s.faculty.FacultyServiceImpl : 学院 科学和工程学院 有 0 个专业
2026-01-12 17:48:03.363 INFO  [http-nio-8080-exec-6] c.s.s.faculty.FacultyServiceImpl : 开始获取学院 邓肯乔丹斯通艺术与设计学院 (ID: 243) 的专业列表
2026-01-12 17:48:03.363 INFO  [http-nio-8080-exec-6] c.s.s.faculty.FacultyServiceImpl : 学院 邓肯乔丹斯通艺术与设计学院 有 0 个专业
2026-01-12 17:48:03.363 INFO  [http-nio-8080-exec-6] c.s.s.faculty.FacultyServiceImpl : 开始获取院校ID为 107 的学院列表
2026-01-12 17:48:03.367 INFO  [http-nio-8080-exec-6] c.s.s.faculty.FacultyServiceImpl : 找到 35 个学院
2026-01-12 17:48:03.367 INFO  [http-nio-8080-exec-6] c.s.s.faculty.FacultyServiceImpl : 开始获取学院 东15戏剧表演学院 (ID: 557) 的专业列表
2026-01-12 17:48:03.367 INFO  [http-nio-8080-exec-6] c.s.s.faculty.FacultyServiceImpl : 学院 东15戏剧表演学院 有 0 个专业
2026-01-12 17:48:03.367 INFO  [http-nio-8080-exec-6] c.s.s.faculty.FacultyServiceImpl : 开始获取学院 体育、康复和运动科学学院 (ID: 558) 的专业列表
2026-01-12 17:48:03.368 INFO  [http-nio-8080-exec-6] c.s.s.faculty.FacultyServiceImpl : 学院 体育、康复和运动科学学院 有 0 个专业
2026-01-12 17:48:03.368 INFO  [http-nio-8080-exec-6] c.s.s.faculty.FacultyServiceImpl : 开始获取学院 健康与社会关怀学院 (ID: 559) 的专业列表
2026-01-12 17:48:03.368 INFO  [http-nio-8080-exec-6] c.s.s.faculty.FacultyServiceImpl : 学院 健康与社会关怀学院 有 0 个专业
2026-01-12 17:48:03.368 INFO  [http-nio-8080-exec-6] c.s.s.faculty.FacultyServiceImpl : 开始获取学院 健康和社会关怀学院 (ID: 560) 的专业列表
2026-01-12 17:48:03.368 INFO  [http-nio-8080-exec-6] c.s.s.faculty.FacultyServiceImpl : 学院 健康和社会关怀学院 有 0 个专业
2026-01-12 17:48:03.368 INFO  [http-nio-8080-exec-6] c.s.s.faculty.FacultyServiceImpl : 开始获取学院 哲学、历史和哲学科学研究学院 (ID: 561) 的专业列表
2026-01-12 17:48:03.369 INFO  [http-nio-8080-exec-6] c.s.s.faculty.FacultyServiceImpl : 学院 哲学、历史和哲学科学研究学院 有 0 个专业
2026-01-12 17:48:03.369 INFO  [http-nio-8080-exec-6] c.s.s.faculty.FacultyServiceImpl : 开始获取学院 埃塞克斯商学院 (ID: 562) 的专业列表
2026-01-12 17:48:03.369 INFO  [http-nio-8080-exec-6] c.s.s.faculty.FacultyServiceImpl : 学院 埃塞克斯商学院 有 0 个专业
2026-01-12 17:48:03.369 INFO  [http-nio-8080-exec-6] c.s.s.faculty.FacultyServiceImpl : 开始获取学院 埃塞克斯法学院 (ID: 563) 的专业列表
2026-01-12 17:48:03.369 INFO  [http-nio-8080-exec-6] c.s.s.faculty.FacultyServiceImpl : 学院 埃塞克斯法学院 有 0 个专业
2026-01-12 17:48:03.369 INFO  [http-nio-8080-exec-6] c.s.s.faculty.FacultyServiceImpl : 开始获取学院 心理学系 (ID: 564) 的专业列表
2026-01-12 17:48:03.370 INFO  [http-nio-8080-exec-6] c.s.s.faculty.FacultyServiceImpl : 学院 心理学系 有 0 个专业
2026-01-12 17:48:03.370 INFO  [http-nio-8080-exec-6] c.s.s.faculty.FacultyServiceImpl : 开始获取学院 政府学系 (ID: 565) 的专业列表
2026-01-12 17:48:03.370 INFO  [http-nio-8080-exec-6] c.s.s.faculty.FacultyServiceImpl : 学院 政府学系 有 0 个专业
2026-01-12 17:48:03.370 INFO  [http-nio-8080-exec-6] c.s.s.faculty.FacultyServiceImpl : 开始获取学院 数学、统计和精算科学学院 (ID: 566) 的专业列表
2026-01-12 17:48:03.370 INFO  [http-nio-8080-exec-6] c.s.s.faculty.FacultyServiceImpl : 学院 数学、统计和精算科学学院 有 0 个专业
2026-01-12 17:48:03.370 INFO  [http-nio-8080-exec-6] c.s.s.faculty.FacultyServiceImpl : 开始获取学院 文学、电影和戏剧研究系 (ID: 567) 的专业列表
2026-01-12 17:48:03.371 INFO  [http-nio-8080-exec-6] c.s.s.faculty.FacultyServiceImpl : 学院 文学、电影和戏剧研究系 有 0 个专业
2026-01-12 17:48:03.371 INFO  [http-nio-8080-exec-6] c.s.s.faculty.FacultyServiceImpl : 开始获取学院 生命科学学院 (ID: 568) 的专业列表
2026-01-12 17:48:03.371 INFO  [http-nio-8080-exec-6] c.s.s.faculty.FacultyServiceImpl : 学院 生命科学学院 有 0 个专业
2026-01-12 17:48:03.371 INFO  [http-nio-8080-exec-6] c.s.s.faculty.FacultyServiceImpl : 开始获取学院 社会学与犯罪学系 (ID: 569) 的专业列表
2026-01-12 17:48:03.372 INFO  [http-nio-8080-exec-6] c.s.s.faculty.FacultyServiceImpl : 学院 社会学与犯罪学系 有 0 个专业
2026-01-12 17:48:03.372 INFO  [http-nio-8080-exec-6] c.s.s.faculty.FacultyServiceImpl : 开始获取学院 社会心理学和精神分析研究学系 (ID: 570) 的专业列表
2026-01-12 17:48:03.373 INFO  [http-nio-8080-exec-6] c.s.s.faculty.FacultyServiceImpl : 学院 社会心理学和精神分析研究学系 有 0 个专业
2026-01-12 17:48:03.373 INFO  [http-nio-8080-exec-6] c.s.s.faculty.FacultyServiceImpl : 开始获取学院 经济学系 (ID: 571) 的专业列表
2026-01-12 17:48:03.374 INFO  [http-nio-8080-exec-6] c.s.s.faculty.FacultyServiceImpl : 学院 经济学系 有 0 个专业
2026-01-12 17:48:03.374 INFO  [http-nio-8080-exec-6] c.s.s.faculty.FacultyServiceImpl : 开始获取学院 计算机科学与电子工程学院 (ID: 572) 的专业列表
2026-01-12 17:48:03.374 INFO  [http-nio-8080-exec-6] c.s.s.faculty.FacultyServiceImpl : 学院 计算机科学与电子工程学院 有 0 个专业
2026-01-12 17:48:03.374 INFO  [http-nio-8080-exec-6] c.s.s.faculty.FacultyServiceImpl : 开始获取学院 语言与语言学系 (ID: 573) 的专业列表
2026-01-12 17:48:03.375 INFO  [http-nio-8080-exec-6] c.s.s.faculty.FacultyServiceImpl : 学院 语言与语言学系 有 0 个专业
2026-01-12 17:48:03.375 INFO  [http-nio-8080-exec-6] c.s.s.faculty.FacultyServiceImpl : 开始获取学院 酒店学院 (ID: 574) 的专业列表
2026-01-12 17:48:03.375 INFO  [http-nio-8080-exec-6] c.s.s.faculty.FacultyServiceImpl : 学院 酒店学院 有 0 个专业
2026-01-12 17:48:03.375 INFO  [http-nio-8080-exec-6] c.s.s.faculty.FacultyServiceImpl : 开始获取学院 东15戏剧表演学院 (ID: 596) 的专业列表
2026-01-12 17:48:03.375 INFO  [http-nio-8080-exec-6] c.s.s.faculty.FacultyServiceImpl : 学院 东15戏剧表演学院 有 0 个专业
2026-01-12 17:48:03.376 INFO  [http-nio-8080-exec-6] c.s.s.faculty.FacultyServiceImpl : 开始获取学院 体育、康复和运动科学学院 (ID: 597) 的专业列表
2026-01-12 17:48:03.376 INFO  [http-nio-8080-exec-6] c.s.s.faculty.FacultyServiceImpl : 学院 体育、康复和运动科学学院 有 0 个专业
2026-01-12 17:48:03.376 INFO  [http-nio-8080-exec-6] c.s.s.faculty.FacultyServiceImpl : 开始获取学院 健康与社会关怀学院 (ID: 598) 的专业列表
2026-01-12 17:48:03.376 INFO  [http-nio-8080-exec-6] c.s.s.faculty.FacultyServiceImpl : 学院 健康与社会关怀学院 有 0 个专业
2026-01-12 17:48:03.376 INFO  [http-nio-8080-exec-6] c.s.s.faculty.FacultyServiceImpl : 开始获取学院 哲学、历史和哲学科学研究学院 (ID: 599) 的专业列表
2026-01-12 17:48:03.377 INFO  [http-nio-8080-exec-6] c.s.s.faculty.FacultyServiceImpl : 学院 哲学、历史和哲学科学研究学院 有 0 个专业
2026-01-12 17:48:03.377 INFO  [http-nio-8080-exec-6] c.s.s.faculty.FacultyServiceImpl : 开始获取学院 埃塞克斯商学院 (ID: 600) 的专业列表
2026-01-12 17:48:03.377 INFO  [http-nio-8080-exec-6] c.s.s.faculty.FacultyServiceImpl : 学院 埃塞克斯商学院 有 0 个专业
2026-01-12 17:48:03.377 INFO  [http-nio-8080-exec-6] c.s.s.faculty.FacultyServiceImpl : 开始获取学院 埃塞克斯法学院 (ID: 601) 的专业列表
2026-01-12 17:48:03.377 INFO  [http-nio-8080-exec-6] c.s.s.faculty.FacultyServiceImpl : 学院 埃塞克斯法学院 有 0 个专业
2026-01-12 17:48:03.377 INFO  [http-nio-8080-exec-6] c.s.s.faculty.FacultyServiceImpl : 开始获取学院 心理学系 (ID: 602) 的专业列表
2026-01-12 17:48:03.378 INFO  [http-nio-8080-exec-6] c.s.s.faculty.FacultyServiceImpl : 学院 心理学系 有 0 个专业
2026-01-12 17:48:03.378 INFO  [http-nio-8080-exec-6] c.s.s.faculty.FacultyServiceImpl : 开始获取学院 政府学系 (ID: 603) 的专业列表
2026-01-12 17:48:03.378 INFO  [http-nio-8080-exec-6] c.s.s.faculty.FacultyServiceImpl : 学院 政府学系 有 0 个专业
2026-01-12 17:48:03.378 INFO  [http-nio-8080-exec-6] c.s.s.faculty.FacultyServiceImpl : 开始获取学院 数学、统计和精算科学学院 (ID: 604) 的专业列表
2026-01-12 17:48:03.378 INFO  [http-nio-8080-exec-6] c.s.s.faculty.FacultyServiceImpl : 学院 数学、统计和精算科学学院 有 0 个专业
2026-01-12 17:48:03.378 INFO  [http-nio-8080-exec-6] c.s.s.faculty.FacultyServiceImpl : 开始获取学院 文学、电影和戏剧研究系 (ID: 605) 的专业列表
2026-01-12 17:48:03.379 INFO  [http-nio-8080-exec-6] c.s.s.faculty.FacultyServiceImpl : 学院 文学、电影和戏剧研究系 有 0 个专业
2026-01-12 17:48:03.379 INFO  [http-nio-8080-exec-6] c.s.s.faculty.FacultyServiceImpl : 开始获取学院 生命科学学院 (ID: 606) 的专业列表
2026-01-12 17:48:03.379 INFO  [http-nio-8080-exec-6] c.s.s.faculty.FacultyServiceImpl : 学院 生命科学学院 有 0 个专业
2026-01-12 17:48:03.379 INFO  [http-nio-8080-exec-6] c.s.s.faculty.FacultyServiceImpl : 开始获取学院 社会学与犯罪学系 (ID: 607) 的专业列表
2026-01-12 17:48:03.379 INFO  [http-nio-8080-exec-6] c.s.s.faculty.FacultyServiceImpl : 学院 社会学与犯罪学系 有 0 个专业
2026-01-12 17:48:03.379 INFO  [http-nio-8080-exec-6] c.s.s.faculty.FacultyServiceImpl : 开始获取学院 社会心理学和精神分析研究学系 (ID: 608) 的专业列表
2026-01-12 17:48:03.380 INFO  [http-nio-8080-exec-6] c.s.s.faculty.FacultyServiceImpl : 学院 社会心理学和精神分析研究学系 有 0 个专业
2026-01-12 17:48:03.380 INFO  [http-nio-8080-exec-6] c.s.s.faculty.FacultyServiceImpl : 开始获取学院 经济学系 (ID: 609) 的专业列表
2026-01-12 17:48:03.380 INFO  [http-nio-8080-exec-6] c.s.s.faculty.FacultyServiceImpl : 学院 经济学系 有 0 个专业
2026-01-12 17:48:03.380 INFO  [http-nio-8080-exec-6] c.s.s.faculty.FacultyServiceImpl : 开始获取学院 计算机科学与电子工程学院 (ID: 610) 的专业列表
2026-01-12 17:48:03.381 INFO  [http-nio-8080-exec-6] c.s.s.faculty.FacultyServiceImpl : 学院 计算机科学与电子工程学院 有 0 个专业
2026-01-12 17:48:03.381 INFO  [http-nio-8080-exec-6] c.s.s.faculty.FacultyServiceImpl : 开始获取学院 语言与语言学系 (ID: 611) 的专业列表
2026-01-12 17:48:03.381 INFO  [http-nio-8080-exec-6] c.s.s.faculty.FacultyServiceImpl : 学院 语言与语言学系 有 0 个专业
2026-01-12 17:48:03.381 INFO  [http-nio-8080-exec-6] c.s.s.faculty.FacultyServiceImpl : 开始获取学院 酒店学院 (ID: 612) 的专业列表
2026-01-12 17:48:03.382 INFO  [http-nio-8080-exec-6] c.s.s.faculty.FacultyServiceImpl : 学院 酒店学院 有 0 个专业
2026-01-12 17:48:03.382 INFO  [http-nio-8080-exec-6] c.s.s.faculty.FacultyServiceImpl : 开始获取院校ID为 59 的学院列表
2026-01-12 17:48:03.384 INFO  [http-nio-8080-exec-6] c.s.s.faculty.FacultyServiceImpl : 找到 6 个学院
2026-01-12 17:48:03.384 INFO  [http-nio-8080-exec-6] c.s.s.faculty.FacultyServiceImpl : 开始获取学院 人文学院 (ID: 262) 的专业列表
2026-01-12 17:48:03.384 INFO  [http-nio-8080-exec-6] c.s.s.faculty.FacultyServiceImpl : 学院 人文学院 有 0 个专业
2026-01-12 17:48:03.384 INFO  [http-nio-8080-exec-6] c.s.s.faculty.FacultyServiceImpl : 开始获取学院 商业管理学院 (ID: 263) 的专业列表
2026-01-12 17:48:03.385 INFO  [http-nio-8080-exec-6] c.s.s.faculty.FacultyServiceImpl : 学院 商业管理学院 有 0 个专业
2026-01-12 17:48:03.385 INFO  [http-nio-8080-exec-6] c.s.s.faculty.FacultyServiceImpl : 开始获取学院 工程、物理与数学科学学院 (ID: 264) 的专业列表
2026-01-12 17:48:03.385 INFO  [http-nio-8080-exec-6] c.s.s.faculty.FacultyServiceImpl : 学院 工程、物理与数学科学学院 有 0 个专业
2026-01-12 17:48:03.385 INFO  [http-nio-8080-exec-6] c.s.s.faculty.FacultyServiceImpl : 开始获取学院 法律和社会科学学院 (ID: 265) 的专业列表
2026-01-12 17:48:03.385 INFO  [http-nio-8080-exec-6] c.s.s.faculty.FacultyServiceImpl : 学院 法律和社会科学学院 有 0 个专业
2026-01-12 17:48:03.385 INFO  [http-nio-8080-exec-6] c.s.s.faculty.FacultyServiceImpl : 开始获取学院 生命科学与环境学院 (ID: 266) 的专业列表
2026-01-12 17:48:03.385 INFO  [http-nio-8080-exec-6] c.s.s.faculty.FacultyServiceImpl : 学院 生命科学与环境学院 有 0 个专业
2026-01-12 17:48:03.385 INFO  [http-nio-8080-exec-6] c.s.s.faculty.FacultyServiceImpl : 开始获取学院 表演与数字艺术学院 (ID: 267) 的专业列表
2026-01-12 17:48:03.386 INFO  [http-nio-8080-exec-6] c.s.s.faculty.FacultyServiceImpl : 学院 表演与数字艺术学院 有 0 个专业
2026-01-12 17:48:03.386 INFO  [http-nio-8080-exec-6] c.s.s.faculty.FacultyServiceImpl : 开始获取院校ID为 96 的学院列表
2026-01-12 17:48:03.387 INFO  [http-nio-8080-exec-6] c.s.s.faculty.FacultyServiceImpl : 找到 6 个学院
2026-01-12 17:48:03.387 INFO  [http-nio-8080-exec-6] c.s.s.faculty.FacultyServiceImpl : 开始获取学院 健康研究学院 (ID: 542) 的专业列表
2026-01-12 17:48:03.388 INFO  [http-nio-8080-exec-6] c.s.s.faculty.FacultyServiceImpl : 学院 健康研究学院 有 0 个专业
2026-01-12 17:48:03.388 INFO  [http-nio-8080-exec-6] c.s.s.faculty.FacultyServiceImpl : 开始获取学院 工程与数字技术学院 (ID: 543) 的专业列表
2026-01-12 17:48:03.388 INFO  [http-nio-8080-exec-6] c.s.s.faculty.FacultyServiceImpl : 学院 工程与数字技术学院 有 0 个专业
2026-01-12 17:48:03.388 INFO  [http-nio-8080-exec-6] c.s.s.faculty.FacultyServiceImpl : 开始获取学院 法学院 (ID: 544) 的专业列表
2026-01-12 17:48:03.389 INFO  [http-nio-8080-exec-6] c.s.s.faculty.FacultyServiceImpl : 学院 法学院 有 0 个专业
2026-01-12 17:48:03.389 INFO  [http-nio-8080-exec-6] c.s.s.faculty.FacultyServiceImpl : 开始获取学院 生命科学学院 (ID: 545) 的专业列表
2026-01-12 17:48:03.390 INFO  [http-nio-8080-exec-6] c.s.s.faculty.FacultyServiceImpl : 学院 生命科学学院 有 0 个专业
2026-01-12 17:48:03.390 INFO  [http-nio-8080-exec-6] c.s.s.faculty.FacultyServiceImpl : 开始获取学院 社会科学学院 (ID: 546) 的专业列表
2026-01-12 17:48:03.390 INFO  [http-nio-8080-exec-6] c.s.s.faculty.FacultyServiceImpl : 学院 社会科学学院 有 0 个专业
2026-01-12 17:48:03.390 INFO  [http-nio-8080-exec-6] c.s.s.faculty.FacultyServiceImpl : 开始获取学院 管理学院 (ID: 547) 的专业列表
2026-01-12 17:48:03.390 INFO  [http-nio-8080-exec-6] c.s.s.faculty.FacultyServiceImpl : 学院 管理学院 有 0 个专业
2026-01-12 17:48:03.390 INFO  [http-nio-8080-exec-6] c.s.s.faculty.FacultyServiceImpl : 开始获取院校ID为 67 的学院列表
2026-01-12 17:48:03.392 INFO  [http-nio-8080-exec-6] c.s.s.faculty.FacultyServiceImpl : 找到 5 个学院
2026-01-12 17:48:03.392 INFO  [http-nio-8080-exec-6] c.s.s.faculty.FacultyServiceImpl : 开始获取学院 健康科学和体育学院 (ID: 693) 的专业列表
2026-01-12 17:48:03.392 INFO  [http-nio-8080-exec-6] c.s.s.faculty.FacultyServiceImpl : 学院 健康科学和体育学院 有 0 个专业
2026-01-12 17:48:03.392 INFO  [http-nio-8080-exec-6] c.s.s.faculty.FacultyServiceImpl : 开始获取学院 斯特灵商学院 (ID: 694) 的专业列表
2026-01-12 17:48:03.394 INFO  [http-nio-8080-exec-6] c.s.s.faculty.FacultyServiceImpl : 学院 斯特灵商学院 有 0 个专业
2026-01-12 17:48:03.394 INFO  [http-nio-8080-exec-6] c.s.s.faculty.FacultyServiceImpl : 开始获取学院 社会科学学院 (ID: 695) 的专业列表
2026-01-12 17:48:03.395 INFO  [http-nio-8080-exec-6] c.s.s.faculty.FacultyServiceImpl : 学院 社会科学学院 有 0 个专业
2026-01-12 17:48:03.395 INFO  [http-nio-8080-exec-6] c.s.s.faculty.FacultyServiceImpl : 开始获取学院 自然科学学院 (ID: 696) 的专业列表
2026-01-12 17:48:03.395 INFO  [http-nio-8080-exec-6] c.s.s.faculty.FacultyServiceImpl : 学院 自然科学学院 有 0 个专业
2026-01-12 17:48:03.395 INFO  [http-nio-8080-exec-6] c.s.s.faculty.FacultyServiceImpl : 开始获取学院 艺术和人文科学学院 (ID: 697) 的专业列表
2026-01-12 17:48:03.395 INFO  [http-nio-8080-exec-6] c.s.s.faculty.FacultyServiceImpl : 学院 艺术和人文科学学院 有 0 个专业
2026-01-12 17:48:03.395 INFO  [http-nio-8080-exec-6] c.s.s.faculty.FacultyServiceImpl : 开始获取院校ID为 113 的学院列表
2026-01-12 17:48:03.397 INFO  [http-nio-8080-exec-6] c.s.s.faculty.FacultyServiceImpl : 找到 6 个学院
2026-01-12 17:48:03.397 INFO  [http-nio-8080-exec-6] c.s.s.faculty.FacultyServiceImpl : 开始获取学院 人文与健康科学学院 (ID: 582) 的专业列表
2026-01-12 17:48:03.397 INFO  [http-nio-8080-exec-6] c.s.s.faculty.FacultyServiceImpl : 学院 人文与健康科学学院 有 0 个专业
2026-01-12 17:48:03.397 INFO  [http-nio-8080-exec-6] c.s.s.faculty.FacultyServiceImpl : 开始获取学院 商业、教育与法学院 (ID: 583) 的专业列表
2026-01-12 17:48:03.398 INFO  [http-nio-8080-exec-6] c.s.s.faculty.FacultyServiceImpl : 学院 商业、教育与法学院 有 0 个专业
2026-01-12 17:48:03.398 INFO  [http-nio-8080-exec-6] c.s.s.faculty.FacultyServiceImpl : 开始获取学院 商学院 (ID: 584) 的专业列表
2026-01-12 17:48:03.398 INFO  [http-nio-8080-exec-6] c.s.s.faculty.FacultyServiceImpl : 学院 商学院 有 0 个专业
2026-01-12 17:48:03.398 INFO  [http-nio-8080-exec-6] c.s.s.faculty.FacultyServiceImpl : 开始获取学院 应用科学学院 (ID: 585) 的专业列表
2026-01-12 17:48:03.398 INFO  [http-nio-8080-exec-6] c.s.s.faculty.FacultyServiceImpl : 学院 应用科学学院 有 0 个专业
2026-01-12 17:48:03.398 INFO  [http-nio-8080-exec-6] c.s.s.faculty.FacultyServiceImpl : 开始获取学院 艺术与人文学院 (ID: 586) 的专业列表
2026-01-12 17:48:03.399 INFO  [http-nio-8080-exec-6] c.s.s.faculty.FacultyServiceImpl : 学院 艺术与人文学院 有 0 个专业
2026-01-12 17:48:03.399 INFO  [http-nio-8080-exec-6] c.s.s.faculty.FacultyServiceImpl : 开始获取学院 计算机与工程学院 (ID: 587) 的专业列表
2026-01-12 17:48:03.399 INFO  [http-nio-8080-exec-6] c.s.s.faculty.FacultyServiceImpl : 学院 计算机与工程学院 有 0 个专业
2026-01-12 17:48:03.399 INFO  [http-nio-8080-exec-6] c.s.s.faculty.FacultyServiceImpl : 开始获取院校ID为 76 的学院列表
2026-01-12 17:48:03.401 INFO  [http-nio-8080-exec-6] c.s.s.faculty.FacultyServiceImpl : 找到 4 个学院
2026-01-12 17:48:03.401 INFO  [http-nio-8080-exec-6] c.s.s.faculty.FacultyServiceImpl : 开始获取学院 人文、艺术与社会科学学院 (ID: 509) 的专业列表
2026-01-12 17:48:03.402 INFO  [http-nio-8080-exec-6] c.s.s.faculty.FacultyServiceImpl : 学院 人文、艺术与社会科学学院 有 0 个专业
2026-01-12 17:48:03.402 INFO  [http-nio-8080-exec-6] c.s.s.faculty.FacultyServiceImpl : 开始获取学院 健康科学学院 (ID: 510) 的专业列表
2026-01-12 17:48:03.402 INFO  [http-nio-8080-exec-6] c.s.s.faculty.FacultyServiceImpl : 学院 健康科学学院 有 0 个专业
2026-01-12 17:48:03.402 INFO  [http-nio-8080-exec-6] c.s.s.faculty.FacultyServiceImpl : 开始获取学院 科学与工程学院 (ID: 511) 的专业列表
2026-01-12 17:48:03.403 INFO  [http-nio-8080-exec-6] c.s.s.faculty.FacultyServiceImpl : 学院 科学与工程学院 有 0 个专业
2026-01-12 17:48:03.403 INFO  [http-nio-8080-exec-6] c.s.s.faculty.FacultyServiceImpl : 开始获取学院 赫尔约克医学院 (ID: 512) 的专业列表
2026-01-12 17:48:03.404 INFO  [http-nio-8080-exec-6] c.s.s.faculty.FacultyServiceImpl : 学院 赫尔约克医学院 有 0 个专业
2026-01-12 17:48:03.404 INFO  [http-nio-8080-exec-6] c.s.s.faculty.FacultyServiceImpl : 开始获取院校ID为 93 的学院列表
2026-01-12 17:48:03.406 INFO  [http-nio-8080-exec-6] c.s.s.faculty.FacultyServiceImpl : 找到 5 个学院
2026-01-12 17:48:03.406 INFO  [http-nio-8080-exec-6] c.s.s.faculty.FacultyServiceImpl : 开始获取学院 人文艺术与社会科学学院 (ID: 537) 的专业列表
2026-01-12 17:48:03.406 INFO  [http-nio-8080-exec-6] c.s.s.faculty.FacultyServiceImpl : 学院 人文艺术与社会科学学院 有 0 个专业
2026-01-12 17:48:03.406 INFO  [http-nio-8080-exec-6] c.s.s.faculty.FacultyServiceImpl : 开始获取学院 健康与生命科学学院 (ID: 538) 的专业列表
2026-01-12 17:48:03.406 INFO  [http-nio-8080-exec-6] c.s.s.faculty.FacultyServiceImpl : 学院 健康与生命科学学院 有 0 个专业
2026-01-12 17:48:03.406 INFO  [http-nio-8080-exec-6] c.s.s.faculty.FacultyServiceImpl : 开始获取学院 商法与法律学院 (ID: 539) 的专业列表
2026-01-12 17:48:03.407 INFO  [http-nio-8080-exec-6] c.s.s.faculty.FacultyServiceImpl : 学院 商法与法律学院 有 0 个专业
2026-01-12 17:48:03.407 INFO  [http-nio-8080-exec-6] c.s.s.faculty.FacultyServiceImpl : 开始获取学院 工程与环境学院 (ID: 540) 的专业列表
2026-01-12 17:48:03.407 INFO  [http-nio-8080-exec-6] c.s.s.faculty.FacultyServiceImpl : 学院 工程与环境学院 有 0 个专业
2026-01-12 17:48:03.407 INFO  [http-nio-8080-exec-6] c.s.s.faculty.FacultyServiceImpl : 开始获取学院 纽卡斯尔商学院 (ID: 541) 的专业列表
2026-01-12 17:48:03.408 INFO  [http-nio-8080-exec-6] c.s.s.faculty.FacultyServiceImpl : 学院 纽卡斯尔商学院 有 0 个专业
2026-01-12 17:48:03.408 INFO  [http-nio-8080-exec-6] c.s.s.faculty.FacultyServiceImpl : 开始获取院校ID为 40 的学院列表
2026-01-12 17:48:03.409 INFO  [http-nio-8080-exec-6] c.s.s.faculty.FacultyServiceImpl : 找到 4 个学院
2026-01-12 17:48:03.409 INFO  [http-nio-8080-exec-6] c.s.s.faculty.FacultyServiceImpl : 开始获取学院 健康和生命科学学院 (ID: 974) 的专业列表
2026-01-12 17:48:03.410 INFO  [http-nio-8080-exec-6] c.s.s.faculty.FacultyServiceImpl : 学院 健康和生命科学学院 有 0 个专业
2026-01-12 17:48:03.410 INFO  [http-nio-8080-exec-6] c.s.s.faculty.FacultyServiceImpl : 开始获取学院 商业和法律学院 (ID: 975) 的专业列表
2026-01-12 17:48:03.410 INFO  [http-nio-8080-exec-6] c.s.s.faculty.FacultyServiceImpl : 学院 商业和法律学院 有 0 个专业
2026-01-12 17:48:03.410 INFO  [http-nio-8080-exec-6] c.s.s.faculty.FacultyServiceImpl : 开始获取学院 工程、环境和计算机学院 (ID: 976) 的专业列表
2026-01-12 17:48:03.411 INFO  [http-nio-8080-exec-6] c.s.s.faculty.FacultyServiceImpl : 学院 工程、环境和计算机学院 有 0 个专业
2026-01-12 17:48:03.411 INFO  [http-nio-8080-exec-6] c.s.s.faculty.FacultyServiceImpl : 开始获取学院 艺术和人文学院 (ID: 977) 的专业列表
2026-01-12 17:48:03.411 INFO  [http-nio-8080-exec-6] c.s.s.faculty.FacultyServiceImpl : 学院 艺术和人文学院 有 0 个专业
2026-01-12 17:48:03.411 INFO  [http-nio-8080-exec-6] c.s.s.faculty.FacultyServiceImpl : 开始获取院校ID为 73 的学院列表
2026-01-12 17:48:03.413 INFO  [http-nio-8080-exec-6] c.s.s.faculty.FacultyServiceImpl : 找到 4 个学院
2026-01-12 17:48:03.413 INFO  [http-nio-8080-exec-6] c.s.s.faculty.FacultyServiceImpl : 开始获取学院 医学与健康科学学院 (ID: 492) 的专业列表
2026-01-12 17:48:03.413 INFO  [http-nio-8080-exec-6] c.s.s.faculty.FacultyServiceImpl : 学院 医学与健康科学学院 有 0 个专业
2026-01-12 17:48:03.413 INFO  [http-nio-8080-exec-6] c.s.s.faculty.FacultyServiceImpl : 开始获取学院 历史、法律和社会科学学院 (ID: 493) 的专业列表
2026-01-12 17:48:03.413 INFO  [http-nio-8080-exec-6] c.s.s.faculty.FacultyServiceImpl : 学院 历史、法律和社会科学学院 有 0 个专业
2026-01-12 17:48:03.413 INFO  [http-nio-8080-exec-6] c.s.s.faculty.FacultyServiceImpl : 开始获取学院 班戈商学院 (ID: 494) 的专业列表
2026-01-12 17:48:03.414 INFO  [http-nio-8080-exec-6] c.s.s.faculty.FacultyServiceImpl : 学院 班戈商学院 有 0 个专业
2026-01-12 17:48:03.414 INFO  [http-nio-8080-exec-6] c.s.s.faculty.FacultyServiceImpl : 开始获取学院 科学与工程学院 (ID: 495) 的专业列表
2026-01-12 17:48:03.414 INFO  [http-nio-8080-exec-6] c.s.s.faculty.FacultyServiceImpl : 学院 科学与工程学院 有 0 个专业
2026-01-12 17:48:03.414 INFO  [http-nio-8080-exec-6] c.s.s.faculty.FacultyServiceImpl : 开始获取院校ID为 71 的学院列表
2026-01-12 17:48:03.416 INFO  [http-nio-8080-exec-6] c.s.s.faculty.FacultyServiceImpl : 找到 9 个学院
2026-01-12 17:48:03.416 INFO  [http-nio-8080-exec-6] c.s.s.faculty.FacultyServiceImpl : 开始获取学院 Confetti创意技术学院 (ID: 478) 的专业列表
2026-01-12 17:48:03.416 INFO  [http-nio-8080-exec-6] c.s.s.faculty.FacultyServiceImpl : 学院 Confetti创意技术学院 有 0 个专业
2026-01-12 17:48:03.416 INFO  [http-nio-8080-exec-6] c.s.s.faculty.FacultyServiceImpl : 开始获取学院 动物、农村和环境科学学院 (ID: 479) 的专业列表
2026-01-12 17:48:03.417 INFO  [http-nio-8080-exec-6] c.s.s.faculty.FacultyServiceImpl : 学院 动物、农村和环境科学学院 有 0 个专业
2026-01-12 17:48:03.417 INFO  [http-nio-8080-exec-6] c.s.s.faculty.FacultyServiceImpl : 开始获取学院 建筑、设计和建造环境学院 (ID: 480) 的专业列表
2026-01-12 17:48:03.417 INFO  [http-nio-8080-exec-6] c.s.s.faculty.FacultyServiceImpl : 学院 建筑、设计和建造环境学院 有 0 个专业
2026-01-12 17:48:03.417 INFO  [http-nio-8080-exec-6] c.s.s.faculty.FacultyServiceImpl : 开始获取学院 社会科学学院 (ID: 481) 的专业列表
2026-01-12 17:48:03.418 INFO  [http-nio-8080-exec-6] c.s.s.faculty.FacultyServiceImpl : 学院 社会科学学院 有 0 个专业
2026-01-12 17:48:03.418 INFO  [http-nio-8080-exec-6] c.s.s.faculty.FacultyServiceImpl : 开始获取学院 科学与技术学院 (ID: 482) 的专业列表
2026-01-12 17:48:03.418 INFO  [http-nio-8080-exec-6] c.s.s.faculty.FacultyServiceImpl : 学院 科学与技术学院 有 0 个专业
2026-01-12 17:48:03.418 INFO  [http-nio-8080-exec-6] c.s.s.faculty.FacultyServiceImpl : 开始获取学院 艺术与人文学院 (ID: 483) 的专业列表
2026-01-12 17:48:03.419 INFO  [http-nio-8080-exec-6] c.s.s.faculty.FacultyServiceImpl : 学院 艺术与人文学院 有 0 个专业
2026-01-12 17:48:03.419 INFO  [http-nio-8080-exec-6] c.s.s.faculty.FacultyServiceImpl : 开始获取学院 诺丁汉商学院 (ID: 484) 的专业列表
2026-01-12 17:48:03.419 INFO  [http-nio-8080-exec-6] c.s.s.faculty.FacultyServiceImpl : 学院 诺丁汉商学院 有 0 个专业
2026-01-12 17:48:03.419 INFO  [http-nio-8080-exec-6] c.s.s.faculty.FacultyServiceImpl : 开始获取学院 诺丁汉法学院 (ID: 485) 的专业列表
2026-01-12 17:48:03.420 INFO  [http-nio-8080-exec-6] c.s.s.faculty.FacultyServiceImpl : 学院 诺丁汉法学院 有 0 个专业
2026-01-12 17:48:03.420 INFO  [http-nio-8080-exec-6] c.s.s.faculty.FacultyServiceImpl : 开始获取学院 诺丁汉艺术与设计学院 (ID: 486) 的专业列表
2026-01-12 17:48:03.420 INFO  [http-nio-8080-exec-6] c.s.s.faculty.FacultyServiceImpl : 学院 诺丁汉艺术与设计学院 有 0 个专业
2026-01-12 17:48:03.420 INFO  [http-nio-8080-exec-6] c.s.s.faculty.FacultyServiceImpl : 开始获取院校ID为 54 的学院列表
2026-01-12 17:48:03.422 INFO  [http-nio-8080-exec-6] c.s.s.faculty.FacultyServiceImpl : 找到 11 个学院
2026-01-12 17:48:03.422 INFO  [http-nio-8080-exec-6] c.s.s.faculty.FacultyServiceImpl : 开始获取学院 半岛医学院 (ID: 225) 的专业列表
2026-01-12 17:48:03.422 INFO  [http-nio-8080-exec-6] c.s.s.faculty.FacultyServiceImpl : 学院 半岛医学院 有 0 个专业
2026-01-12 17:48:03.422 INFO  [http-nio-8080-exec-6] c.s.s.faculty.FacultyServiceImpl : 开始获取学院 卫生职业学院 (ID: 226) 的专业列表
2026-01-12 17:48:03.422 INFO  [http-nio-8080-exec-6] c.s.s.faculty.FacultyServiceImpl : 学院 卫生职业学院 有 0 个专业
2026-01-12 17:48:03.422 INFO  [http-nio-8080-exec-6] c.s.s.faculty.FacultyServiceImpl : 开始获取学院 地理、地球与环境科学学院 (ID: 227) 的专业列表
2026-01-12 17:48:03.423 INFO  [http-nio-8080-exec-6] c.s.s.faculty.FacultyServiceImpl : 学院 地理、地球与环境科学学院 有 0 个专业
2026-01-12 17:48:03.423 INFO  [http-nio-8080-exec-6] c.s.s.faculty.FacultyServiceImpl : 开始获取学院 工程、计算和数学学院 (ID: 228) 的专业列表
2026-01-12 17:48:03.423 INFO  [http-nio-8080-exec-6] c.s.s.faculty.FacultyServiceImpl : 学院 工程、计算和数学学院 有 0 个专业
2026-01-12 17:48:03.423 INFO  [http-nio-8080-exec-6] c.s.s.faculty.FacultyServiceImpl : 开始获取学院 心理学学院 (ID: 229) 的专业列表
2026-01-12 17:48:03.423 INFO  [http-nio-8080-exec-6] c.s.s.faculty.FacultyServiceImpl : 学院 心理学学院 有 0 个专业
2026-01-12 17:48:03.423 INFO  [http-nio-8080-exec-6] c.s.s.faculty.FacultyServiceImpl : 开始获取学院 护理与助产学院 (ID: 230) 的专业列表
2026-01-12 17:48:03.424 INFO  [http-nio-8080-exec-6] c.s.s.faculty.FacultyServiceImpl : 学院 护理与助产学院 有 0 个专业
2026-01-12 17:48:03.424 INFO  [http-nio-8080-exec-6] c.s.s.faculty.FacultyServiceImpl : 开始获取学院 普利茅斯商学院 (ID: 231) 的专业列表
2026-01-12 17:48:03.424 INFO  [http-nio-8080-exec-6] c.s.s.faculty.FacultyServiceImpl : 学院 普利茅斯商学院 有 0 个专业
2026-01-12 17:48:03.424 INFO  [http-nio-8080-exec-6] c.s.s.faculty.FacultyServiceImpl : 开始获取学院 法学、人文与社会科学学院 (ID: 232) 的专业列表
2026-01-12 17:48:03.425 INFO  [http-nio-8080-exec-6] c.s.s.faculty.FacultyServiceImpl : 学院 法学、人文与社会科学学院 有 0 个专业
2026-01-12 17:48:03.425 INFO  [http-nio-8080-exec-6] c.s.s.faculty.FacultyServiceImpl : 开始获取学院 生物与海洋科学学院 (ID: 233) 的专业列表
2026-01-12 17:48:03.425 INFO  [http-nio-8080-exec-6] c.s.s.faculty.FacultyServiceImpl : 学院 生物与海洋科学学院 有 0 个专业
2026-01-12 17:48:03.425 INFO  [http-nio-8080-exec-6] c.s.s.faculty.FacultyServiceImpl : 开始获取学院 生物医学学院 (ID: 234) 的专业列表
2026-01-12 17:48:03.425 INFO  [http-nio-8080-exec-6] c.s.s.faculty.FacultyServiceImpl : 学院 生物医学学院 有 0 个专业
2026-01-12 17:48:03.425 INFO  [http-nio-8080-exec-6] c.s.s.faculty.FacultyServiceImpl : 开始获取学院 艺术、设计与建筑学院 (ID: 235) 的专业列表
2026-01-12 17:48:03.426 INFO  [http-nio-8080-exec-6] c.s.s.faculty.FacultyServiceImpl : 学院 艺术、设计与建筑学院 有 0 个专业
2026-01-12 17:48:03.426 INFO  [http-nio-8080-exec-6] c.s.s.faculty.FacultyServiceImpl : 开始获取院校ID为 72 的学院列表
2026-01-12 17:48:03.427 INFO  [http-nio-8080-exec-6] c.s.s.faculty.FacultyServiceImpl : 找到 5 个学院
2026-01-12 17:48:03.427 INFO  [http-nio-8080-exec-6] c.s.s.faculty.FacultyServiceImpl : 开始获取学院 人文和社会科学学院 (ID: 487) 的专业列表
2026-01-12 17:48:03.428 INFO  [http-nio-8080-exec-6] c.s.s.faculty.FacultyServiceImpl : 学院 人文和社会科学学院 有 0 个专业
2026-01-12 17:48:03.428 INFO  [http-nio-8080-exec-6] c.s.s.faculty.FacultyServiceImpl : 开始获取学院 创意和文化产业学院 (ID: 488) 的专业列表
2026-01-12 17:48:03.428 INFO  [http-nio-8080-exec-6] c.s.s.faculty.FacultyServiceImpl : 学院 创意和文化产业学院 有 0 个专业
2026-01-12 17:48:03.428 INFO  [http-nio-8080-exec-6] c.s.s.faculty.FacultyServiceImpl : 开始获取学院 商业和法律学院 (ID: 489) 的专业列表
2026-01-12 17:48:03.429 INFO  [http-nio-8080-exec-6] c.s.s.faculty.FacultyServiceImpl : 学院 商业和法律学院 有 0 个专业
2026-01-12 17:48:03.429 INFO  [http-nio-8080-exec-6] c.s.s.faculty.FacultyServiceImpl : 开始获取学院 技术学院 (ID: 490) 的专业列表
2026-01-12 17:48:03.429 INFO  [http-nio-8080-exec-6] c.s.s.faculty.FacultyServiceImpl : 学院 技术学院 有 0 个专业
2026-01-12 17:48:03.429 INFO  [http-nio-8080-exec-6] c.s.s.faculty.FacultyServiceImpl : 开始获取学院 科学与健康学院 (ID: 491) 的专业列表
2026-01-12 17:48:03.430 INFO  [http-nio-8080-exec-6] c.s.s.faculty.FacultyServiceImpl : 学院 科学与健康学院 有 0 个专业
2026-01-12 17:48:03.430 INFO  [http-nio-8080-exec-6] c.s.s.faculty.FacultyServiceImpl : 开始获取院校ID为 79 的学院列表
2026-01-12 17:48:03.431 INFO  [http-nio-8080-exec-6] c.s.s.faculty.FacultyServiceImpl : 找到 4 个学院
2026-01-12 17:48:03.431 INFO  [http-nio-8080-exec-6] c.s.s.faculty.FacultyServiceImpl : 开始获取学院 人文艺术学院 (ID: 524) 的专业列表
2026-01-12 17:48:03.431 INFO  [http-nio-8080-exec-6] c.s.s.faculty.FacultyServiceImpl : 学院 人文艺术学院 有 0 个专业
2026-01-12 17:48:03.431 INFO  [http-nio-8080-exec-6] c.s.s.faculty.FacultyServiceImpl : 开始获取学院 健康与管理学院 (ID: 525) 的专业列表
2026-01-12 17:48:03.432 INFO  [http-nio-8080-exec-6] c.s.s.faculty.FacultyServiceImpl : 学院 健康与管理学院 有 0 个专业
2026-01-12 17:48:03.432 INFO  [http-nio-8080-exec-6] c.s.s.faculty.FacultyServiceImpl : 开始获取学院 商法学院 (ID: 526) 的专业列表
2026-01-12 17:48:03.432 INFO  [http-nio-8080-exec-6] c.s.s.faculty.FacultyServiceImpl : 学院 商法学院 有 0 个专业
2026-01-12 17:48:03.432 INFO  [http-nio-8080-exec-6] c.s.s.faculty.FacultyServiceImpl : 开始获取学院 科学与工程学院 (ID: 527) 的专业列表
2026-01-12 17:48:03.432 INFO  [http-nio-8080-exec-6] c.s.s.faculty.FacultyServiceImpl : 学院 科学与工程学院 有 0 个专业
2026-01-12 17:48:03.432 INFO  [http-nio-8080-exec-6] c.s.s.faculty.FacultyServiceImpl : 开始获取院校ID为 53 的学院列表
2026-01-12 17:48:03.433 INFO  [http-nio-8080-exec-6] c.s.s.faculty.FacultyServiceImpl : 找到 0 个学院
2026-01-12 17:48:03.433 INFO  [http-nio-8080-exec-6] c.s.s.faculty.FacultyServiceImpl : 开始获取院校ID为 80 的学院列表
2026-01-12 17:48:03.435 INFO  [http-nio-8080-exec-6] c.s.s.faculty.FacultyServiceImpl : 找到 5 个学院
2026-01-12 17:48:03.435 INFO  [http-nio-8080-exec-6] c.s.s.faculty.FacultyServiceImpl : 开始获取学院 健康、社会关怀与教育学院 (ID: 528) 的专业列表
2026-01-12 17:48:03.435 INFO  [http-nio-8080-exec-6] c.s.s.faculty.FacultyServiceImpl : 学院 健康、社会关怀与教育学院 有 0 个专业
2026-01-12 17:48:03.435 INFO  [http-nio-8080-exec-6] c.s.s.faculty.FacultyServiceImpl : 开始获取学院 工程、计算机与环境学院 (ID: 529) 的专业列表
2026-01-12 17:48:03.436 INFO  [http-nio-8080-exec-6] c.s.s.faculty.FacultyServiceImpl : 学院 工程、计算机与环境学院 有 0 个专业
2026-01-12 17:48:03.436 INFO  [http-nio-8080-exec-6] c.s.s.faculty.FacultyServiceImpl : 开始获取学院 法律、社会科学与科学学院 (ID: 530) 的专业列表
2026-01-12 17:48:03.436 INFO  [http-nio-8080-exec-6] c.s.s.faculty.FacultyServiceImpl : 学院 法律、社会科学与科学学院 有 0 个专业
2026-01-12 17:48:03.436 INFO  [http-nio-8080-exec-6] c.s.s.faculty.FacultyServiceImpl : 开始获取学院 金斯顿商学院 (ID: 532) 的专业列表
2026-01-12 17:48:03.436 INFO  [http-nio-8080-exec-6] c.s.s.faculty.FacultyServiceImpl : 学院 金斯顿商学院 有 0 个专业
2026-01-12 17:48:03.436 INFO  [http-nio-8080-exec-6] c.s.s.faculty.FacultyServiceImpl : 开始获取学院 金斯顿艺术学院 (ID: 533) 的专业列表
2026-01-12 17:48:03.437 INFO  [http-nio-8080-exec-6] c.s.s.faculty.FacultyServiceImpl : 学院 金斯顿艺术学院 有 0 个专业
2026-01-12 17:48:03.437 INFO  [http-nio-8080-exec-6] c.s.s.faculty.FacultyServiceImpl : 开始获取院校ID为 74 的学院列表
2026-01-12 17:48:03.438 INFO  [http-nio-8080-exec-6] c.s.s.faculty.FacultyServiceImpl : 找到 13 个学院
2026-01-12 17:48:03.438 INFO  [http-nio-8080-exec-6] c.s.s.faculty.FacultyServiceImpl : 开始获取学院 人类学院 (ID: 496) 的专业列表
2026-01-12 17:48:03.439 INFO  [http-nio-8080-exec-6] c.s.s.faculty.FacultyServiceImpl : 学院 人类学院 有 0 个专业
2026-01-12 17:48:03.439 INFO  [http-nio-8080-exec-6] c.s.s.faculty.FacultyServiceImpl : 开始获取学院 创意和文化产业研究所 (ID: 497) 的专业列表
2026-01-12 17:48:03.439 INFO  [http-nio-8080-exec-6] c.s.s.faculty.FacultyServiceImpl : 学院 创意和文化产业研究所 有 0 个专业
2026-01-12 17:48:03.439 INFO  [http-nio-8080-exec-6] c.s.s.faculty.FacultyServiceImpl : 开始获取学院 历史学 (ID: 498) 的专业列表
2026-01-12 17:48:03.440 INFO  [http-nio-8080-exec-6] c.s.s.faculty.FacultyServiceImpl : 学院 历史学 有 0 个专业
2026-01-12 17:48:03.440 INFO  [http-nio-8080-exec-6] c.s.s.faculty.FacultyServiceImpl : 开始获取学院 媒体、传播与文化研究 (ID: 499) 的专业列表
2026-01-12 17:48:03.440 INFO  [http-nio-8080-exec-6] c.s.s.faculty.FacultyServiceImpl : 学院 媒体、传播与文化研究 有 0 个专业
2026-01-12 17:48:03.440 INFO  [http-nio-8080-exec-6] c.s.s.faculty.FacultyServiceImpl : 开始获取学院 心理学 (ID: 500) 的专业列表
2026-01-12 17:48:03.441 INFO  [http-nio-8080-exec-6] c.s.s.faculty.FacultyServiceImpl : 学院 心理学 有 0 个专业
2026-01-12 17:48:03.441 INFO  [http-nio-8080-exec-6] c.s.s.faculty.FacultyServiceImpl : 开始获取学院 戏剧与表演研究 (ID: 501) 的专业列表
2026-01-12 17:48:03.441 INFO  [http-nio-8080-exec-6] c.s.s.faculty.FacultyServiceImpl : 学院 戏剧与表演研究 有 0 个专业
2026-01-12 17:48:03.441 INFO  [http-nio-8080-exec-6] c.s.s.faculty.FacultyServiceImpl : 开始获取学院 战略传播学院 (ID: 502) 的专业列表
2026-01-12 17:48:03.441 INFO  [http-nio-8080-exec-6] c.s.s.faculty.FacultyServiceImpl : 学院 战略传播学院 有 0 个专业
2026-01-12 17:48:03.441 INFO  [http-nio-8080-exec-6] c.s.s.faculty.FacultyServiceImpl : 开始获取学院 社会学 (ID: 503) 的专业列表
2026-01-12 17:48:03.442 INFO  [http-nio-8080-exec-6] c.s.s.faculty.FacultyServiceImpl : 学院 社会学 有 0 个专业
2026-01-12 17:48:03.442 INFO  [http-nio-8080-exec-6] c.s.s.faculty.FacultyServiceImpl : 开始获取学院 管理与文化学院 (ID: 504) 的专业列表
2026-01-12 17:48:03.442 INFO  [http-nio-8080-exec-6] c.s.s.faculty.FacultyServiceImpl : 学院 管理与文化学院 有 0 个专业
2026-01-12 17:48:03.442 INFO  [http-nio-8080-exec-6] c.s.s.faculty.FacultyServiceImpl : 开始获取学院 艺术史 (ID: 505) 的专业列表
2026-01-12 17:48:03.443 INFO  [http-nio-8080-exec-6] c.s.s.faculty.FacultyServiceImpl : 学院 艺术史 有 0 个专业
2026-01-12 17:48:03.443 INFO  [http-nio-8080-exec-6] c.s.s.faculty.FacultyServiceImpl : 开始获取学院 计算机科学 (ID: 506) 的专业列表
2026-01-12 17:48:03.443 INFO  [http-nio-8080-exec-6] c.s.s.faculty.FacultyServiceImpl : 学院 计算机科学 有 0 个专业
2026-01-12 17:48:03.443 INFO  [http-nio-8080-exec-6] c.s.s.faculty.FacultyServiceImpl : 开始获取学院 设计学 (ID: 507) 的专业列表
2026-01-12 17:48:03.444 INFO  [http-nio-8080-exec-6] c.s.s.faculty.FacultyServiceImpl : 学院 设计学 有 0 个专业
2026-01-12 17:48:03.444 INFO  [http-nio-8080-exec-6] c.s.s.faculty.FacultyServiceImpl : 开始获取学院 音乐学 (ID: 508) 的专业列表
2026-01-12 17:48:03.444 INFO  [http-nio-8080-exec-6] c.s.s.faculty.FacultyServiceImpl : 学院 音乐学 有 0 个专业
2026-01-12 17:48:03.444 INFO  [http-nio-8080-exec-6] c.s.s.faculty.FacultyServiceImpl : 开始获取院校ID为 51 的学院列表
2026-01-12 17:48:03.445 INFO  [http-nio-8080-exec-6] c.s.s.faculty.FacultyServiceImpl : 找到 3 个学院
2026-01-12 17:48:03.445 INFO  [http-nio-8080-exec-6] c.s.s.faculty.FacultyServiceImpl : 开始获取学院 亚伯商学院 (ID: 222) 的专业列表
2026-01-12 17:48:03.446 INFO  [http-nio-8080-exec-6] c.s.s.faculty.FacultyServiceImpl : 学院 亚伯商学院 有 0 个专业
2026-01-12 17:48:03.446 INFO  [http-nio-8080-exec-6] c.s.s.faculty.FacultyServiceImpl : 开始获取学院 人文学院 (ID: 223) 的专业列表
2026-01-12 17:48:03.446 INFO  [http-nio-8080-exec-6] c.s.s.faculty.FacultyServiceImpl : 学院 人文学院 有 0 个专业
2026-01-12 17:48:03.446 INFO  [http-nio-8080-exec-6] c.s.s.faculty.FacultyServiceImpl : 开始获取学院 理学院 (ID: 224) 的专业列表
2026-01-12 17:48:03.446 INFO  [http-nio-8080-exec-6] c.s.s.faculty.FacultyServiceImpl : 学院 理学院 有 0 个专业
2026-01-12 17:48:03.446 INFO  [http-nio-8080-exec-6] c.s.s.faculty.FacultyServiceImpl : 开始获取院校ID为 49 的学院列表
2026-01-12 17:48:03.448 INFO  [http-nio-8080-exec-6] c.s.s.faculty.FacultyServiceImpl : 找到 5 个学院
2026-01-12 17:48:03.448 INFO  [http-nio-8080-exec-6] c.s.s.faculty.FacultyServiceImpl : 开始获取学院 创意与文化产业学院 (ID: 214) 的专业列表
2026-01-12 17:48:03.448 INFO  [http-nio-8080-exec-6] c.s.s.faculty.FacultyServiceImpl : 学院 创意与文化产业学院 有 0 个专业
2026-01-12 17:48:03.448 INFO  [http-nio-8080-exec-6] c.s.s.faculty.FacultyServiceImpl : 开始获取学院 创意产业商学院 (ID: 215) 的专业列表
2026-01-12 17:48:03.449 INFO  [http-nio-8080-exec-6] c.s.s.faculty.FacultyServiceImpl : 学院 创意产业商学院 有 0 个专业
2026-01-12 17:48:03.449 INFO  [http-nio-8080-exec-6] c.s.s.faculty.FacultyServiceImpl : 开始获取学院 游戏与创意技术学院 (ID: 216) 的专业列表
2026-01-12 17:48:03.449 INFO  [http-nio-8080-exec-6] c.s.s.faculty.FacultyServiceImpl : 学院 游戏与创意技术学院 有 0 个专业
2026-01-12 17:48:03.449 INFO  [http-nio-8080-exec-6] c.s.s.faculty.FacultyServiceImpl : 开始获取学院 电影、媒体与表演艺术学院 (ID: 217) 的专业列表
2026-01-12 17:48:03.450 INFO  [http-nio-8080-exec-6] c.s.s.faculty.FacultyServiceImpl : 学院 电影、媒体与表演艺术学院 有 0 个专业
2026-01-12 17:48:03.450 INFO  [http-nio-8080-exec-6] c.s.s.faculty.FacultyServiceImpl : 开始获取学院 艺术、建筑与设计学院 (ID: 218) 的专业列表
2026-01-12 17:48:03.450 INFO  [http-nio-8080-exec-6] c.s.s.faculty.FacultyServiceImpl : 学院 艺术、建筑与设计学院 有 0 个专业
2026-01-12 17:48:03.450 INFO  [http-nio-8080-exec-6] c.s.s.faculty.FacultyServiceImpl : 开始获取院校ID为 110 的学院列表
2026-01-12 17:48:03.451 INFO  [http-nio-8080-exec-6] c.s.s.faculty.FacultyServiceImpl : 找到 3 个学院
2026-01-12 17:48:03.451 INFO  [http-nio-8080-exec-6] c.s.s.faculty.FacultyServiceImpl : 开始获取学院 威斯敏斯特商学院 (ID: 698) 的专业列表
2026-01-12 17:48:03.451 INFO  [http-nio-8080-exec-6] c.s.s.faculty.FacultyServiceImpl : 学院 威斯敏斯特商学院 有 0 个专业
2026-01-12 17:48:03.451 INFO  [http-nio-8080-exec-6] c.s.s.faculty.FacultyServiceImpl : 开始获取学院 文理学院 (ID: 699) 的专业列表
2026-01-12 17:48:03.452 INFO  [http-nio-8080-exec-6] c.s.s.faculty.FacultyServiceImpl : 学院 文理学院 有 0 个专业
2026-01-12 17:48:03.452 INFO  [http-nio-8080-exec-6] c.s.s.faculty.FacultyServiceImpl : 开始获取学院 设计、创意和数字产业学院 (ID: 700) 的专业列表
2026-01-12 17:48:03.452 INFO  [http-nio-8080-exec-6] c.s.s.faculty.FacultyServiceImpl : 学院 设计、创意和数字产业学院 有 0 个专业
2026-01-12 17:48:03.452 INFO  [http-nio-8080-exec-6] c.s.s.faculty.FacultyServiceImpl : 开始获取院校ID为 97 的学院列表
2026-01-12 17:48:03.453 INFO  [http-nio-8080-exec-6] c.s.s.faculty.FacultyServiceImpl : 找到 4 个学院
2026-01-12 17:48:03.453 INFO  [http-nio-8080-exec-6] c.s.s.faculty.FacultyServiceImpl : 开始获取学院 健康、心理和社会关怀学院 (ID: 548) 的专业列表
2026-01-12 17:48:03.454 INFO  [http-nio-8080-exec-6] c.s.s.faculty.FacultyServiceImpl : 学院 健康、心理和社会关怀学院 有 0 个专业
2026-01-12 17:48:03.454 INFO  [http-nio-8080-exec-6] c.s.s.faculty.FacultyServiceImpl : 开始获取学院 商法、法律和社会科学学院 (ID: 549) 的专业列表
2026-01-12 17:48:03.454 INFO  [http-nio-8080-exec-6] c.s.s.faculty.FacultyServiceImpl : 学院 商法、法律和社会科学学院 有 0 个专业
2026-01-12 17:48:03.454 INFO  [http-nio-8080-exec-6] c.s.s.faculty.FacultyServiceImpl : 开始获取学院 科学与工程学院 (ID: 550) 的专业列表
2026-01-12 17:48:03.455 INFO  [http-nio-8080-exec-6] c.s.s.faculty.FacultyServiceImpl : 学院 科学与工程学院 有 0 个专业
2026-01-12 17:48:03.455 INFO  [http-nio-8080-exec-6] c.s.s.faculty.FacultyServiceImpl : 开始获取学院 艺术、人文和教育学院 (ID: 551) 的专业列表
2026-01-12 17:48:03.455 INFO  [http-nio-8080-exec-6] c.s.s.faculty.FacultyServiceImpl : 学院 艺术、人文和教育学院 有 0 个专业
2026-01-12 17:48:03.632 INFO  [http-nio-8080-exec-3] c.s.s.students.StudentController : 获取用户ID为 47 的学生信息
2026-01-12 17:48:03.632 INFO  [http-nio-8080-exec-3] c.s.s.students.StudentServiceImpl : 获取用户ID为 47 的学生信息
2026-01-12 17:48:03.634 INFO  [http-nio-8080-exec-3] c.s.s.students.StudentServiceImpl : 未找到用户ID为 47 的学生信息
2026-01-12 17:48:03.641 INFO  [http-nio-8080-exec-7] c.s.s.a.ApplicationSchoolController : Received request for applications with userId: 47, studentId: null, country: null
2026-01-12 17:48:03.641 INFO  [http-nio-8080-exec-7] c.s.s.a.ApplicationSchoolServiceImpl : Getting submitted applications for userId: 47, studentId: null, country: null
2026-01-12 17:48:03.641 INFO  [http-nio-8080-exec-7] c.s.s.a.ApplicationSchoolServiceImpl : User view: Querying applications for userId: 47
2026-01-12 17:48:03.647 INFO  [http-nio-8080-exec-7] c.s.s.a.ApplicationSchoolServiceImpl : User view: Found 0 applications for userId: 47
2026-01-12 17:48:03.647 INFO  [http-nio-8080-exec-7] c.s.s.a.ApplicationSchoolController : Found 0 applications
2026-01-12 17:48:03.653 INFO  [http-nio-8080-exec-5] c.s.s.a.ApplicationSchoolController : Received request for applications with userId: 47, studentId: null, country: null
2026-01-12 17:48:03.653 INFO  [http-nio-8080-exec-5] c.s.s.a.ApplicationSchoolServiceImpl : Getting submitted applications for userId: 47, studentId: null, country: null
2026-01-12 17:48:03.653 INFO  [http-nio-8080-exec-5] c.s.s.a.ApplicationSchoolServiceImpl : User view: Querying applications for userId: 47
2026-01-12 17:48:03.654 INFO  [http-nio-8080-exec-5] c.s.s.a.ApplicationSchoolServiceImpl : User view: Found 0 applications for userId: 47
2026-01-12 17:48:03.654 INFO  [http-nio-8080-exec-5] c.s.s.a.ApplicationSchoolController : Found 0 applications
2026-01-12 17:48:37.297 INFO  [http-nio-8080-exec-10] c.s.controller.MatchingController : 匹配请求: region=英国, userId=47, targetSchools=null
2026-01-12 17:48:37.297 INFO  [http-nio-8080-exec-6] c.s.controller.MatchingController : 匹配请求: region=英国, userId=1, targetSchools=null
2026-01-12 17:48:37.319 INFO  [http-nio-8080-exec-10] c.s.s.m.MatchingAlgorithmManager : 根据请求 (Region: 英国, TargetSchools: null) 匹配到 64 个算法策略
2026-01-12 17:48:37.319 INFO  [http-nio-8080-exec-6] c.s.s.m.MatchingAlgorithmManager : 根据请求 (Region: 英国, TargetSchools: null) 匹配到 64 个算法策略
2026-01-12 17:48:59.928 INFO  [http-nio-8080-exec-3] c.s.controller.MatchingController : 匹配请求: region=英国, userId=1, targetSchools=null
2026-01-12 17:48:59.928 INFO  [http-nio-8080-exec-1] c.s.controller.MatchingController : 匹配请求: region=英国, userId=47, targetSchools=null
2026-01-12 17:48:59.935 INFO  [http-nio-8080-exec-1] c.s.s.m.MatchingAlgorithmManager : 根据请求 (Region: 英国, TargetSchools: null) 匹配到 64 个算法策略
2026-01-12 17:48:59.935 INFO  [http-nio-8080-exec-3] c.s.s.m.MatchingAlgorithmManager : 根据请求 (Region: 英国, TargetSchools: null) 匹配到 64 个算法策略
2026-01-12 18:17:08.798 WARN  [http-nio-8080-exec-1] c.study.service.user.UserServiceImpl : 用户session为null
2026-01-12 18:17:09.133 INFO  [http-nio-8080-exec-9] c.s.service.login.LoginController : 记录来源页面：/login | SessionID：E0EE577E8FF6364EF3BC8BEADC91D371
2026-01-12 18:47:41.039 INFO  [SpringApplicationShutdownHook] o.s.b.w.e.tomcat.GracefulShutdown : Commencing graceful shutdown. Waiting for active requests to complete
2026-01-12 18:47:41.176 INFO  [tomcat-shutdown] o.s.b.w.e.tomcat.GracefulShutdown : Graceful shutdown complete
2026-01-12 18:47:41.255 INFO  [SpringApplicationShutdownHook] o.s.o.j.LocalContainerEntityManagerFactoryBean : Closing JPA EntityManagerFactory for persistence unit 'default'
2026-01-12 18:47:41.346 INFO  [SpringApplicationShutdownHook] com.zaxxer.hikari.HikariDataSource : HikariPool-1 - Shutdown initiated...
2026-01-12 18:47:41.350 INFO  [SpringApplicationShutdownHook] com.zaxxer.hikari.HikariDataSource : HikariPool-1 - Shutdown completed.
